#
# There is insufficient memory for the Java Runtime Environment to continue.
# Native memory allocation (malloc) failed to allocate 1901520 bytes. Error detail: Chunk::new
# Possible reasons:
#   The system is out of physical RAM or swap space
#   This process is running with CompressedOops enabled, and the Java Heap may be blocking the growth of the native heap
# Possible solutions:
#   Reduce memory load on the system
#   Increase physical memory or swap space
#   Check if swap backing store is full
#   Decrease Java heap size (-Xmx/-Xms)
#   Decrease number of Java threads
#   Decrease Java thread stack sizes (-Xss)
#   Set larger code cache with -XX:ReservedCodeCacheSize=
#   JVM is running with Unscaled Compressed Oops mode in which the Java heap is
#     placed in the first 4GB address space. The Java Heap base address is the
#     maximum limit for the native heap growth. Please use -XX:HeapBaseMinAddress
#     to set the Java Heap base and to place the Java Heap above 4GB virtual address.
# This output file may be truncated or incomplete.
#
#  Out of Memory Error (arena.cpp:168), pid=19960, tid=30896
#
# JRE version: OpenJDK Runtime Environment Temurin-21.0.11+10 (21.0.11+10) (build 21.0.11+10-LTS)
# Java VM: OpenJDK 64-Bit Server VM Temurin-21.0.11+10 (21.0.11+10-LTS, mixed mode, sharing, tiered, compressed oops, compressed class ptrs, g1 gc, windows-amd64)
# No core dump will be written. Minidumps are not enabled by default on client versions of Windows
#

---------------  S U M M A R Y ------------

Command Line: --add-opens=java.base/java.util=ALL-UNNAMED --add-opens=java.base/java.lang=ALL-UNNAMED --add-opens=java.base/java.lang.invoke=ALL-UNNAMED --add-opens=java.prefs/java.util.prefs=ALL-UNNAMED --add-exports=jdk.compiler/com.sun.tools.javac.api=ALL-UNNAMED --add-exports=jdk.compiler/com.sun.tools.javac.util=ALL-UNNAMED --add-opens=java.base/java.nio.charset=ALL-UNNAMED --add-opens=java.base/java.net=ALL-UNNAMED --add-opens=java.base/java.util.concurrent.atomic=ALL-UNNAMED -XX:MaxMetaspaceSize=384m -XX:+HeapDumpOnOutOfMemoryError -Xms256m -Xmx512m -Dfile.encoding=utf8 -Duser.country=IN -Duser.language=en -Duser.variant -javaagent:C:\Users\Anshika\.gradle\wrapper\dists\gradle-8.9-bin\90cnw93cvbtalezasaz0blq0a\gradle-8.9\lib\agents\gradle-instrumentation-agent-8.9.jar org.gradle.launcher.daemon.bootstrap.GradleDaemon 8.9

Host: AMD Ryzen 7 7840HS w/ Radeon 780M Graphics     , 16 cores, 15G,  Windows 11 , 64 bit Build 26100 (10.0.26100.8521)
Time: Sat Jun 27 01:00:36 2026 India Standard Time elapsed time: 632.369439 seconds (0d 0h 10m 32s)

---------------  T H R E A D  ---------------

Current thread (0x000001a61d900d90):  JavaThread "C2 CompilerThread0" daemon [_thread_in_native, id=30896, stack(0x00000088e5a00000,0x00000088e5b00000) (1024K)]


Current CompileTask:
C2:632369 14044       4       org.gradle.internal.operations.DefaultBuildOperationRunner::execute (147 bytes)

Stack: [0x00000088e5a00000,0x00000088e5b00000]
Native frames: (J=compiled Java code, j=interpreted, Vv=VM code, C=native code)
V  [jvm.dll+0x6d7e19]
V  [jvm.dll+0x8b5096]
V  [jvm.dll+0x8b764e]
V  [jvm.dll+0x8b7d33]
V  [jvm.dll+0x284596]
V  [jvm.dll+0xc685d]
V  [jvm.dll+0xc6da1]
V  [jvm.dll+0x3bed6b]
V  [jvm.dll+0x38b2b2]
V  [jvm.dll+0x38a6fa]
V  [jvm.dll+0x24c700]
V  [jvm.dll+0x24bce0]
V  [jvm.dll+0x1cb4ae]
V  [jvm.dll+0x25baad]
V  [jvm.dll+0x25a03a]
V  [jvm.dll+0x3f868e]
V  [jvm.dll+0x85fb0d]
V  [jvm.dll+0x6d664d]
C  [ucrtbase.dll+0x2cd30]
C  [KERNEL32.DLL+0x2e957]
C  [ntdll.dll+0x87c1c]


---------------  P R O C E S S  ---------------

Threads class SMR info:
_java_thread_list=0x000001a63c1f7340, length=91, elements={
0x000001a607491c30, 0x000001a61d8f5f20, 0x000001a61d8f74f0, 0x000001a61d8fb0c0,
0x000001a61d8fbed0, 0x000001a61d8fd4a0, 0x000001a61d8ff080, 0x000001a61d900d90,
0x000001a61d904dc0, 0x000001a61dad7e10, 0x000001a61db57970, 0x000001a638859e40,
0x000001a638abc420, 0x000001a6370f8230, 0x000001a61da88c50, 0x000001a63728f1f0,
0x000001a638ae97e0, 0x000001a638aea500, 0x000001a638aeab90, 0x000001a638ae8430,
0x000001a638ae8ac0, 0x000001a638aec5d0, 0x000001a638aecc60, 0x000001a638aee6a0,
0x000001a638aeed30, 0x000001a63a09bcc0, 0x000001a63c3d3cf0, 0x000001a63c3d50a0,
0x000001a63c3d4a10, 0x000001a63e01ffb0, 0x000001a63e020640, 0x000001a63e021360,
0x000001a63e022080, 0x000001a63e01c4a0, 0x000001a63728f880, 0x000001a63728ff10,
0x000001a63728eb60, 0x000001a638e94440, 0x000001a638e957f0, 0x000001a638e96ba0,
0x000001a638e95e80, 0x000001a638e97230, 0x000001a638e94ad0, 0x000001a638e93db0,
0x000001a638e978c0, 0x000001a638e97f50, 0x000001a638e95160, 0x000001a638e9a6b0,
0x000001a638e9a020, 0x000001a638e99300, 0x000001a638e99990, 0x000001a638e98c70,
0x000001a63c3d01e0, 0x000001a63c3cfb50, 0x000001a63c3d0f00, 0x000001a63c3d1590,
0x000001a63c3d22b0, 0x000001a63c3cf4c0, 0x000001a63c3d2940, 0x000001a63c3d3660,
0x000001a63c3d0870, 0x000001a63c3d2fd0, 0x000001a63c3d4380, 0x000001a63c3d1c20,
0x000001a63c3d5730, 0x000001a63c3d5dc0, 0x000001a63c3d6450, 0x000001a63e01cb30,
0x000001a63e01d1c0, 0x000001a63e01e570, 0x000001a63e01dee0, 0x000001a63e01ec00,
0x000001a63e01f290, 0x000001a63e01be10, 0x000001a63e020cd0, 0x000001a63e022710,
0x000001a63e022da0, 0x000001a63e01f920, 0x000001a63e023430, 0x000001a63a09b630,
0x000001a63a09c9e0, 0x000001a63a099bf0, 0x000001a63a09eab0, 0x000001a63a09e420,
0x000001a63a0a04f0, 0x000001a63a0a0b80, 0x000001a63a09dd90, 0x000001a63a09f140,
0x000001a638aeb8b0, 0x000001a638ae9150, 0x000001a638aed2f0
}

Java Threads: ( => current thread )
  0x000001a607491c30 JavaThread "main"                              [_thread_blocked, id=53040, stack(0x00000088e4c00000,0x00000088e4d00000) (1024K)]
  0x000001a61d8f5f20 JavaThread "Reference Handler"          daemon [_thread_blocked, id=4476, stack(0x00000088e5400000,0x00000088e5500000) (1024K)]
  0x000001a61d8f74f0 JavaThread "Finalizer"                  daemon [_thread_blocked, id=31332, stack(0x00000088e5500000,0x00000088e5600000) (1024K)]
  0x000001a61d8fb0c0 JavaThread "Signal Dispatcher"          daemon [_thread_blocked, id=50752, stack(0x00000088e5600000,0x00000088e5700000) (1024K)]
  0x000001a61d8fbed0 JavaThread "Attach Listener"            daemon [_thread_blocked, id=23584, stack(0x00000088e5700000,0x00000088e5800000) (1024K)]
  0x000001a61d8fd4a0 JavaThread "Service Thread"             daemon [_thread_blocked, id=13104, stack(0x00000088e5800000,0x00000088e5900000) (1024K)]
  0x000001a61d8ff080 JavaThread "Monitor Deflation Thread"   daemon [_thread_blocked, id=51668, stack(0x00000088e5900000,0x00000088e5a00000) (1024K)]
=>0x000001a61d900d90 JavaThread "C2 CompilerThread0"         daemon [_thread_in_native, id=30896, stack(0x00000088e5a00000,0x00000088e5b00000) (1024K)]
  0x000001a61d904dc0 JavaThread "C1 CompilerThread0"         daemon [_thread_blocked, id=37676, stack(0x00000088e5b00000,0x00000088e5c00000) (1024K)]
  0x000001a61dad7e10 JavaThread "Common-Cleaner"             daemon [_thread_blocked, id=50708, stack(0x00000088e5d00000,0x00000088e5e00000) (1024K)]
  0x000001a61db57970 JavaThread "Notification Thread"        daemon [_thread_blocked, id=40064, stack(0x00000088e5e00000,0x00000088e5f00000) (1024K)]
  0x000001a638859e40 JavaThread "Daemon health stats"               [_thread_blocked, id=26076, stack(0x00000088e6400000,0x00000088e6500000) (1024K)]
  0x000001a638abc420 JavaThread "Incoming local TCP Connector on port 53100"        [_thread_in_native, id=18140, stack(0x00000088e6500000,0x00000088e6600000) (1024K)]
  0x000001a6370f8230 JavaThread "Daemon periodic checks"            [_thread_blocked, id=53260, stack(0x00000088e6600000,0x00000088e6700000) (1024K)]
  0x000001a61da88c50 JavaThread "Daemon"                            [_thread_blocked, id=49444, stack(0x00000088e6700000,0x00000088e6800000) (1024K)]
  0x000001a63728f1f0 JavaThread "Daemon worker"                     [_thread_in_Java, id=23568, stack(0x00000088e7100000,0x00000088e7200000) (1024K)]
  0x000001a638ae97e0 JavaThread "Cache worker for journal cache (C:\Users\Anshika\.gradle\caches\journal-1)"        [_thread_blocked, id=9144, stack(0x00000088e7500000,0x00000088e7600000) (1024K)]
  0x000001a638aea500 JavaThread "File lock request listener"        [_thread_in_native, id=48676, stack(0x00000088e7600000,0x00000088e7700000) (1024K)]
  0x000001a638aeab90 JavaThread "Cache worker for file hash cache (C:\Users\Anshika\.gradle\caches\8.9\fileHashes)"        [_thread_blocked, id=16032, stack(0x00000088e7800000,0x00000088e7900000) (1024K)]
  0x000001a638ae8430 JavaThread "File lock release action executor Thread 2"        [_thread_blocked, id=3768, stack(0x00000088e4900000,0x00000088e4a00000) (1024K)]
  0x000001a638ae8ac0 JavaThread "File watcher server"        daemon [_thread_in_native, id=4652, stack(0x00000088e7a00000,0x00000088e7b00000) (1024K)]
  0x000001a638aec5d0 JavaThread "File watcher consumer"      daemon [_thread_blocked, id=48884, stack(0x00000088e7b00000,0x00000088e7c00000) (1024K)]
  0x000001a638aecc60 JavaThread "Cache worker for file content cache (C:\Users\Anshika\.gradle\caches\8.9\fileContent)"        [_thread_blocked, id=38624, stack(0x00000088e7d00000,0x00000088e7e00000) (1024K)]
  0x000001a638aee6a0 JavaThread "jar transforms"                    [_thread_blocked, id=49604, stack(0x00000088e5c00000,0x00000088e5d00000) (1024K)]
  0x000001a638aeed30 JavaThread "jar transforms Thread 2"           [_thread_blocked, id=16772, stack(0x00000088e8000000,0x00000088e8100000) (1024K)]
  0x000001a63a09bcc0 JavaThread "Memory manager"                    [_thread_blocked, id=51880, stack(0x00000088eb100000,0x00000088eb200000) (1024K)]
  0x000001a63c3d3cf0 JavaThread "jar transforms Thread 3"           [_thread_blocked, id=22588, stack(0x00000088e8400000,0x00000088e8500000) (1024K)]
  0x000001a63c3d50a0 JavaThread "jar transforms Thread 4"           [_thread_blocked, id=48720, stack(0x00000088e8500000,0x00000088e8600000) (1024K)]
  0x000001a63c3d4a10 JavaThread "jar transforms Thread 5"           [_thread_blocked, id=25652, stack(0x00000088e8600000,0x00000088e8700000) (1024K)]
  0x000001a63e01ffb0 JavaThread "jar transforms Thread 6"           [_thread_blocked, id=46348, stack(0x00000088e8200000,0x00000088e8300000) (1024K)]
  0x000001a63e020640 JavaThread "jar transforms Thread 7"           [_thread_blocked, id=46952, stack(0x00000088e8300000,0x00000088e8400000) (1024K)]
  0x000001a63e021360 JavaThread "jar transforms Thread 8"           [_thread_blocked, id=23284, stack(0x00000088e8800000,0x00000088e8900000) (1024K)]
  0x000001a63e022080 JavaThread "jar transforms Thread 9"           [_thread_blocked, id=50920, stack(0x00000088e8900000,0x00000088e8a00000) (1024K)]
  0x000001a63e01c4a0 JavaThread "jar transforms Thread 10"          [_thread_blocked, id=33312, stack(0x00000088e6900000,0x00000088e6a00000) (1024K)]
  0x000001a63728f880 JavaThread "jar transforms Thread 11"          [_thread_blocked, id=54720, stack(0x00000088e7200000,0x00000088e7300000) (1024K)]
  0x000001a63728ff10 JavaThread "VFS cleanup Thread 2"              [_thread_blocked, id=51020, stack(0x00000088e7300000,0x00000088e7400000) (1024K)]
  0x000001a63728eb60 JavaThread "Handler for socket connection from /127.0.0.1:53100 to /127.0.0.1:50570"        [_thread_in_native, id=29152, stack(0x00000088e6800000,0x00000088e6900000) (1024K)]
  0x000001a638e94440 JavaThread "Cancel handler"                    [_thread_blocked, id=48936, stack(0x00000088e7400000,0x00000088e7500000) (1024K)]
  0x000001a638e957f0 JavaThread "Asynchronous log dispatcher for DefaultDaemonConnection: socket connection from /127.0.0.1:53100 to /127.0.0.1:50570"        [_thread_blocked, id=1696, stack(0x00000088e7700000,0x00000088e7800000) (1024K)]
  0x000001a638e96ba0 JavaThread "Stdin handler"                     [_thread_blocked, id=41752, stack(0x00000088e7900000,0x00000088e7a00000) (1024K)]
  0x000001a638e95e80 JavaThread "Daemon client event forwarder"        [_thread_blocked, id=50652, stack(0x00000088e7c00000,0x00000088e7d00000) (1024K)]
  0x000001a638e97230 JavaThread "Cache worker for file hash cache (C:\Users\Anshika\Documents\Pull-Up\Pull-up\pullup\node_modules\expo-dev-launcher\expo-dev-launcher-gradle-plugin\.gradle\8.9\fileHashes)"        [_thread_blocked, id=8636, stack(0x00000088e7e00000,0x00000088e7f00000) (1024K)]
  0x000001a638e94ad0 JavaThread "Cache worker for Build Output Cleanup Cache (C:\Users\Anshika\Documents\Pull-Up\Pull-up\pullup\node_modules\expo-dev-launcher\expo-dev-launcher-gradle-plugin\.gradle\buildOutputCleanup)"        [_thread_blocked, id=36384, stack(0x00000088e7f00000,0x00000088e8000000) (1024K)]
  0x000001a638e93db0 JavaThread "Cache worker for checksums cache (C:\Users\Anshika\Documents\Pull-Up\Pull-up\pullup\node_modules\expo-dev-launcher\expo-dev-launcher-gradle-plugin\.gradle\8.9\checksums)"        [_thread_blocked, id=42880, stack(0x00000088e8100000,0x00000088e8200000) (1024K)]
  0x000001a638e978c0 JavaThread "Cache worker for cache directory md-rule (C:\Users\Anshika\.gradle\caches\8.9\md-rule)"        [_thread_blocked, id=26244, stack(0x00000088e8700000,0x00000088e8800000) (1024K)]
  0x000001a638e97f50 JavaThread "Cache worker for cache directory md-supplier (C:\Users\Anshika\.gradle\caches\8.9\md-supplier)"        [_thread_blocked, id=49692, stack(0x00000088e8a00000,0x00000088e8b00000) (1024K)]
  0x000001a638e95160 JavaThread "Unconstrained build operations"        [_thread_blocked, id=15616, stack(0x00000088e8b00000,0x00000088e8c00000) (1024K)]
  0x000001a638e9a6b0 JavaThread "Unconstrained build operations Thread 2"        [_thread_blocked, id=27792, stack(0x00000088e8c00000,0x00000088e8d00000) (1024K)]
  0x000001a638e9a020 JavaThread "Unconstrained build operations Thread 3"        [_thread_blocked, id=32992, stack(0x00000088e8d00000,0x00000088e8e00000) (1024K)]
  0x000001a638e99300 JavaThread "Unconstrained build operations Thread 4"        [_thread_blocked, id=6496, stack(0x00000088e8e00000,0x00000088e8f00000) (1024K)]
  0x000001a638e99990 JavaThread "Unconstrained build operations Thread 5"        [_thread_blocked, id=30956, stack(0x00000088e8f00000,0x00000088e9000000) (1024K)]
  0x000001a638e98c70 JavaThread "Unconstrained build operations Thread 6"        [_thread_blocked, id=53336, stack(0x00000088e9000000,0x00000088e9100000) (1024K)]
  0x000001a63c3d01e0 JavaThread "Unconstrained build operations Thread 7"        [_thread_blocked, id=19848, stack(0x00000088e9100000,0x00000088e9200000) (1024K)]
  0x000001a63c3cfb50 JavaThread "Unconstrained build operations Thread 8"        [_thread_blocked, id=43892, stack(0x00000088e9200000,0x00000088e9300000) (1024K)]
  0x000001a63c3d0f00 JavaThread "Unconstrained build operations Thread 9"        [_thread_blocked, id=17656, stack(0x00000088e9300000,0x00000088e9400000) (1024K)]
  0x000001a63c3d1590 JavaThread "Unconstrained build operations Thread 10"        [_thread_blocked, id=51064, stack(0x00000088e9400000,0x00000088e9500000) (1024K)]
  0x000001a63c3d22b0 JavaThread "Unconstrained build operations Thread 11"        [_thread_blocked, id=15712, stack(0x00000088e9500000,0x00000088e9600000) (1024K)]
  0x000001a63c3cf4c0 JavaThread "Unconstrained build operations Thread 12"        [_thread_blocked, id=39624, stack(0x00000088e9600000,0x00000088e9700000) (1024K)]
  0x000001a63c3d2940 JavaThread "Unconstrained build operations Thread 13"        [_thread_blocked, id=51148, stack(0x00000088e9700000,0x00000088e9800000) (1024K)]
  0x000001a63c3d3660 JavaThread "Unconstrained build operations Thread 14"        [_thread_blocked, id=27692, stack(0x00000088e9800000,0x00000088e9900000) (1024K)]
  0x000001a63c3d0870 JavaThread "Unconstrained build operations Thread 15"        [_thread_blocked, id=32956, stack(0x00000088e9900000,0x00000088e9a00000) (1024K)]
  0x000001a63c3d2fd0 JavaThread "Unconstrained build operations Thread 16"        [_thread_blocked, id=54188, stack(0x00000088e9a00000,0x00000088e9b00000) (1024K)]
  0x000001a63c3d4380 JavaThread "Unconstrained build operations Thread 17"        [_thread_blocked, id=55076, stack(0x00000088e9b00000,0x00000088e9c00000) (1024K)]
  0x000001a63c3d1c20 JavaThread "Unconstrained build operations Thread 18"        [_thread_blocked, id=54524, stack(0x00000088e9c00000,0x00000088e9d00000) (1024K)]
  0x000001a63c3d5730 JavaThread "Unconstrained build operations Thread 19"        [_thread_blocked, id=18848, stack(0x00000088e9d00000,0x00000088e9e00000) (1024K)]
  0x000001a63c3d5dc0 JavaThread "Unconstrained build operations Thread 20"        [_thread_blocked, id=50572, stack(0x00000088e9e00000,0x00000088e9f00000) (1024K)]
  0x000001a63c3d6450 JavaThread "Unconstrained build operations Thread 21"        [_thread_blocked, id=53320, stack(0x00000088e9f00000,0x00000088ea000000) (1024K)]
  0x000001a63e01cb30 JavaThread "Unconstrained build operations Thread 22"        [_thread_blocked, id=7500, stack(0x00000088ea000000,0x00000088ea100000) (1024K)]
  0x000001a63e01d1c0 JavaThread "Unconstrained build operations Thread 23"        [_thread_blocked, id=21152, stack(0x00000088ea100000,0x00000088ea200000) (1024K)]
  0x000001a63e01e570 JavaThread "Unconstrained build operations Thread 24"        [_thread_blocked, id=52724, stack(0x00000088ea200000,0x00000088ea300000) (1024K)]
  0x000001a63e01dee0 JavaThread "Unconstrained build operations Thread 25"        [_thread_blocked, id=19956, stack(0x00000088ea300000,0x00000088ea400000) (1024K)]
  0x000001a63e01ec00 JavaThread "Unconstrained build operations Thread 26"        [_thread_blocked, id=52884, stack(0x00000088ea400000,0x00000088ea500000) (1024K)]
  0x000001a63e01f290 JavaThread "Unconstrained build operations Thread 27"        [_thread_blocked, id=53772, stack(0x00000088ea500000,0x00000088ea600000) (1024K)]
  0x000001a63e01be10 JavaThread "Unconstrained build operations Thread 28"        [_thread_blocked, id=15024, stack(0x00000088ea600000,0x00000088ea700000) (1024K)]
  0x000001a63e020cd0 JavaThread "Unconstrained build operations Thread 29"        [_thread_blocked, id=26816, stack(0x00000088ea700000,0x00000088ea800000) (1024K)]
  0x000001a63e022710 JavaThread "Unconstrained build operations Thread 30"        [_thread_blocked, id=50792, stack(0x00000088ea800000,0x00000088ea900000) (1024K)]
  0x000001a63e022da0 JavaThread "Unconstrained build operations Thread 31"        [_thread_blocked, id=16108, stack(0x00000088ea900000,0x00000088eaa00000) (1024K)]
  0x000001a63e01f920 JavaThread "Unconstrained build operations Thread 32"        [_thread_blocked, id=41656, stack(0x00000088eab00000,0x00000088eac00000) (1024K)]
  0x000001a63e023430 JavaThread "Unconstrained build operations Thread 33"        [_thread_blocked, id=28844, stack(0x00000088eac00000,0x00000088ead00000) (1024K)]
  0x000001a63a09b630 JavaThread "Unconstrained build operations Thread 34"        [_thread_blocked, id=45692, stack(0x00000088ead00000,0x00000088eae00000) (1024K)]
  0x000001a63a09c9e0 JavaThread "Unconstrained build operations Thread 35"        [_thread_blocked, id=41084, stack(0x00000088eae00000,0x00000088eaf00000) (1024K)]
  0x000001a63a099bf0 JavaThread "Unconstrained build operations Thread 36"        [_thread_blocked, id=43472, stack(0x00000088eaf00000,0x00000088eb000000) (1024K)]
  0x000001a63a09eab0 JavaThread "Unconstrained build operations Thread 37"        [_thread_blocked, id=18780, stack(0x00000088eb000000,0x00000088eb100000) (1024K)]
  0x000001a63a09e420 JavaThread "Unconstrained build operations Thread 38"        [_thread_blocked, id=55000, stack(0x00000088eb200000,0x00000088eb300000) (1024K)]
  0x000001a63a0a04f0 JavaThread "Unconstrained build operations Thread 39"        [_thread_blocked, id=53892, stack(0x00000088eb300000,0x00000088eb400000) (1024K)]
  0x000001a63a0a0b80 JavaThread "Unconstrained build operations Thread 40"        [_thread_blocked, id=37364, stack(0x00000088eb400000,0x00000088eb500000) (1024K)]
  0x000001a63a09dd90 JavaThread "Unconstrained build operations Thread 41"        [_thread_blocked, id=6900, stack(0x00000088eb500000,0x00000088eb600000) (1024K)]
  0x000001a63a09f140 JavaThread "Unconstrained build operations Thread 42"        [_thread_blocked, id=42956, stack(0x00000088eb600000,0x00000088eb700000) (1024K)]
  0x000001a638aeb8b0 JavaThread "Unconstrained build operations Thread 43"        [_thread_blocked, id=36816, stack(0x00000088eb700000,0x00000088eb800000) (1024K)]
  0x000001a638ae9150 JavaThread "Unconstrained build operations Thread 44"        [_thread_blocked, id=8576, stack(0x00000088eb800000,0x00000088eb900000) (1024K)]
  0x000001a638aed2f0 JavaThread "Unconstrained build operations Thread 45"        [_thread_blocked, id=36788, stack(0x00000088eb900000,0x00000088eba00000) (1024K)]
Total: 91

Other Threads:
  0x000001a61d8ce260 VMThread "VM Thread"                           [id=53124, stack(0x00000088e5300000,0x00000088e5400000) (1024K)]
  0x000001a61d8c8540 WatcherThread "VM Periodic Task Thread"        [id=1856, stack(0x00000088e5200000,0x00000088e5300000) (1024K)]
  0x000001a6074c0bb0 WorkerThread "GC Thread#0"                     [id=15996, stack(0x00000088e4d00000,0x00000088e4e00000) (1024K)]
  0x000001a6377fe570 WorkerThread "GC Thread#1"                     [id=29080, stack(0x00000088e5f00000,0x00000088e6000000) (1024K)]
  0x000001a6377fe920 WorkerThread "GC Thread#2"                     [id=48224, stack(0x00000088e6000000,0x00000088e6100000) (1024K)]
  0x000001a63718e070 WorkerThread "GC Thread#3"                     [id=54076, stack(0x00000088e6100000,0x00000088e6200000) (1024K)]
  0x000001a6377f00c0 WorkerThread "GC Thread#4"                     [id=15608, stack(0x00000088e6200000,0x00000088e6300000) (1024K)]
  0x000001a6377f0470 WorkerThread "GC Thread#5"                     [id=20236, stack(0x00000088e6300000,0x00000088e6400000) (1024K)]
  0x000001a61d977dc0 WorkerThread "GC Thread#6"                     [id=31152, stack(0x00000088e6a00000,0x00000088e6b00000) (1024K)]
  0x000001a61d976f00 WorkerThread "GC Thread#7"                     [id=54964, stack(0x00000088e6b00000,0x00000088e6c00000) (1024K)]
  0x000001a61d976b50 WorkerThread "GC Thread#8"                     [id=54832, stack(0x00000088e6c00000,0x00000088e6d00000) (1024K)]
  0x000001a61d977660 WorkerThread "GC Thread#9"                     [id=25612, stack(0x00000088e6d00000,0x00000088e6e00000) (1024K)]
  0x000001a61d975180 WorkerThread "GC Thread#10"                    [id=45620, stack(0x00000088e6e00000,0x00000088e6f00000) (1024K)]
  0x000001a61d975530 WorkerThread "GC Thread#11"                    [id=51556, stack(0x00000088e6f00000,0x00000088e7000000) (1024K)]
  0x000001a61d9763f0 WorkerThread "GC Thread#12"                    [id=23104, stack(0x00000088e7000000,0x00000088e7100000) (1024K)]
  0x000001a6074c62c0 ConcurrentGCThread "G1 Main Marker"            [id=53924, stack(0x00000088e4e00000,0x00000088e4f00000) (1024K)]
  0x000001a6074c6ce0 WorkerThread "G1 Conc#0"                       [id=19544, stack(0x00000088e4f00000,0x00000088e5000000) (1024K)]
  0x000001a6371fe070 WorkerThread "G1 Conc#1"                       [id=51508, stack(0x00000088e4a00000,0x00000088e4b00000) (1024K)]
  0x000001a6371fe420 WorkerThread "G1 Conc#2"                       [id=2804, stack(0x00000088e4b00000,0x00000088e4c00000) (1024K)]
  0x000001a60753e6a0 ConcurrentGCThread "G1 Refine#0"               [id=51564, stack(0x00000088e5000000,0x00000088e5100000) (1024K)]
  0x000001a61d791a80 ConcurrentGCThread "G1 Service"                [id=32808, stack(0x00000088e5100000,0x00000088e5200000) (1024K)]
Total: 21

Threads with active compile tasks:
C2 CompilerThread0  632408 14044       4       org.gradle.internal.operations.DefaultBuildOperationRunner::execute (147 bytes)
Total: 1

VM state: not at safepoint (normal execution)

VM Mutex/Monitor currently owned by a thread: None

Heap address: 0x00000000e0000000, size: 512 MB, Compressed Oops mode: 32-bit

CDS archive(s) mapped at: [0x000001a61e000000-0x000001a61eba0000-0x000001a61eba0000), size 12189696, SharedBaseAddress: 0x000001a61e000000, ArchiveRelocationMode: 1.
Compressed class space mapped at: 0x000001a61f000000-0x000001a633000000, reserved size: 335544320
Narrow klass base: 0x000001a61e000000, Narrow klass shift: 0, Narrow klass range: 0x100000000

GC Precious Log:
 CardTable entry size: 512
 Card Set container configuration: InlinePtr #cards 5 size 8 Array Of Cards #cards 12 size 40 Howl #buckets 4 coarsen threshold 1843 Howl Bitmap #cards 512 size 80 coarsen threshold 460 Card regions per heap region 1 cards per card region 2048
 CPUs: 16 total, 16 available
 Memory: 15654M
 Large Page Support: Disabled
 NUMA Support: Disabled
 Compressed Oops: Enabled (32-bit)
 Heap Region Size: 1M
 Heap Min Capacity: 256M
 Heap Initial Capacity: 256M
 Heap Max Capacity: 512M
 Pre-touch: Disabled
 Parallel Workers: 13
 Concurrent Workers: 3
 Concurrent Refinement Workers: 13
 Periodic GC: Disabled

Heap:
 garbage-first heap   total 262144K, used 114047K [0x00000000e0000000, 0x0000000100000000)
  region size 1024K, 26 young (26624K), 11 survivors (11264K)
 Metaspace       used 90551K, committed 92864K, reserved 458752K
  class space    used 12763K, committed 13888K, reserved 327680K

Heap Regions: E=young(eden), S=young(survivor), O=old, HS=humongous(starts), HC=humongous(continues), CS=collection set, F=free, TAMS=top-at-mark-start, PB=parsable bottom
|   0|0x00000000e0000000, 0x00000000e0100000, 0x00000000e0100000|100%|HS|  |TAMS 0x00000000e0000000| PB 0x00000000e0000000| Complete 
|   1|0x00000000e0100000, 0x00000000e0200000, 0x00000000e0200000|100%|HC|  |TAMS 0x00000000e0100000| PB 0x00000000e0100000| Complete 
|   2|0x00000000e0200000, 0x00000000e0300000, 0x00000000e0300000|100%|HC|  |TAMS 0x00000000e0200000| PB 0x00000000e0200000| Complete 
|   3|0x00000000e0300000, 0x00000000e0400000, 0x00000000e0400000|100%|HC|  |TAMS 0x00000000e0300000| PB 0x00000000e0300000| Complete 
|   4|0x00000000e0400000, 0x00000000e0500000, 0x00000000e0500000|100%| O|  |TAMS 0x00000000e0400000| PB 0x00000000e0400000| Untracked 
|   5|0x00000000e0500000, 0x00000000e0600000, 0x00000000e0600000|100%| O|  |TAMS 0x00000000e0500000| PB 0x00000000e0500000| Untracked 
|   6|0x00000000e0600000, 0x00000000e0700000, 0x00000000e0700000|100%| O|  |TAMS 0x00000000e0600000| PB 0x00000000e0600000| Untracked 
|   7|0x00000000e0700000, 0x00000000e0800000, 0x00000000e0800000|100%| O|  |TAMS 0x00000000e0700000| PB 0x00000000e0700000| Untracked 
|   8|0x00000000e0800000, 0x00000000e0900000, 0x00000000e0900000|100%| O|  |TAMS 0x00000000e0800000| PB 0x00000000e0800000| Untracked 
|   9|0x00000000e0900000, 0x00000000e0a00000, 0x00000000e0a00000|100%| O|  |TAMS 0x00000000e0900000| PB 0x00000000e0900000| Untracked 
|  10|0x00000000e0a00000, 0x00000000e0b00000, 0x00000000e0b00000|100%| O|  |TAMS 0x00000000e0a00000| PB 0x00000000e0a00000| Untracked 
|  11|0x00000000e0b00000, 0x00000000e0c00000, 0x00000000e0c00000|100%|HS|  |TAMS 0x00000000e0b00000| PB 0x00000000e0b00000| Complete 
|  12|0x00000000e0c00000, 0x00000000e0d00000, 0x00000000e0d00000|100%| O|  |TAMS 0x00000000e0c00000| PB 0x00000000e0c00000| Untracked 
|  13|0x00000000e0d00000, 0x00000000e0e00000, 0x00000000e0e00000|100%| O|  |TAMS 0x00000000e0d00000| PB 0x00000000e0d00000| Untracked 
|  14|0x00000000e0e00000, 0x00000000e0f00000, 0x00000000e0f00000|100%| O|  |TAMS 0x00000000e0e00000| PB 0x00000000e0e00000| Untracked 
|  15|0x00000000e0f00000, 0x00000000e1000000, 0x00000000e1000000|100%| O|  |TAMS 0x00000000e0f00000| PB 0x00000000e0f00000| Untracked 
|  16|0x00000000e1000000, 0x00000000e1100000, 0x00000000e1100000|100%| O|  |TAMS 0x00000000e1000000| PB 0x00000000e1000000| Untracked 
|  17|0x00000000e1100000, 0x00000000e1200000, 0x00000000e1200000|100%| O|  |TAMS 0x00000000e1100000| PB 0x00000000e1100000| Untracked 
|  18|0x00000000e1200000, 0x00000000e1300000, 0x00000000e1300000|100%| O|  |TAMS 0x00000000e1200000| PB 0x00000000e1200000| Untracked 
|  19|0x00000000e1300000, 0x00000000e1400000, 0x00000000e1400000|100%| O|  |TAMS 0x00000000e1300000| PB 0x00000000e1300000| Untracked 
|  20|0x00000000e1400000, 0x00000000e1500000, 0x00000000e1500000|100%| O|  |TAMS 0x00000000e1400000| PB 0x00000000e1400000| Untracked 
|  21|0x00000000e1500000, 0x00000000e1600000, 0x00000000e1600000|100%| O|  |TAMS 0x00000000e1500000| PB 0x00000000e1500000| Untracked 
|  22|0x00000000e1600000, 0x00000000e1700000, 0x00000000e1700000|100%| O|  |TAMS 0x00000000e1600000| PB 0x00000000e1600000| Untracked 
|  23|0x00000000e1700000, 0x00000000e1800000, 0x00000000e1800000|100%| O|  |TAMS 0x00000000e1700000| PB 0x00000000e1700000| Untracked 
|  24|0x00000000e1800000, 0x00000000e1900000, 0x00000000e1900000|100%| O|  |TAMS 0x00000000e1800000| PB 0x00000000e1800000| Untracked 
|  25|0x00000000e1900000, 0x00000000e1a00000, 0x00000000e1a00000|100%| O|  |TAMS 0x00000000e1900000| PB 0x00000000e1900000| Untracked 
|  26|0x00000000e1a00000, 0x00000000e1b00000, 0x00000000e1b00000|100%| O|  |TAMS 0x00000000e1a00000| PB 0x00000000e1a00000| Untracked 
|  27|0x00000000e1b00000, 0x00000000e1c00000, 0x00000000e1c00000|100%| O|  |TAMS 0x00000000e1b00000| PB 0x00000000e1b00000| Untracked 
|  28|0x00000000e1c00000, 0x00000000e1d00000, 0x00000000e1d00000|100%| O|  |TAMS 0x00000000e1c00000| PB 0x00000000e1c00000| Untracked 
|  29|0x00000000e1d00000, 0x00000000e1e00000, 0x00000000e1e00000|100%| O|  |TAMS 0x00000000e1d00000| PB 0x00000000e1d00000| Untracked 
|  30|0x00000000e1e00000, 0x00000000e1f00000, 0x00000000e1f00000|100%| O|  |TAMS 0x00000000e1e00000| PB 0x00000000e1e00000| Untracked 
|  31|0x00000000e1f00000, 0x00000000e2000000, 0x00000000e2000000|100%|HS|  |TAMS 0x00000000e1f00000| PB 0x00000000e1f00000| Complete 
|  32|0x00000000e2000000, 0x00000000e2100000, 0x00000000e2100000|100%|HC|  |TAMS 0x00000000e2000000| PB 0x00000000e2000000| Complete 
|  33|0x00000000e2100000, 0x00000000e2200000, 0x00000000e2200000|100%|HC|  |TAMS 0x00000000e2100000| PB 0x00000000e2100000| Complete 
|  34|0x00000000e2200000, 0x00000000e2300000, 0x00000000e2300000|100%|HS|  |TAMS 0x00000000e2200000| PB 0x00000000e2200000| Complete 
|  35|0x00000000e2300000, 0x00000000e2400000, 0x00000000e2400000|100%|HC|  |TAMS 0x00000000e2300000| PB 0x00000000e2300000| Complete 
|  36|0x00000000e2400000, 0x00000000e2500000, 0x00000000e2500000|100%|HC|  |TAMS 0x00000000e2400000| PB 0x00000000e2400000| Complete 
|  37|0x00000000e2500000, 0x00000000e2600000, 0x00000000e2600000|100%| O|  |TAMS 0x00000000e2500000| PB 0x00000000e2500000| Untracked 
|  38|0x00000000e2600000, 0x00000000e2700000, 0x00000000e2700000|100%| O|  |TAMS 0x00000000e2600000| PB 0x00000000e2600000| Untracked 
|  39|0x00000000e2700000, 0x00000000e2800000, 0x00000000e2800000|100%| O|  |TAMS 0x00000000e2700000| PB 0x00000000e2700000| Untracked 
|  40|0x00000000e2800000, 0x00000000e2900000, 0x00000000e2900000|100%| O|  |TAMS 0x00000000e2800000| PB 0x00000000e2800000| Untracked 
|  41|0x00000000e2900000, 0x00000000e2a00000, 0x00000000e2a00000|100%| O|  |TAMS 0x00000000e2900000| PB 0x00000000e2900000| Untracked 
|  42|0x00000000e2a00000, 0x00000000e2b00000, 0x00000000e2b00000|100%| O|  |TAMS 0x00000000e2a00000| PB 0x00000000e2a00000| Untracked 
|  43|0x00000000e2b00000, 0x00000000e2c00000, 0x00000000e2c00000|100%| O|  |TAMS 0x00000000e2b00000| PB 0x00000000e2b00000| Untracked 
|  44|0x00000000e2c00000, 0x00000000e2d00000, 0x00000000e2d00000|100%| O|  |TAMS 0x00000000e2c00000| PB 0x00000000e2c00000| Untracked 
|  45|0x00000000e2d00000, 0x00000000e2e00000, 0x00000000e2e00000|100%| O|  |TAMS 0x00000000e2d00000| PB 0x00000000e2d00000| Untracked 
|  46|0x00000000e2e00000, 0x00000000e2f00000, 0x00000000e2f00000|100%| O|  |TAMS 0x00000000e2e00000| PB 0x00000000e2e00000| Untracked 
|  47|0x00000000e2f00000, 0x00000000e3000000, 0x00000000e3000000|100%| O|  |TAMS 0x00000000e2f00000| PB 0x00000000e2f00000| Untracked 
|  48|0x00000000e3000000, 0x00000000e3100000, 0x00000000e3100000|100%| O|  |TAMS 0x00000000e3000000| PB 0x00000000e3000000| Untracked 
|  49|0x00000000e3100000, 0x00000000e3200000, 0x00000000e3200000|100%| O|  |TAMS 0x00000000e3100000| PB 0x00000000e3100000| Untracked 
|  50|0x00000000e3200000, 0x00000000e3300000, 0x00000000e3300000|100%| O|  |TAMS 0x00000000e3200000| PB 0x00000000e3200000| Untracked 
|  51|0x00000000e3300000, 0x00000000e3400000, 0x00000000e3400000|100%| O|  |TAMS 0x00000000e3300000| PB 0x00000000e3300000| Untracked 
|  52|0x00000000e3400000, 0x00000000e3500000, 0x00000000e3500000|100%| O|  |TAMS 0x00000000e3400000| PB 0x00000000e3400000| Untracked 
|  53|0x00000000e3500000, 0x00000000e3600000, 0x00000000e3600000|100%| O|  |TAMS 0x00000000e3500000| PB 0x00000000e3500000| Untracked 
|  54|0x00000000e3600000, 0x00000000e3700000, 0x00000000e3700000|100%| O|  |TAMS 0x00000000e3600000| PB 0x00000000e3600000| Untracked 
|  55|0x00000000e3700000, 0x00000000e3800000, 0x00000000e3800000|100%| O|  |TAMS 0x00000000e3700000| PB 0x00000000e3700000| Untracked 
|  56|0x00000000e3800000, 0x00000000e3900000, 0x00000000e3900000|100%| O|  |TAMS 0x00000000e3800000| PB 0x00000000e3800000| Untracked 
|  57|0x00000000e3900000, 0x00000000e3a00000, 0x00000000e3a00000|100%|HS|  |TAMS 0x00000000e3900000| PB 0x00000000e3900000| Complete 
|  58|0x00000000e3a00000, 0x00000000e3b00000, 0x00000000e3b00000|100%|HS|  |TAMS 0x00000000e3a00000| PB 0x00000000e3a00000| Complete 
|  59|0x00000000e3b00000, 0x00000000e3c00000, 0x00000000e3c00000|100%|HS|  |TAMS 0x00000000e3b00000| PB 0x00000000e3b00000| Complete 
|  60|0x00000000e3c00000, 0x00000000e3d00000, 0x00000000e3d00000|100%|HS|  |TAMS 0x00000000e3c00000| PB 0x00000000e3c00000| Complete 
|  61|0x00000000e3d00000, 0x00000000e3e00000, 0x00000000e3e00000|100%|HS|  |TAMS 0x00000000e3d00000| PB 0x00000000e3d00000| Complete 
|  62|0x00000000e3e00000, 0x00000000e3f00000, 0x00000000e3f00000|100%|HS|  |TAMS 0x00000000e3e00000| PB 0x00000000e3e00000| Complete 
|  63|0x00000000e3f00000, 0x00000000e4000000, 0x00000000e4000000|100%| O|  |TAMS 0x00000000e3f00000| PB 0x00000000e3f00000| Untracked 
|  64|0x00000000e4000000, 0x00000000e4100000, 0x00000000e4100000|100%| O|  |TAMS 0x00000000e4000000| PB 0x00000000e4000000| Untracked 
|  65|0x00000000e4100000, 0x00000000e4200000, 0x00000000e4200000|100%| O|  |TAMS 0x00000000e4100000| PB 0x00000000e4100000| Untracked 
|  66|0x00000000e4200000, 0x00000000e4300000, 0x00000000e4300000|100%| O|  |TAMS 0x00000000e4200000| PB 0x00000000e4200000| Untracked 
|  67|0x00000000e4300000, 0x00000000e4400000, 0x00000000e4400000|100%| O|  |TAMS 0x00000000e4300000| PB 0x00000000e4300000| Untracked 
|  68|0x00000000e4400000, 0x00000000e4500000, 0x00000000e4500000|100%| O|  |TAMS 0x00000000e4400000| PB 0x00000000e4400000| Untracked 
|  69|0x00000000e4500000, 0x00000000e4600000, 0x00000000e4600000|100%| O|  |TAMS 0x00000000e4500000| PB 0x00000000e4500000| Untracked 
|  70|0x00000000e4600000, 0x00000000e4700000, 0x00000000e4700000|100%| O|  |TAMS 0x00000000e4600000| PB 0x00000000e4600000| Untracked 
|  71|0x00000000e4700000, 0x00000000e4800000, 0x00000000e4800000|100%| O|  |TAMS 0x00000000e4700000| PB 0x00000000e4700000| Untracked 
|  72|0x00000000e4800000, 0x00000000e4800000, 0x00000000e4900000|  0%| F|  |TAMS 0x00000000e4800000| PB 0x00000000e4800000| Untracked 
|  73|0x00000000e4900000, 0x00000000e4900000, 0x00000000e4a00000|  0%| F|  |TAMS 0x00000000e4900000| PB 0x00000000e4900000| Untracked 
|  74|0x00000000e4a00000, 0x00000000e4a00000, 0x00000000e4b00000|  0%| F|  |TAMS 0x00000000e4a00000| PB 0x00000000e4a00000| Untracked 
|  75|0x00000000e4b00000, 0x00000000e4b00000, 0x00000000e4c00000|  0%| F|  |TAMS 0x00000000e4b00000| PB 0x00000000e4b00000| Untracked 
|  76|0x00000000e4c00000, 0x00000000e4d00000, 0x00000000e4d00000|100%|HS|  |TAMS 0x00000000e4c00000| PB 0x00000000e4c00000| Complete 
|  77|0x00000000e4d00000, 0x00000000e4e00000, 0x00000000e4e00000|100%| O|  |TAMS 0x00000000e4d00000| PB 0x00000000e4d00000| Untracked 
|  78|0x00000000e4e00000, 0x00000000e4f00000, 0x00000000e4f00000|100%| O|  |TAMS 0x00000000e4e00000| PB 0x00000000e4e00000| Untracked 
|  79|0x00000000e4f00000, 0x00000000e5000000, 0x00000000e5000000|100%| O|  |TAMS 0x00000000e4f00000| PB 0x00000000e4f00000| Untracked 
|  80|0x00000000e5000000, 0x00000000e5100000, 0x00000000e5100000|100%| O|  |TAMS 0x00000000e5000000| PB 0x00000000e5000000| Untracked 
|  81|0x00000000e5100000, 0x00000000e5200000, 0x00000000e5200000|100%| O|  |TAMS 0x00000000e5100000| PB 0x00000000e5100000| Untracked 
|  82|0x00000000e5200000, 0x00000000e5300000, 0x00000000e5300000|100%| O|  |TAMS 0x00000000e5200000| PB 0x00000000e5200000| Untracked 
|  83|0x00000000e5300000, 0x00000000e5400000, 0x00000000e5400000|100%| O|  |TAMS 0x00000000e5300000| PB 0x00000000e5300000| Untracked 
|  84|0x00000000e5400000, 0x00000000e5500000, 0x00000000e5500000|100%| O|  |TAMS 0x00000000e5400000| PB 0x00000000e5400000| Untracked 
|  85|0x00000000e5500000, 0x00000000e5600000, 0x00000000e5600000|100%| O|  |TAMS 0x00000000e5500000| PB 0x00000000e5500000| Untracked 
|  86|0x00000000e5600000, 0x00000000e5700000, 0x00000000e5700000|100%| O|  |TAMS 0x00000000e5600000| PB 0x00000000e5600000| Untracked 
|  87|0x00000000e5700000, 0x00000000e5700000, 0x00000000e5800000|  0%| F|  |TAMS 0x00000000e5700000| PB 0x00000000e5700000| Untracked 
|  88|0x00000000e5800000, 0x00000000e5800000, 0x00000000e5900000|  0%| F|  |TAMS 0x00000000e5800000| PB 0x00000000e5800000| Untracked 
|  89|0x00000000e5900000, 0x00000000e5900000, 0x00000000e5a00000|  0%| F|  |TAMS 0x00000000e5900000| PB 0x00000000e5900000| Untracked 
|  90|0x00000000e5a00000, 0x00000000e5a00000, 0x00000000e5b00000|  0%| F|  |TAMS 0x00000000e5a00000| PB 0x00000000e5a00000| Untracked 
|  91|0x00000000e5b00000, 0x00000000e5b00000, 0x00000000e5c00000|  0%| F|  |TAMS 0x00000000e5b00000| PB 0x00000000e5b00000| Untracked 
|  92|0x00000000e5c00000, 0x00000000e5c00000, 0x00000000e5d00000|  0%| F|  |TAMS 0x00000000e5c00000| PB 0x00000000e5c00000| Untracked 
|  93|0x00000000e5d00000, 0x00000000e5e00000, 0x00000000e5e00000|100%| O|  |TAMS 0x00000000e5d00000| PB 0x00000000e5d00000| Untracked 
|  94|0x00000000e5e00000, 0x00000000e5f00000, 0x00000000e5f00000|100%| O|  |TAMS 0x00000000e5e00000| PB 0x00000000e5e00000| Untracked 
|  95|0x00000000e5f00000, 0x00000000e6000000, 0x00000000e6000000|100%| O|  |TAMS 0x00000000e5f00000| PB 0x00000000e5f00000| Untracked 
|  96|0x00000000e6000000, 0x00000000e6100000, 0x00000000e6100000|100%| O|  |TAMS 0x00000000e6000000| PB 0x00000000e6000000| Untracked 
|  97|0x00000000e6100000, 0x00000000e615ff40, 0x00000000e6200000| 37%| O|  |TAMS 0x00000000e6100000| PB 0x00000000e6100000| Untracked 
|  98|0x00000000e6200000, 0x00000000e6200000, 0x00000000e6300000|  0%| F|  |TAMS 0x00000000e6200000| PB 0x00000000e6200000| Untracked 
|  99|0x00000000e6300000, 0x00000000e6300000, 0x00000000e6400000|  0%| F|  |TAMS 0x00000000e6300000| PB 0x00000000e6300000| Untracked 
| 100|0x00000000e6400000, 0x00000000e6500000, 0x00000000e6500000|100%| S|CS|TAMS 0x00000000e6400000| PB 0x00000000e6400000| Complete 
| 101|0x00000000e6500000, 0x00000000e6600000, 0x00000000e6600000|100%| S|CS|TAMS 0x00000000e6500000| PB 0x00000000e6500000| Complete 
| 102|0x00000000e6600000, 0x00000000e6700000, 0x00000000e6700000|100%| S|CS|TAMS 0x00000000e6600000| PB 0x00000000e6600000| Complete 
| 103|0x00000000e6700000, 0x00000000e6700000, 0x00000000e6800000|  0%| F|  |TAMS 0x00000000e6700000| PB 0x00000000e6700000| Untracked 
| 104|0x00000000e6800000, 0x00000000e6800000, 0x00000000e6900000|  0%| F|  |TAMS 0x00000000e6800000| PB 0x00000000e6800000| Untracked 
| 105|0x00000000e6900000, 0x00000000e6900000, 0x00000000e6a00000|  0%| F|  |TAMS 0x00000000e6900000| PB 0x00000000e6900000| Untracked 
| 106|0x00000000e6a00000, 0x00000000e6a00000, 0x00000000e6b00000|  0%| F|  |TAMS 0x00000000e6a00000| PB 0x00000000e6a00000| Untracked 
| 107|0x00000000e6b00000, 0x00000000e6b00000, 0x00000000e6c00000|  0%| F|  |TAMS 0x00000000e6b00000| PB 0x00000000e6b00000| Untracked 
| 108|0x00000000e6c00000, 0x00000000e6c00000, 0x00000000e6d00000|  0%| F|  |TAMS 0x00000000e6c00000| PB 0x00000000e6c00000| Untracked 
| 109|0x00000000e6d00000, 0x00000000e6d00000, 0x00000000e6e00000|  0%| F|  |TAMS 0x00000000e6d00000| PB 0x00000000e6d00000| Untracked 
| 110|0x00000000e6e00000, 0x00000000e6e00000, 0x00000000e6f00000|  0%| F|  |TAMS 0x00000000e6e00000| PB 0x00000000e6e00000| Untracked 
| 111|0x00000000e6f00000, 0x00000000e6f00000, 0x00000000e7000000|  0%| F|  |TAMS 0x00000000e6f00000| PB 0x00000000e6f00000| Untracked 
| 112|0x00000000e7000000, 0x00000000e7000000, 0x00000000e7100000|  0%| F|  |TAMS 0x00000000e7000000| PB 0x00000000e7000000| Untracked 
| 113|0x00000000e7100000, 0x00000000e7200000, 0x00000000e7200000|100%| S|CS|TAMS 0x00000000e7100000| PB 0x00000000e7100000| Complete 
| 114|0x00000000e7200000, 0x00000000e7300000, 0x00000000e7300000|100%| S|CS|TAMS 0x00000000e7200000| PB 0x00000000e7200000| Complete 
| 115|0x00000000e7300000, 0x00000000e7400000, 0x00000000e7400000|100%| S|CS|TAMS 0x00000000e7300000| PB 0x00000000e7300000| Complete 
| 116|0x00000000e7400000, 0x00000000e7500000, 0x00000000e7500000|100%| S|CS|TAMS 0x00000000e7400000| PB 0x00000000e7400000| Complete 
| 117|0x00000000e7500000, 0x00000000e7600000, 0x00000000e7600000|100%| S|CS|TAMS 0x00000000e7500000| PB 0x00000000e7500000| Complete 
| 118|0x00000000e7600000, 0x00000000e7700000, 0x00000000e7700000|100%| S|CS|TAMS 0x00000000e7600000| PB 0x00000000e7600000| Complete 
| 119|0x00000000e7700000, 0x00000000e7800000, 0x00000000e7800000|100%| S|CS|TAMS 0x00000000e7700000| PB 0x00000000e7700000| Complete 
| 120|0x00000000e7800000, 0x00000000e7900000, 0x00000000e7900000|100%| S|CS|TAMS 0x00000000e7800000| PB 0x00000000e7800000| Complete 
| 121|0x00000000e7900000, 0x00000000e7900000, 0x00000000e7a00000|  0%| F|  |TAMS 0x00000000e7900000| PB 0x00000000e7900000| Untracked 
| 122|0x00000000e7a00000, 0x00000000e7a00000, 0x00000000e7b00000|  0%| F|  |TAMS 0x00000000e7a00000| PB 0x00000000e7a00000| Untracked 
| 123|0x00000000e7b00000, 0x00000000e7b00000, 0x00000000e7c00000|  0%| F|  |TAMS 0x00000000e7b00000| PB 0x00000000e7b00000| Untracked 
| 124|0x00000000e7c00000, 0x00000000e7c00000, 0x00000000e7d00000|  0%| F|  |TAMS 0x00000000e7c00000| PB 0x00000000e7c00000| Untracked 
| 125|0x00000000e7d00000, 0x00000000e7d00000, 0x00000000e7e00000|  0%| F|  |TAMS 0x00000000e7d00000| PB 0x00000000e7d00000| Untracked 
| 126|0x00000000e7e00000, 0x00000000e7e00000, 0x00000000e7f00000|  0%| F|  |TAMS 0x00000000e7e00000| PB 0x00000000e7e00000| Untracked 
| 127|0x00000000e7f00000, 0x00000000e7f00000, 0x00000000e8000000|  0%| F|  |TAMS 0x00000000e7f00000| PB 0x00000000e7f00000| Untracked 
| 128|0x00000000e8000000, 0x00000000e8000000, 0x00000000e8100000|  0%| F|  |TAMS 0x00000000e8000000| PB 0x00000000e8000000| Untracked 
| 129|0x00000000e8100000, 0x00000000e8100000, 0x00000000e8200000|  0%| F|  |TAMS 0x00000000e8100000| PB 0x00000000e8100000| Untracked 
| 130|0x00000000e8200000, 0x00000000e8200000, 0x00000000e8300000|  0%| F|  |TAMS 0x00000000e8200000| PB 0x00000000e8200000| Untracked 
| 131|0x00000000e8300000, 0x00000000e8300000, 0x00000000e8400000|  0%| F|  |TAMS 0x00000000e8300000| PB 0x00000000e8300000| Untracked 
| 132|0x00000000e8400000, 0x00000000e8400000, 0x00000000e8500000|  0%| F|  |TAMS 0x00000000e8400000| PB 0x00000000e8400000| Untracked 
| 133|0x00000000e8500000, 0x00000000e8500000, 0x00000000e8600000|  0%| F|  |TAMS 0x00000000e8500000| PB 0x00000000e8500000| Untracked 
| 134|0x00000000e8600000, 0x00000000e8600000, 0x00000000e8700000|  0%| F|  |TAMS 0x00000000e8600000| PB 0x00000000e8600000| Untracked 
| 135|0x00000000e8700000, 0x00000000e8700000, 0x00000000e8800000|  0%| F|  |TAMS 0x00000000e8700000| PB 0x00000000e8700000| Untracked 
| 136|0x00000000e8800000, 0x00000000e8800000, 0x00000000e8900000|  0%| F|  |TAMS 0x00000000e8800000| PB 0x00000000e8800000| Untracked 
| 137|0x00000000e8900000, 0x00000000e8900000, 0x00000000e8a00000|  0%| F|  |TAMS 0x00000000e8900000| PB 0x00000000e8900000| Untracked 
| 138|0x00000000e8a00000, 0x00000000e8a00000, 0x00000000e8b00000|  0%| F|  |TAMS 0x00000000e8a00000| PB 0x00000000e8a00000| Untracked 
| 139|0x00000000e8b00000, 0x00000000e8b00000, 0x00000000e8c00000|  0%| F|  |TAMS 0x00000000e8b00000| PB 0x00000000e8b00000| Untracked 
| 140|0x00000000e8c00000, 0x00000000e8c00000, 0x00000000e8d00000|  0%| F|  |TAMS 0x00000000e8c00000| PB 0x00000000e8c00000| Untracked 
| 141|0x00000000e8d00000, 0x00000000e8d00000, 0x00000000e8e00000|  0%| F|  |TAMS 0x00000000e8d00000| PB 0x00000000e8d00000| Untracked 
| 142|0x00000000e8e00000, 0x00000000e8e00000, 0x00000000e8f00000|  0%| F|  |TAMS 0x00000000e8e00000| PB 0x00000000e8e00000| Untracked 
| 143|0x00000000e8f00000, 0x00000000e8f00000, 0x00000000e9000000|  0%| F|  |TAMS 0x00000000e8f00000| PB 0x00000000e8f00000| Untracked 
| 144|0x00000000e9000000, 0x00000000e9000000, 0x00000000e9100000|  0%| F|  |TAMS 0x00000000e9000000| PB 0x00000000e9000000| Untracked 
| 145|0x00000000e9100000, 0x00000000e9100000, 0x00000000e9200000|  0%| F|  |TAMS 0x00000000e9100000| PB 0x00000000e9100000| Untracked 
| 146|0x00000000e9200000, 0x00000000e9200000, 0x00000000e9300000|  0%| F|  |TAMS 0x00000000e9200000| PB 0x00000000e9200000| Untracked 
| 147|0x00000000e9300000, 0x00000000e9300000, 0x00000000e9400000|  0%| F|  |TAMS 0x00000000e9300000| PB 0x00000000e9300000| Untracked 
| 148|0x00000000e9400000, 0x00000000e9400000, 0x00000000e9500000|  0%| F|  |TAMS 0x00000000e9400000| PB 0x00000000e9400000| Untracked 
| 149|0x00000000e9500000, 0x00000000e9500000, 0x00000000e9600000|  0%| F|  |TAMS 0x00000000e9500000| PB 0x00000000e9500000| Untracked 
| 150|0x00000000e9600000, 0x00000000e9600000, 0x00000000e9700000|  0%| F|  |TAMS 0x00000000e9600000| PB 0x00000000e9600000| Untracked 
| 151|0x00000000e9700000, 0x00000000e9700000, 0x00000000e9800000|  0%| F|  |TAMS 0x00000000e9700000| PB 0x00000000e9700000| Untracked 
| 152|0x00000000e9800000, 0x00000000e9800000, 0x00000000e9900000|  0%| F|  |TAMS 0x00000000e9800000| PB 0x00000000e9800000| Untracked 
| 153|0x00000000e9900000, 0x00000000e9900000, 0x00000000e9a00000|  0%| F|  |TAMS 0x00000000e9900000| PB 0x00000000e9900000| Untracked 
| 154|0x00000000e9a00000, 0x00000000e9a00000, 0x00000000e9b00000|  0%| F|  |TAMS 0x00000000e9a00000| PB 0x00000000e9a00000| Untracked 
| 155|0x00000000e9b00000, 0x00000000e9b00000, 0x00000000e9c00000|  0%| F|  |TAMS 0x00000000e9b00000| PB 0x00000000e9b00000| Untracked 
| 156|0x00000000e9c00000, 0x00000000e9c00000, 0x00000000e9d00000|  0%| F|  |TAMS 0x00000000e9c00000| PB 0x00000000e9c00000| Untracked 
| 157|0x00000000e9d00000, 0x00000000e9d00000, 0x00000000e9e00000|  0%| F|  |TAMS 0x00000000e9d00000| PB 0x00000000e9d00000| Untracked 
| 158|0x00000000e9e00000, 0x00000000e9e00000, 0x00000000e9f00000|  0%| F|  |TAMS 0x00000000e9e00000| PB 0x00000000e9e00000| Untracked 
| 159|0x00000000e9f00000, 0x00000000e9f00000, 0x00000000ea000000|  0%| F|  |TAMS 0x00000000e9f00000| PB 0x00000000e9f00000| Untracked 
| 160|0x00000000ea000000, 0x00000000ea000000, 0x00000000ea100000|  0%| F|  |TAMS 0x00000000ea000000| PB 0x00000000ea000000| Untracked 
| 161|0x00000000ea100000, 0x00000000ea100000, 0x00000000ea200000|  0%| F|  |TAMS 0x00000000ea100000| PB 0x00000000ea100000| Untracked 
| 162|0x00000000ea200000, 0x00000000ea200000, 0x00000000ea300000|  0%| F|  |TAMS 0x00000000ea200000| PB 0x00000000ea200000| Untracked 
| 163|0x00000000ea300000, 0x00000000ea300000, 0x00000000ea400000|  0%| F|  |TAMS 0x00000000ea300000| PB 0x00000000ea300000| Untracked 
| 164|0x00000000ea400000, 0x00000000ea400000, 0x00000000ea500000|  0%| F|  |TAMS 0x00000000ea400000| PB 0x00000000ea400000| Untracked 
| 165|0x00000000ea500000, 0x00000000ea500000, 0x00000000ea600000|  0%| F|  |TAMS 0x00000000ea500000| PB 0x00000000ea500000| Untracked 
| 166|0x00000000ea600000, 0x00000000ea600000, 0x00000000ea700000|  0%| F|  |TAMS 0x00000000ea600000| PB 0x00000000ea600000| Untracked 
| 167|0x00000000ea700000, 0x00000000ea700000, 0x00000000ea800000|  0%| F|  |TAMS 0x00000000ea700000| PB 0x00000000ea700000| Untracked 
| 168|0x00000000ea800000, 0x00000000ea800000, 0x00000000ea900000|  0%| F|  |TAMS 0x00000000ea800000| PB 0x00000000ea800000| Untracked 
| 169|0x00000000ea900000, 0x00000000ea900000, 0x00000000eaa00000|  0%| F|  |TAMS 0x00000000ea900000| PB 0x00000000ea900000| Untracked 
| 170|0x00000000eaa00000, 0x00000000eaa00000, 0x00000000eab00000|  0%| F|  |TAMS 0x00000000eaa00000| PB 0x00000000eaa00000| Untracked 
| 171|0x00000000eab00000, 0x00000000eab00000, 0x00000000eac00000|  0%| F|  |TAMS 0x00000000eab00000| PB 0x00000000eab00000| Untracked 
| 172|0x00000000eac00000, 0x00000000eac00000, 0x00000000ead00000|  0%| F|  |TAMS 0x00000000eac00000| PB 0x00000000eac00000| Untracked 
| 173|0x00000000ead00000, 0x00000000ead00000, 0x00000000eae00000|  0%| F|  |TAMS 0x00000000ead00000| PB 0x00000000ead00000| Untracked 
| 174|0x00000000eae00000, 0x00000000eae00000, 0x00000000eaf00000|  0%| F|  |TAMS 0x00000000eae00000| PB 0x00000000eae00000| Untracked 
| 175|0x00000000eaf00000, 0x00000000eaf00000, 0x00000000eb000000|  0%| F|  |TAMS 0x00000000eaf00000| PB 0x00000000eaf00000| Untracked 
| 176|0x00000000eb000000, 0x00000000eb000000, 0x00000000eb100000|  0%| F|  |TAMS 0x00000000eb000000| PB 0x00000000eb000000| Untracked 
| 177|0x00000000eb100000, 0x00000000eb100000, 0x00000000eb200000|  0%| F|  |TAMS 0x00000000eb100000| PB 0x00000000eb100000| Untracked 
| 178|0x00000000eb200000, 0x00000000eb200000, 0x00000000eb300000|  0%| F|  |TAMS 0x00000000eb200000| PB 0x00000000eb200000| Untracked 
| 179|0x00000000eb300000, 0x00000000eb300000, 0x00000000eb400000|  0%| F|  |TAMS 0x00000000eb300000| PB 0x00000000eb300000| Untracked 
| 180|0x00000000eb400000, 0x00000000eb400000, 0x00000000eb500000|  0%| F|  |TAMS 0x00000000eb400000| PB 0x00000000eb400000| Untracked 
| 181|0x00000000eb500000, 0x00000000eb500000, 0x00000000eb600000|  0%| F|  |TAMS 0x00000000eb500000| PB 0x00000000eb500000| Untracked 
| 182|0x00000000eb600000, 0x00000000eb600000, 0x00000000eb700000|  0%| F|  |TAMS 0x00000000eb600000| PB 0x00000000eb600000| Untracked 
| 183|0x00000000eb700000, 0x00000000eb700000, 0x00000000eb800000|  0%| F|  |TAMS 0x00000000eb700000| PB 0x00000000eb700000| Untracked 
| 184|0x00000000eb800000, 0x00000000eb800000, 0x00000000eb900000|  0%| F|  |TAMS 0x00000000eb800000| PB 0x00000000eb800000| Untracked 
| 185|0x00000000eb900000, 0x00000000eb900000, 0x00000000eba00000|  0%| F|  |TAMS 0x00000000eb900000| PB 0x00000000eb900000| Untracked 
| 186|0x00000000eba00000, 0x00000000eba00000, 0x00000000ebb00000|  0%| F|  |TAMS 0x00000000eba00000| PB 0x00000000eba00000| Untracked 
| 187|0x00000000ebb00000, 0x00000000ebb00000, 0x00000000ebc00000|  0%| F|  |TAMS 0x00000000ebb00000| PB 0x00000000ebb00000| Untracked 
| 188|0x00000000ebc00000, 0x00000000ebc00000, 0x00000000ebd00000|  0%| F|  |TAMS 0x00000000ebc00000| PB 0x00000000ebc00000| Untracked 
| 189|0x00000000ebd00000, 0x00000000ebd00000, 0x00000000ebe00000|  0%| F|  |TAMS 0x00000000ebd00000| PB 0x00000000ebd00000| Untracked 
| 190|0x00000000ebe00000, 0x00000000ebe00000, 0x00000000ebf00000|  0%| F|  |TAMS 0x00000000ebe00000| PB 0x00000000ebe00000| Untracked 
| 191|0x00000000ebf00000, 0x00000000ebf00000, 0x00000000ec000000|  0%| F|  |TAMS 0x00000000ebf00000| PB 0x00000000ebf00000| Untracked 
| 192|0x00000000ec000000, 0x00000000ec000000, 0x00000000ec100000|  0%| F|  |TAMS 0x00000000ec000000| PB 0x00000000ec000000| Untracked 
| 193|0x00000000ec100000, 0x00000000ec100000, 0x00000000ec200000|  0%| F|  |TAMS 0x00000000ec100000| PB 0x00000000ec100000| Untracked 
| 194|0x00000000ec200000, 0x00000000ec200000, 0x00000000ec300000|  0%| F|  |TAMS 0x00000000ec200000| PB 0x00000000ec200000| Untracked 
| 195|0x00000000ec300000, 0x00000000ec300000, 0x00000000ec400000|  0%| F|  |TAMS 0x00000000ec300000| PB 0x00000000ec300000| Untracked 
| 196|0x00000000ec400000, 0x00000000ec400000, 0x00000000ec500000|  0%| F|  |TAMS 0x00000000ec400000| PB 0x00000000ec400000| Untracked 
| 197|0x00000000ec500000, 0x00000000ec500000, 0x00000000ec600000|  0%| F|  |TAMS 0x00000000ec500000| PB 0x00000000ec500000| Untracked 
| 198|0x00000000ec600000, 0x00000000ec600000, 0x00000000ec700000|  0%| F|  |TAMS 0x00000000ec600000| PB 0x00000000ec600000| Untracked 
| 199|0x00000000ec700000, 0x00000000ec700000, 0x00000000ec800000|  0%| F|  |TAMS 0x00000000ec700000| PB 0x00000000ec700000| Untracked 
| 200|0x00000000ec800000, 0x00000000ec800000, 0x00000000ec900000|  0%| F|  |TAMS 0x00000000ec800000| PB 0x00000000ec800000| Untracked 
| 201|0x00000000ec900000, 0x00000000ec900000, 0x00000000eca00000|  0%| F|  |TAMS 0x00000000ec900000| PB 0x00000000ec900000| Untracked 
| 202|0x00000000eca00000, 0x00000000eca00000, 0x00000000ecb00000|  0%| F|  |TAMS 0x00000000eca00000| PB 0x00000000eca00000| Untracked 
| 203|0x00000000ecb00000, 0x00000000ecb00000, 0x00000000ecc00000|  0%| F|  |TAMS 0x00000000ecb00000| PB 0x00000000ecb00000| Untracked 
| 204|0x00000000ecc00000, 0x00000000ecc00000, 0x00000000ecd00000|  0%| F|  |TAMS 0x00000000ecc00000| PB 0x00000000ecc00000| Untracked 
| 205|0x00000000ecd00000, 0x00000000ecd00000, 0x00000000ece00000|  0%| F|  |TAMS 0x00000000ecd00000| PB 0x00000000ecd00000| Untracked 
| 206|0x00000000ece00000, 0x00000000ece00000, 0x00000000ecf00000|  0%| F|  |TAMS 0x00000000ece00000| PB 0x00000000ece00000| Untracked 
| 207|0x00000000ecf00000, 0x00000000ecf00000, 0x00000000ed000000|  0%| F|  |TAMS 0x00000000ecf00000| PB 0x00000000ecf00000| Untracked 
| 208|0x00000000ed000000, 0x00000000ed000000, 0x00000000ed100000|  0%| F|  |TAMS 0x00000000ed000000| PB 0x00000000ed000000| Untracked 
| 209|0x00000000ed100000, 0x00000000ed100000, 0x00000000ed200000|  0%| F|  |TAMS 0x00000000ed100000| PB 0x00000000ed100000| Untracked 
| 210|0x00000000ed200000, 0x00000000ed200000, 0x00000000ed300000|  0%| F|  |TAMS 0x00000000ed200000| PB 0x00000000ed200000| Untracked 
| 211|0x00000000ed300000, 0x00000000ed300000, 0x00000000ed400000|  0%| F|  |TAMS 0x00000000ed300000| PB 0x00000000ed300000| Untracked 
| 212|0x00000000ed400000, 0x00000000ed400000, 0x00000000ed500000|  0%| F|  |TAMS 0x00000000ed400000| PB 0x00000000ed400000| Untracked 
| 213|0x00000000ed500000, 0x00000000ed500000, 0x00000000ed600000|  0%| F|  |TAMS 0x00000000ed500000| PB 0x00000000ed500000| Untracked 
| 214|0x00000000ed600000, 0x00000000ed600000, 0x00000000ed700000|  0%| F|  |TAMS 0x00000000ed600000| PB 0x00000000ed600000| Untracked 
| 215|0x00000000ed700000, 0x00000000ed700000, 0x00000000ed800000|  0%| F|  |TAMS 0x00000000ed700000| PB 0x00000000ed700000| Untracked 
| 216|0x00000000ed800000, 0x00000000ed800000, 0x00000000ed900000|  0%| F|  |TAMS 0x00000000ed800000| PB 0x00000000ed800000| Untracked 
| 217|0x00000000ed900000, 0x00000000ed900000, 0x00000000eda00000|  0%| F|  |TAMS 0x00000000ed900000| PB 0x00000000ed900000| Untracked 
| 218|0x00000000eda00000, 0x00000000eda00000, 0x00000000edb00000|  0%| F|  |TAMS 0x00000000eda00000| PB 0x00000000eda00000| Untracked 
| 219|0x00000000edb00000, 0x00000000edb00000, 0x00000000edc00000|  0%| F|  |TAMS 0x00000000edb00000| PB 0x00000000edb00000| Untracked 
| 220|0x00000000edc00000, 0x00000000edc00000, 0x00000000edd00000|  0%| F|  |TAMS 0x00000000edc00000| PB 0x00000000edc00000| Untracked 
| 221|0x00000000edd00000, 0x00000000edd00000, 0x00000000ede00000|  0%| F|  |TAMS 0x00000000edd00000| PB 0x00000000edd00000| Untracked 
| 222|0x00000000ede00000, 0x00000000ede00000, 0x00000000edf00000|  0%| F|  |TAMS 0x00000000ede00000| PB 0x00000000ede00000| Untracked 
| 223|0x00000000edf00000, 0x00000000edf00000, 0x00000000ee000000|  0%| F|  |TAMS 0x00000000edf00000| PB 0x00000000edf00000| Untracked 
| 224|0x00000000ee000000, 0x00000000ee000000, 0x00000000ee100000|  0%| F|  |TAMS 0x00000000ee000000| PB 0x00000000ee000000| Untracked 
| 225|0x00000000ee100000, 0x00000000ee100000, 0x00000000ee200000|  0%| F|  |TAMS 0x00000000ee100000| PB 0x00000000ee100000| Untracked 
| 226|0x00000000ee200000, 0x00000000ee200000, 0x00000000ee300000|  0%| F|  |TAMS 0x00000000ee200000| PB 0x00000000ee200000| Untracked 
| 227|0x00000000ee300000, 0x00000000ee300000, 0x00000000ee400000|  0%| F|  |TAMS 0x00000000ee300000| PB 0x00000000ee300000| Untracked 
| 228|0x00000000ee400000, 0x00000000ee400000, 0x00000000ee500000|  0%| F|  |TAMS 0x00000000ee400000| PB 0x00000000ee400000| Untracked 
| 229|0x00000000ee500000, 0x00000000ee500000, 0x00000000ee600000|  0%| F|  |TAMS 0x00000000ee500000| PB 0x00000000ee500000| Untracked 
| 230|0x00000000ee600000, 0x00000000ee600000, 0x00000000ee700000|  0%| F|  |TAMS 0x00000000ee600000| PB 0x00000000ee600000| Untracked 
| 231|0x00000000ee700000, 0x00000000ee700000, 0x00000000ee800000|  0%| F|  |TAMS 0x00000000ee700000| PB 0x00000000ee700000| Untracked 
| 232|0x00000000ee800000, 0x00000000ee800000, 0x00000000ee900000|  0%| F|  |TAMS 0x00000000ee800000| PB 0x00000000ee800000| Untracked 
| 233|0x00000000ee900000, 0x00000000ee900000, 0x00000000eea00000|  0%| F|  |TAMS 0x00000000ee900000| PB 0x00000000ee900000| Untracked 
| 234|0x00000000eea00000, 0x00000000eea00000, 0x00000000eeb00000|  0%| F|  |TAMS 0x00000000eea00000| PB 0x00000000eea00000| Untracked 
| 235|0x00000000eeb00000, 0x00000000eeb00000, 0x00000000eec00000|  0%| F|  |TAMS 0x00000000eeb00000| PB 0x00000000eeb00000| Untracked 
| 236|0x00000000eec00000, 0x00000000eec00000, 0x00000000eed00000|  0%| F|  |TAMS 0x00000000eec00000| PB 0x00000000eec00000| Untracked 
| 237|0x00000000eed00000, 0x00000000eed00000, 0x00000000eee00000|  0%| F|  |TAMS 0x00000000eed00000| PB 0x00000000eed00000| Untracked 
| 238|0x00000000eee00000, 0x00000000eee00000, 0x00000000eef00000|  0%| F|  |TAMS 0x00000000eee00000| PB 0x00000000eee00000| Untracked 
| 239|0x00000000eef00000, 0x00000000eef00000, 0x00000000ef000000|  0%| F|  |TAMS 0x00000000eef00000| PB 0x00000000eef00000| Untracked 
| 240|0x00000000ef000000, 0x00000000ef000000, 0x00000000ef100000|  0%| F|  |TAMS 0x00000000ef000000| PB 0x00000000ef000000| Untracked 
| 241|0x00000000ef100000, 0x00000000ef182060, 0x00000000ef200000| 50%| E|  |TAMS 0x00000000ef100000| PB 0x00000000ef100000| Complete 
| 242|0x00000000ef200000, 0x00000000ef300000, 0x00000000ef300000|100%| E|CS|TAMS 0x00000000ef200000| PB 0x00000000ef200000| Complete 
| 243|0x00000000ef300000, 0x00000000ef400000, 0x00000000ef400000|100%| E|CS|TAMS 0x00000000ef300000| PB 0x00000000ef300000| Complete 
| 244|0x00000000ef400000, 0x00000000ef500000, 0x00000000ef500000|100%| E|CS|TAMS 0x00000000ef400000| PB 0x00000000ef400000| Complete 
| 245|0x00000000ef500000, 0x00000000ef600000, 0x00000000ef600000|100%| E|CS|TAMS 0x00000000ef500000| PB 0x00000000ef500000| Complete 
| 246|0x00000000ef600000, 0x00000000ef700000, 0x00000000ef700000|100%| E|  |TAMS 0x00000000ef600000| PB 0x00000000ef600000| Complete 
| 247|0x00000000ef700000, 0x00000000ef800000, 0x00000000ef800000|100%| E|CS|TAMS 0x00000000ef700000| PB 0x00000000ef700000| Complete 
| 248|0x00000000ef800000, 0x00000000ef900000, 0x00000000ef900000|100%| E|CS|TAMS 0x00000000ef800000| PB 0x00000000ef800000| Complete 
| 249|0x00000000ef900000, 0x00000000efa00000, 0x00000000efa00000|100%| E|CS|TAMS 0x00000000ef900000| PB 0x00000000ef900000| Complete 
| 250|0x00000000efa00000, 0x00000000efb00000, 0x00000000efb00000|100%| E|CS|TAMS 0x00000000efa00000| PB 0x00000000efa00000| Complete 
| 251|0x00000000efb00000, 0x00000000efc00000, 0x00000000efc00000|100%| E|CS|TAMS 0x00000000efb00000| PB 0x00000000efb00000| Complete 
| 252|0x00000000efc00000, 0x00000000efd00000, 0x00000000efd00000|100%| E|CS|TAMS 0x00000000efc00000| PB 0x00000000efc00000| Complete 
| 253|0x00000000efd00000, 0x00000000efe00000, 0x00000000efe00000|100%| E|CS|TAMS 0x00000000efd00000| PB 0x00000000efd00000| Complete 
| 254|0x00000000efe00000, 0x00000000eff00000, 0x00000000eff00000|100%| E|CS|TAMS 0x00000000efe00000| PB 0x00000000efe00000| Complete 
| 255|0x00000000eff00000, 0x00000000f0000000, 0x00000000f0000000|100%| E|CS|TAMS 0x00000000eff00000| PB 0x00000000eff00000| Complete 

Card table byte_map: [0x000001a61a000000,0x000001a61a100000] _byte_map_base: 0x000001a619900000

Marking Bits: (CMBitMap*) 0x000001a6074c19e0
 Bits: [0x000001a61a100000, 0x000001a61a900000)

Polling page: 0x000001a605230000

Metaspace:

Usage:
  Non-class:     75.97 MB used.
      Class:     12.47 MB used.
       Both:     88.44 MB used.

Virtual space:
  Non-class space:      128.00 MB reserved,      77.12 MB ( 60%) committed,  2 nodes.
      Class space:      320.00 MB reserved,      13.56 MB (  4%) committed,  1 nodes.
             Both:      448.00 MB reserved,      90.69 MB ( 20%) committed. 

Chunk freelists:
   Non-Class:  2.56 MB
       Class:  2.46 MB
        Both:  5.02 MB

MaxMetaspaceSize: 384.00 MB
CompressedClassSpaceSize: 320.00 MB
Initial GC threshold: 21.00 MB
Current GC threshold: 98.12 MB
CDS: on
 - commit_granule_bytes: 65536.
 - commit_granule_words: 8192.
 - virtual_space_node_default_size: 8388608.
 - enlarge_chunks_in_place: 1.
 - use_allocation_guard: 0.


Internal statistics:

num_allocs_failed_limit: 9.
num_arena_births: 4078.
num_arena_deaths: 0.
num_vsnodes_births: 3.
num_vsnodes_deaths: 0.
num_space_committed: 1451.
num_space_uncommitted: 0.
num_chunks_returned_to_freelist: 9.
num_chunks_taken_from_freelist: 8349.
num_chunk_merges: 6.
num_chunk_splits: 5429.
num_chunks_enlarged: 3405.
num_inconsistent_stats: 0.

CodeHeap 'non-profiled nmethods': size=119168Kb used=8618Kb max_used=8618Kb free=110549Kb
 bounds [0x000001a612220000, 0x000001a612a90000, 0x000001a619680000]
CodeHeap 'profiled nmethods': size=119104Kb used=26228Kb max_used=26228Kb free=92875Kb
 bounds [0x000001a60a680000, 0x000001a60c020000, 0x000001a611ad0000]
CodeHeap 'non-nmethods': size=7488Kb used=2914Kb max_used=4636Kb free=4573Kb
 bounds [0x000001a611ad0000, 0x000001a611fd0000, 0x000001a612220000]
CodeCache: size=245760Kb, used=37760Kb, max_used=39482Kb, free=207997Kb
 total_blobs=14199, nmethods=13254, adapters=849, full_count=0
Compilation: enabled, stopped_count=0, restarted_count=0

Compilation events (20 events):
Event: 631.202 Thread 0x000001a61d900d90 nmethod 14042 0x000001a612a85610 code [0x000001a612a85820, 0x000001a612a86f30]
Event: 631.202 Thread 0x000001a61d900d90 14045       4       org.gradle.internal.operations.DefaultBuildOperationListenerManager$1::finished (48 bytes)
Event: 631.207 Thread 0x000001a61d900d90 nmethod 14045 0x000001a612a87590 code [0x000001a612a87760, 0x000001a612a87ac0]
Event: 631.207 Thread 0x000001a61d900d90 14048       4       org.gradle.internal.vfs.impl.DefaultFileSystemAccess::readSnapshotFromLocation (27 bytes)
Event: 631.225 Thread 0x000001a61d900d90 nmethod 14048 0x000001a612a87e90 code [0x000001a612a88120, 0x000001a612a88e10]
Event: 631.225 Thread 0x000001a61d900d90 14049       4       org.gradle.internal.vfs.impl.DefaultFileSystemAccess::read (33 bytes)
Event: 631.227 Thread 0x000001a61d900d90 nmethod 14049 0x000001a612a89890 code [0x000001a612a89a40, 0x000001a612a89c50]
Event: 631.228 Thread 0x000001a61d900d90 14043       4       org.gradle.internal.logging.progress.DefaultProgressLoggerFactory::newOperation (93 bytes)
Event: 631.232 Thread 0x000001a61d900d90 nmethod 14043 0x000001a612a89e10 code [0x000001a612a89fc0, 0x000001a612a8a210]
Event: 631.232 Thread 0x000001a61d900d90 14044       4       org.gradle.internal.operations.DefaultBuildOperationRunner::execute (147 bytes)
Event: 631.348 Thread 0x000001a61d904dc0 14051       3       kotlin.reflect.jvm.internal.impl.protobuf.GeneratedMessageLite$Builder::<init> (12 bytes)
Event: 631.349 Thread 0x000001a61d904dc0 nmethod 14051 0x000001a60c01c010 code [0x000001a60c01c1c0, 0x000001a60c01c3f8]
Event: 631.357 Thread 0x000001a61d904dc0 14052       1       kotlin.reflect.jvm.internal.impl.metadata.jvm.JvmProtoBuf$StringTableTypes$Record::getOperation (5 bytes)
Event: 631.357 Thread 0x000001a61d904dc0 nmethod 14052 0x000001a612a8a390 code [0x000001a612a8a520, 0x000001a612a8a5e8]
Event: 631.358 Thread 0x000001a61d904dc0 14053       3       kotlin.reflect.jvm.internal.impl.protobuf.CodedOutputStream::computeInt32SizeNoTag (12 bytes)
Event: 631.358 Thread 0x000001a61d904dc0 nmethod 14053 0x000001a60c01c510 code [0x000001a60c01c6c0, 0x000001a60c01c838]
Event: 631.358 Thread 0x000001a61d904dc0 14054       3       kotlin.reflect.jvm.internal.impl.protobuf.CodedOutputStream::writeInt32NoTag (19 bytes)
Event: 631.358 Thread 0x000001a61d904dc0 nmethod 14054 0x000001a60c01c910 code [0x000001a60c01cb00, 0x000001a60c01cee8]
Event: 631.358 Thread 0x000001a61d904dc0 14055       1       kotlin.reflect.jvm.internal.impl.serialization.deserialization.descriptors.DeserializedMemberScope::getC (5 bytes)
Event: 631.358 Thread 0x000001a61d904dc0 nmethod 14055 0x000001a612a8a690 code [0x000001a612a8a820, 0x000001a612a8a8e8]

GC Heap History (20 events):
Event: 107.515 GC heap before
{Heap before GC invocations=3 (full 0):
 garbage-first heap   total 262144K, used 102464K [0x00000000e0000000, 0x0000000100000000)
  region size 1024K, 90 young (92160K), 8 survivors (8192K)
 Metaspace       used 20847K, committed 21504K, reserved 393216K
  class space    used 3023K, committed 3328K, reserved 327680K
}
Event: 107.567 GC heap after
{Heap after GC invocations=4 (full 0):
 garbage-first heap   total 262144K, used 24926K [0x00000000e0000000, 0x0000000100000000)
  region size 1024K, 13 young (13312K), 13 survivors (13312K)
 Metaspace       used 20847K, committed 21504K, reserved 393216K
  class space    used 3023K, committed 3328K, reserved 327680K
}
Event: 117.685 GC heap before
{Heap before GC invocations=5 (full 0):
 garbage-first heap   total 262144K, used 120158K [0x00000000e0000000, 0x0000000100000000)
  region size 1024K, 107 young (109568K), 13 survivors (13312K)
 Metaspace       used 34717K, committed 35968K, reserved 393216K
  class space    used 5124K, committed 5760K, reserved 327680K
}
Event: 117.702 GC heap after
{Heap after GC invocations=6 (full 0):
 garbage-first heap   total 262144K, used 31783K [0x00000000e0000000, 0x0000000100000000)
  region size 1024K, 11 young (11264K), 11 survivors (11264K)
 Metaspace       used 34717K, committed 35968K, reserved 393216K
  class space    used 5124K, committed 5760K, reserved 327680K
}
Event: 284.983 GC heap before
{Heap before GC invocations=7 (full 0):
 garbage-first heap   total 262144K, used 183335K [0x00000000e0000000, 0x0000000100000000)
  region size 1024K, 153 young (156672K), 11 survivors (11264K)
 Metaspace       used 46402K, committed 47936K, reserved 393216K
  class space    used 6610K, committed 7360K, reserved 327680K
}
Event: 285.141 GC heap after
{Heap after GC invocations=8 (full 0):
 garbage-first heap   total 262144K, used 37620K [0x00000000e0000000, 0x0000000100000000)
  region size 1024K, 17 young (17408K), 17 survivors (17408K)
 Metaspace       used 46402K, committed 47936K, reserved 393216K
  class space    used 6610K, committed 7360K, reserved 327680K
}
Event: 366.658 GC heap before
{Heap before GC invocations=8 (full 0):
 garbage-first heap   total 262144K, used 175860K [0x00000000e0000000, 0x0000000100000000)
  region size 1024K, 153 young (156672K), 17 survivors (17408K)
 Metaspace       used 56938K, committed 58816K, reserved 393216K
  class space    used 8363K, committed 9280K, reserved 327680K
}
Event: 366.718 GC heap after
{Heap after GC invocations=9 (full 0):
 garbage-first heap   total 262144K, used 43360K [0x00000000e0000000, 0x0000000100000000)
  region size 1024K, 13 young (13312K), 13 survivors (13312K)
 Metaspace       used 56938K, committed 58816K, reserved 393216K
  class space    used 8363K, committed 9280K, reserved 327680K
}
Event: 375.186 GC heap before
{Heap before GC invocations=9 (full 0):
 garbage-first heap   total 262144K, used 71008K [0x00000000e0000000, 0x0000000100000000)
  region size 1024K, 35 young (35840K), 13 survivors (13312K)
 Metaspace       used 58275K, committed 60160K, reserved 393216K
  class space    used 8538K, committed 9472K, reserved 327680K
}
Event: 375.206 GC heap after
{Heap after GC invocations=10 (full 0):
 garbage-first heap   total 262144K, used 52099K [0x00000000e0000000, 0x0000000100000000)
  region size 1024K, 9 young (9216K), 9 survivors (9216K)
 Metaspace       used 58275K, committed 60160K, reserved 393216K
  class space    used 8538K, committed 9472K, reserved 327680K
}
Event: 391.604 GC heap before
{Heap before GC invocations=11 (full 0):
 garbage-first heap   total 262144K, used 199555K [0x00000000e0000000, 0x0000000100000000)
  region size 1024K, 153 young (156672K), 9 survivors (9216K)
 Metaspace       used 68345K, committed 70336K, reserved 393216K
  class space    used 9891K, committed 10880K, reserved 327680K
}
Event: 391.617 GC heap after
{Heap after GC invocations=12 (full 0):
 garbage-first heap   total 262144K, used 59307K [0x00000000e0000000, 0x0000000100000000)
  region size 1024K, 16 young (16384K), 16 survivors (16384K)
 Metaspace       used 68345K, committed 70336K, reserved 393216K
  class space    used 9891K, committed 10880K, reserved 327680K
}
Event: 453.841 GC heap before
{Heap before GC invocations=12 (full 0):
 garbage-first heap   total 262144K, used 198571K [0x00000000e0000000, 0x0000000100000000)
  region size 1024K, 153 young (156672K), 16 survivors (16384K)
 Metaspace       used 72879K, committed 75008K, reserved 393216K
  class space    used 10590K, committed 11648K, reserved 327680K
}
Event: 453.984 GC heap after
{Heap after GC invocations=13 (full 0):
 garbage-first heap   total 262144K, used 68653K [0x00000000e0000000, 0x0000000100000000)
  region size 1024K, 20 young (20480K), 20 survivors (20480K)
 Metaspace       used 72879K, committed 75008K, reserved 393216K
  class space    used 10590K, committed 11648K, reserved 327680K
}
Event: 533.708 GC heap before
{Heap before GC invocations=13 (full 0):
 garbage-first heap   total 262144K, used 203821K [0x00000000e0000000, 0x0000000100000000)
  region size 1024K, 153 young (156672K), 20 survivors (20480K)
 Metaspace       used 79481K, committed 81728K, reserved 458752K
  class space    used 11471K, committed 12608K, reserved 327680K
}
Event: 534.041 GC heap after
{Heap after GC invocations=14 (full 0):
 garbage-first heap   total 262144K, used 71284K [0x00000000e0000000, 0x0000000100000000)
  region size 1024K, 14 young (14336K), 14 survivors (14336K)
 Metaspace       used 79481K, committed 81728K, reserved 458752K
  class space    used 11471K, committed 12608K, reserved 327680K
}
Event: 602.514 GC heap before
{Heap before GC invocations=14 (full 0):
 garbage-first heap   total 262144K, used 218740K [0x00000000e0000000, 0x0000000100000000)
  region size 1024K, 153 young (156672K), 14 survivors (14336K)
 Metaspace       used 81026K, committed 83392K, reserved 458752K
  class space    used 11600K, committed 12736K, reserved 327680K
}
Event: 602.718 GC heap after
{Heap after GC invocations=15 (full 0):
 garbage-first heap   total 262144K, used 88266K [0x00000000e0000000, 0x0000000100000000)
  region size 1024K, 16 young (16384K), 16 survivors (16384K)
 Metaspace       used 81026K, committed 83392K, reserved 458752K
  class space    used 11600K, committed 12736K, reserved 327680K
}
Event: 629.768 GC heap before
{Heap before GC invocations=15 (full 0):
 garbage-first heap   total 262144K, used 232650K [0x00000000e0000000, 0x0000000100000000)
  region size 1024K, 151 young (154624K), 16 survivors (16384K)
 Metaspace       used 90403K, committed 92736K, reserved 458752K
  class space    used 12740K, committed 13888K, reserved 327680K
}
Event: 629.805 GC heap after
{Heap after GC invocations=16 (full 0):
 garbage-first heap   total 262144K, used 100735K [0x00000000e0000000, 0x0000000100000000)
  region size 1024K, 11 young (11264K), 11 survivors (11264K)
 Metaspace       used 90403K, committed 92736K, reserved 458752K
  class space    used 12740K, committed 13888K, reserved 327680K
}

Dll operation events (14 events):
Event: 0.028 Loaded shared library C:\Users\Anshika\.vscode\extensions\redhat.java-1.55.0-win32-x64\jre\21.0.11-win32-x86_64\bin\java.dll
Event: 0.140 Loaded shared library C:\Users\Anshika\.vscode\extensions\redhat.java-1.55.0-win32-x64\jre\21.0.11-win32-x86_64\bin\zip.dll
Event: 0.173 Loaded shared library C:\Users\Anshika\.vscode\extensions\redhat.java-1.55.0-win32-x64\jre\21.0.11-win32-x86_64\bin\instrument.dll
Event: 0.181 Loaded shared library C:\Users\Anshika\.vscode\extensions\redhat.java-1.55.0-win32-x64\jre\21.0.11-win32-x86_64\bin\net.dll
Event: 0.185 Loaded shared library C:\Users\Anshika\.vscode\extensions\redhat.java-1.55.0-win32-x64\jre\21.0.11-win32-x86_64\bin\nio.dll
Event: 0.190 Loaded shared library C:\Users\Anshika\.vscode\extensions\redhat.java-1.55.0-win32-x64\jre\21.0.11-win32-x86_64\bin\zip.dll
Event: 1.080 Loaded shared library C:\Users\Anshika\.vscode\extensions\redhat.java-1.55.0-win32-x64\jre\21.0.11-win32-x86_64\bin\jimage.dll
Event: 1.568 Loaded shared library C:\Users\Anshika\.vscode\extensions\redhat.java-1.55.0-win32-x64\jre\21.0.11-win32-x86_64\bin\verify.dll
Event: 1.811 Loaded shared library C:\Users\Anshika\.gradle\native\c067742578af261105cb4f569cf0c3c89f3d7b1fecec35dd04571415982c5e48\windows-amd64\native-platform.dll
Event: 1.839 Loaded shared library C:\Users\Anshika\.gradle\native\100fb08df4bc3b14c8652ba06237920a3bd2aa13389f12d3474272988ae205f9\windows-amd64\native-platform-file-events.dll
Event: 4.681 Loaded shared library C:\Users\Anshika\.vscode\extensions\redhat.java-1.55.0-win32-x64\jre\21.0.11-win32-x86_64\bin\management.dll
Event: 4.738 Loaded shared library C:\Users\Anshika\.vscode\extensions\redhat.java-1.55.0-win32-x64\jre\21.0.11-win32-x86_64\bin\management_ext.dll
Event: 5.796 Loaded shared library C:\Users\Anshika\.vscode\extensions\redhat.java-1.55.0-win32-x64\jre\21.0.11-win32-x86_64\bin\extnet.dll
Event: 6.146 Loaded shared library C:\Users\Anshika\.vscode\extensions\redhat.java-1.55.0-win32-x64\jre\21.0.11-win32-x86_64\bin\sunmscapi.dll

Deoptimization events (20 events):
Event: 629.402 Thread 0x000001a63728f1f0 Uncommon trap: trap_request=0xffffffd6 fr.pc=0x000001a612a7157c relative=0x000000000000197c
Event: 629.402 Thread 0x000001a63728f1f0 Uncommon trap: reason=array_check action=maybe_recompile pc=0x000001a612a7157c method=org.gradle.internal.service.DefaultServiceRegistry$FactoryService.bind()V @ 267 c2
Event: 629.402 Thread 0x000001a63728f1f0 DEOPT PACKING pc=0x000001a612a7157c sp=0x00000088e71fa8c0
Event: 629.402 Thread 0x000001a63728f1f0 DEOPT UNPACKING pc=0x000001a611b27ba2 sp=0x00000088e71fa890 mode 2
Event: 629.429 Thread 0x000001a63728f1f0 Uncommon trap: trap_request=0xffffff45 fr.pc=0x000001a6129536b4 relative=0x0000000000000094
Event: 629.429 Thread 0x000001a63728f1f0 Uncommon trap: reason=unstable_if action=reinterpret pc=0x000001a6129536b4 method=org.gradle.internal.hash.HashCode$HashCode128.equals(Ljava/lang/Object;)Z @ 2 c2
Event: 629.429 Thread 0x000001a63728f1f0 DEOPT PACKING pc=0x000001a6129536b4 sp=0x00000088e71fad90
Event: 629.429 Thread 0x000001a63728f1f0 DEOPT UNPACKING pc=0x000001a611b27ba2 sp=0x00000088e71fad30 mode 2
Event: 631.099 Thread 0x000001a638ae97e0 Uncommon trap: trap_request=0xffffff45 fr.pc=0x000001a6129523f8 relative=0x00000000000005d8
Event: 631.099 Thread 0x000001a638ae97e0 Uncommon trap: reason=unstable_if action=reinterpret pc=0x000001a6129523f8 method=java.util.concurrent.locks.AbstractQueuedSynchronizer.signalNext(Ljava/util/concurrent/locks/AbstractQueuedSynchronizer$Node;)V @ 17 c2
Event: 631.099 Thread 0x000001a638ae97e0 DEOPT PACKING pc=0x000001a6129523f8 sp=0x00000088e75fec30
Event: 631.099 Thread 0x000001a638ae97e0 DEOPT UNPACKING pc=0x000001a611b27ba2 sp=0x00000088e75fead0 mode 2
Event: 631.154 Thread 0x000001a63728f1f0 Uncommon trap: trap_request=0xffffffd6 fr.pc=0x000001a6129c48b4 relative=0x0000000000000ef4
Event: 631.154 Thread 0x000001a63728f1f0 Uncommon trap: reason=array_check action=maybe_recompile pc=0x000001a6129c48b4 method=java.util.ComparableTimSort.binarySort([Ljava/lang/Object;III)V @ 193 c2
Event: 631.154 Thread 0x000001a63728f1f0 DEOPT PACKING pc=0x000001a6129c48b4 sp=0x00000088e71f7d60
Event: 631.154 Thread 0x000001a63728f1f0 DEOPT UNPACKING pc=0x000001a611b27ba2 sp=0x00000088e71f7d50 mode 2
Event: 631.170 Thread 0x000001a63a099bf0 DEOPT PACKING pc=0x000001a60be18461 sp=0x00000088eaffdcb0
Event: 631.170 Thread 0x000001a63a099bf0 DEOPT UNPACKING pc=0x000001a611b286e2 sp=0x00000088eaffd1c0 mode 0
Event: 631.213 Thread 0x000001a63728f1f0 DEOPT PACKING pc=0x000001a60a9e5806 sp=0x00000088e71f9170
Event: 631.213 Thread 0x000001a63728f1f0 DEOPT UNPACKING pc=0x000001a611b286e2 sp=0x00000088e71f8658 mode 0

Classes loaded (20 events):
Event: 624.832 Loading class java/lang/ExceptionBeanInfo
Event: 624.833 Loading class java/lang/ExceptionBeanInfo done
Event: 624.833 Loading class java/lang/ExceptionBeanInfo
Event: 624.833 Loading class java/lang/ExceptionBeanInfo done
Event: 624.834 Loading class java/lang/ThrowableBeanInfo
Event: 624.836 Loading class java/lang/ThrowableBeanInfo done
Event: 624.836 Loading class java/lang/ThrowableBeanInfo
Event: 624.836 Loading class java/lang/ThrowableBeanInfo done
Event: 624.838 Loading class java/lang/ThrowableCustomizer
Event: 624.838 Loading class java/lang/ThrowableCustomizer done
Event: 624.839 Loading class java/lang/ThrowableCustomizer
Event: 624.839 Loading class java/lang/ThrowableCustomizer done
Event: 624.843 Loading class java/lang/ExceptionCustomizer
Event: 624.844 Loading class java/lang/ExceptionCustomizer done
Event: 624.844 Loading class java/lang/ExceptionCustomizer
Event: 624.844 Loading class java/lang/ExceptionCustomizer done
Event: 624.846 Loading class java/lang/RuntimeExceptionCustomizer
Event: 624.847 Loading class java/lang/RuntimeExceptionCustomizer done
Event: 624.847 Loading class java/lang/RuntimeExceptionCustomizer
Event: 624.847 Loading class java/lang/RuntimeExceptionCustomizer done

Classes unloaded (0 events):
No events

Classes redefined (0 events):
No events

Internal exceptions (20 events):
Event: 624.836 Thread 0x000001a63728f1f0 Exception <a 'java/lang/ClassNotFoundException'{0x00000000e897c960}: java/lang/ThrowableBeanInfo> (0x00000000e897c960) 
thrown [s\src\hotspot\share\classfile\systemDictionary.cpp, line 313]
Event: 624.839 Thread 0x000001a63728f1f0 Exception <a 'java/lang/ClassNotFoundException'{0x00000000e8983388}: java/lang/ThrowableCustomizer> (0x00000000e8983388) 
thrown [s\src\hotspot\share\classfile\systemDictionary.cpp, line 313]
Event: 624.844 Thread 0x000001a63728f1f0 Exception <a 'java/lang/ClassNotFoundException'{0x00000000e8991e90}: java/lang/ExceptionCustomizer> (0x00000000e8991e90) 
thrown [s\src\hotspot\share\classfile\systemDictionary.cpp, line 313]
Event: 624.847 Thread 0x000001a63728f1f0 Exception <a 'java/lang/ClassNotFoundException'{0x00000000e899ad60}: java/lang/RuntimeExceptionCustomizer> (0x00000000e899ad60) 
thrown [s\src\hotspot\share\classfile\systemDictionary.cpp, line 313]
Event: 624.852 Thread 0x000001a63728f1f0 Exception <a 'java/lang/ClassNotFoundException'{0x00000000e89ad870}: org/gradle/api/GradleExceptionCustomizer> (0x00000000e89ad870) 
thrown [s\src\hotspot\share\classfile\systemDictionary.cpp, line 313]
Event: 625.156 Thread 0x000001a63728f1f0 Exception <a 'java/lang/ClassNotFoundException'{0x00000000e887c458}: org/gradle/BuildResultBeanInfo> (0x00000000e887c458) 
thrown [s\src\hotspot\share\classfile\systemDictionary.cpp, line 313]
Event: 625.158 Thread 0x000001a63728f1f0 Exception <a 'java/lang/ClassNotFoundException'{0x00000000e8883200}: org/gradle/BuildResultCustomizer> (0x00000000e8883200) 
thrown [s\src\hotspot\share\classfile\systemDictionary.cpp, line 313]
Event: 625.200 Thread 0x000001a63728f1f0 Exception <a 'java/lang/ClassNotFoundException'{0x00000000e88b5ee0}: org/gradle/execution/MultipleBuildFailuresBeanInfo> (0x00000000e88b5ee0) 
thrown [s\src\hotspot\share\classfile\systemDictionary.cpp, line 313]
Event: 625.203 Thread 0x000001a63728f1f0 Exception <a 'java/lang/ClassNotFoundException'{0x00000000e88bd160}: org/gradle/internal/exceptions/DefaultMultiCauseExceptionBeanInfo> (0x00000000e88bd160) 
thrown [s\src\hotspot\share\classfile\systemDictionary.cpp, line 313]
Event: 625.205 Thread 0x000001a63728f1f0 Exception <a 'java/lang/ClassNotFoundException'{0x00000000e88c43d8}: org/gradle/internal/exceptions/DefaultMultiCauseExceptionCustomizer> (0x00000000e88c43d8) 
thrown [s\src\hotspot\share\classfile\systemDictionary.cpp, line 313]
Event: 625.210 Thread 0x000001a63728f1f0 Exception <a 'java/lang/ClassNotFoundException'{0x00000000e88d7798}: org/gradle/execution/MultipleBuildFailuresCustomizer> (0x00000000e88d7798) 
thrown [s\src\hotspot\share\classfile\systemDictionary.cpp, line 313]
Event: 625.282 Thread 0x000001a63728f1f0 Exception <a 'java/lang/ClassNotFoundException'{0x00000000e870e800}: org/codehaus/groovy/runtime/NullObjectBeanInfo> (0x00000000e870e800) 
thrown [s\src\hotspot\share\classfile\systemDictionary.cpp, line 313]
Event: 625.283 Thread 0x000001a63728f1f0 Exception <a 'java/lang/ClassNotFoundException'{0x00000000e87157e8}: org/codehaus/groovy/runtime/NullObjectCustomizer> (0x00000000e87157e8) 
thrown [s\src\hotspot\share\classfile\systemDictionary.cpp, line 313]
Event: 625.306 Thread 0x000001a63728f1f0 Exception <a 'java/lang/NoSuchMethodError'{0x00000000e872b608}: 'void java.lang.invoke.Invokers$Holder.invokeExact_MT(java.lang.Object, java.lang.Object, java.lang.Object, java.lang.Object)'> (0x00000000e872b608) 
thrown [s\src\hotspot\share\interpreter\linkResolver.cpp, line 773]
Event: 625.632 Thread 0x000001a61da88c50 Exception <a 'java/lang/NoSuchMethodError'{0x00000000e81ab150}: static Lorg/gradle/internal/classloader/FilteringClassLoader$Spec;.<clinit>()V> (0x00000000e81ab150) 
thrown [s\src\hotspot\share\prims\jni.cpp, line 1111]
Event: 625.639 Thread 0x000001a61da88c50 Exception <a 'java/lang/NoSuchMethodError'{0x00000000e81c3618}: static Lorg/gradle/internal/classloader/CachingClassLoader$Spec;.<clinit>()V> (0x00000000e81c3618) 
thrown [s\src\hotspot\share\prims\jni.cpp, line 1111]
Event: 629.425 Thread 0x000001a63728f1f0 Exception <a 'sun/nio/fs/WindowsException'{0x00000000e7c69e80}> (0x00000000e7c69e80) 
thrown [s\src\hotspot\share\prims\jni.cpp, line 520]
Event: 629.427 Thread 0x000001a63728f1f0 Exception <a 'sun/nio/fs/WindowsException'{0x00000000e7c6b360}> (0x00000000e7c6b360) 
thrown [s\src\hotspot\share\prims\jni.cpp, line 520]
Event: 629.428 Thread 0x000001a63728f1f0 Exception <a 'sun/nio/fs/WindowsException'{0x00000000e7c6c830}> (0x00000000e7c6c830) 
thrown [s\src\hotspot\share\prims\jni.cpp, line 520]
Event: 629.428 Thread 0x000001a63728f1f0 Exception <a 'sun/nio/fs/WindowsException'{0x00000000e7c6dd00}> (0x00000000e7c6dd00) 
thrown [s\src\hotspot\share\prims\jni.cpp, line 520]

ZGC Phase Switch (0 events):
No events

VM Operations (20 events):
Event: 613.715 Executing safepoint VM operation: Cleanup
Event: 613.715 Executing safepoint VM operation: Cleanup done
Event: 614.722 Executing safepoint VM operation: Cleanup
Event: 614.722 Executing safepoint VM operation: Cleanup done
Event: 616.742 Executing safepoint VM operation: Cleanup
Event: 616.742 Executing safepoint VM operation: Cleanup done
Event: 624.809 Executing safepoint VM operation: Cleanup
Event: 624.809 Executing safepoint VM operation: Cleanup done
Event: 625.819 Executing safepoint VM operation: Cleanup
Event: 625.820 Executing safepoint VM operation: Cleanup done
Event: 628.846 Executing safepoint VM operation: Cleanup
Event: 628.846 Executing safepoint VM operation: Cleanup done
Event: 629.763 Executing safepoint VM operation: ICBufferFull
Event: 629.763 Executing safepoint VM operation: ICBufferFull done
Event: 629.767 Executing safepoint VM operation: G1CollectForAllocation (G1 Evacuation Pause)
Event: 629.806 Executing safepoint VM operation: G1CollectForAllocation (G1 Evacuation Pause) done
Event: 630.819 Executing safepoint VM operation: Cleanup
Event: 630.819 Executing safepoint VM operation: Cleanup done
Event: 631.834 Executing safepoint VM operation: Cleanup
Event: 631.834 Executing safepoint VM operation: Cleanup done

Memory protections (0 events):
No events

Nmethod flushes (20 events):
Event: 375.293 Thread 0x000001a61d8ce260 flushing  nmethod 0x000001a60a775d90
Event: 375.293 Thread 0x000001a61d8ce260 flushing  nmethod 0x000001a60a849d10
Event: 375.293 Thread 0x000001a61d8ce260 flushing  nmethod 0x000001a60a921010
Event: 375.293 Thread 0x000001a61d8ce260 flushing  nmethod 0x000001a60a921790
Event: 375.293 Thread 0x000001a61d8ce260 flushing  nmethod 0x000001a60a92c610
Event: 375.293 Thread 0x000001a61d8ce260 flushing  nmethod 0x000001a60abb5f90
Event: 375.293 Thread 0x000001a61d8ce260 flushing  nmethod 0x000001a60abb6390
Event: 375.293 Thread 0x000001a61d8ce260 flushing  nmethod 0x000001a60abb6c10
Event: 375.293 Thread 0x000001a61d8ce260 flushing  nmethod 0x000001a60abb7b10
Event: 375.293 Thread 0x000001a61d8ce260 flushing  nmethod 0x000001a60ad37b10
Event: 375.293 Thread 0x000001a61d8ce260 flushing  nmethod 0x000001a60ad38310
Event: 375.293 Thread 0x000001a61d8ce260 flushing  nmethod 0x000001a60ad70210
Event: 375.293 Thread 0x000001a61d8ce260 flushing  nmethod 0x000001a60ae49f90
Event: 375.293 Thread 0x000001a61d8ce260 flushing  nmethod 0x000001a612351c90
Event: 375.293 Thread 0x000001a61d8ce260 flushing  nmethod 0x000001a612403090
Event: 375.293 Thread 0x000001a61d8ce260 flushing  nmethod 0x000001a612407f90
Event: 375.293 Thread 0x000001a61d8ce260 flushing  nmethod 0x000001a612418090
Event: 375.293 Thread 0x000001a61d8ce260 flushing  nmethod 0x000001a61243b410
Event: 375.293 Thread 0x000001a61d8ce260 flushing  nmethod 0x000001a60a730190
Event: 375.293 Thread 0x000001a61d8ce260 flushing  nmethod 0x000001a60a733790

Events (20 events):
Event: 631.123 Thread 0x000001a63728f1f0 Thread added: 0x000001a63e01ec00
Event: 631.123 Thread 0x000001a63728f1f0 Thread added: 0x000001a63e01f290
Event: 631.123 Thread 0x000001a63728f1f0 Thread added: 0x000001a63e01be10
Event: 631.124 Thread 0x000001a63728f1f0 Thread added: 0x000001a63e020cd0
Event: 631.124 Thread 0x000001a63728f1f0 Thread added: 0x000001a63e022710
Event: 631.155 Thread 0x000001a63728f1f0 Thread added: 0x000001a63e022da0
Event: 631.156 Thread 0x000001a63728f1f0 Thread added: 0x000001a63e01f920
Event: 631.157 Thread 0x000001a63728f1f0 Thread added: 0x000001a63e023430
Event: 631.158 Thread 0x000001a63728f1f0 Thread added: 0x000001a63a09b630
Event: 631.158 Thread 0x000001a63728f1f0 Thread added: 0x000001a63a09c9e0
Event: 631.159 Thread 0x000001a63728f1f0 Thread added: 0x000001a63a099bf0
Event: 631.160 Thread 0x000001a63728f1f0 Thread added: 0x000001a63a09eab0
Event: 631.160 Thread 0x000001a63728f1f0 Thread added: 0x000001a63a09e420
Event: 631.161 Thread 0x000001a63728f1f0 Thread added: 0x000001a63a0a04f0
Event: 631.162 Thread 0x000001a63728f1f0 Thread added: 0x000001a63a0a0b80
Event: 631.164 Thread 0x000001a63728f1f0 Thread added: 0x000001a63a09dd90
Event: 631.164 Thread 0x000001a63728f1f0 Thread added: 0x000001a63a09f140
Event: 631.165 Thread 0x000001a63728f1f0 Thread added: 0x000001a638aeb8b0
Event: 631.166 Thread 0x000001a63728f1f0 Thread added: 0x000001a638ae9150
Event: 631.167 Thread 0x000001a63728f1f0 Thread added: 0x000001a638aed2f0


Dynamic libraries:
0x00007ff792d60000 - 0x00007ff792d6e000 	C:\Users\Anshika\.vscode\extensions\redhat.java-1.55.0-win32-x64\jre\21.0.11-win32-x86_64\bin\java.exe
0x00007ff8fd860000 - 0x00007ff8fdac6000 	C:\windows\SYSTEM32\ntdll.dll
0x00007ff8fc5b0000 - 0x00007ff8fc679000 	C:\windows\System32\KERNEL32.DLL
0x00007ff8fae30000 - 0x00007ff8fb22a000 	C:\windows\System32\KERNELBASE.dll
0x00007ff8f7760000 - 0x00007ff8f7800000 	C:\windows\SYSTEM32\apphelp.dll
0x00007ff8fb230000 - 0x00007ff8fb37c000 	C:\windows\System32\ucrtbase.dll
0x00007ff8d7b30000 - 0x00007ff8d7b4e000 	C:\Users\Anshika\.vscode\extensions\redhat.java-1.55.0-win32-x64\jre\21.0.11-win32-x86_64\bin\VCRUNTIME140.dll
0x00007ff8eed10000 - 0x00007ff8eed28000 	C:\Users\Anshika\.vscode\extensions\redhat.java-1.55.0-win32-x64\jre\21.0.11-win32-x86_64\bin\jli.dll
0x00007ff8fc320000 - 0x00007ff8fc4e7000 	C:\windows\System32\USER32.dll
0x00007ff8fb5a0000 - 0x00007ff8fb5c7000 	C:\windows\System32\win32u.dll
0x00007ff8df2c0000 - 0x00007ff8df552000 	C:\windows\WinSxS\amd64_microsoft.windows.common-controls_6595b64144ccf1df_6.0.26100.8521_none_3e08b75ce33403b3\COMCTL32.dll
0x00007ff8fb5d0000 - 0x00007ff8fb5fb000 	C:\windows\System32\GDI32.dll
0x00007ff8fca10000 - 0x00007ff8fcab9000 	C:\windows\System32\msvcrt.dll
0x00007ff8fac70000 - 0x00007ff8fad9b000 	C:\windows\System32\gdi32full.dll
0x00007ff8fb4f0000 - 0x00007ff8fb593000 	C:\windows\System32\msvcp_win.dll
0x00007ff8fb600000 - 0x00007ff8fb632000 	C:\windows\System32\IMM32.DLL
0x00007ff8eeeb0000 - 0x00007ff8eeebc000 	C:\Users\Anshika\.vscode\extensions\redhat.java-1.55.0-win32-x64\jre\21.0.11-win32-x86_64\bin\vcruntime140_1.dll
0x00007ff820ff0000 - 0x00007ff82107d000 	C:\Users\Anshika\.vscode\extensions\redhat.java-1.55.0-win32-x64\jre\21.0.11-win32-x86_64\bin\msvcp140.dll
0x00007fffdb6a0000 - 0x00007fffdc442000 	C:\Users\Anshika\.vscode\extensions\redhat.java-1.55.0-win32-x64\jre\21.0.11-win32-x86_64\bin\server\jvm.dll
0x00007ff8fb810000 - 0x00007ff8fb8c6000 	C:\windows\System32\ADVAPI32.dll
0x00007ff8fc680000 - 0x00007ff8fc72a000 	C:\windows\System32\sechost.dll
0x00007ff8fb6f0000 - 0x00007ff8fb808000 	C:\windows\System32\RPCRT4.dll
0x00007ff8fb660000 - 0x00007ff8fb6e0000 	C:\windows\System32\WS2_32.dll
0x00007ff8ef1c0000 - 0x00007ff8ef1f6000 	C:\windows\SYSTEM32\WINMM.dll
0x00007ff8fa950000 - 0x00007ff8fa9ae000 	C:\windows\SYSTEM32\POWRPROF.dll
0x00007ff8ed210000 - 0x00007ff8ed21b000 	C:\windows\SYSTEM32\VERSION.dll
0x00007ff8fa930000 - 0x00007ff8fa944000 	C:\windows\SYSTEM32\UMPDC.dll
0x00007ff8f9880000 - 0x00007ff8f989b000 	C:\windows\SYSTEM32\kernel.appcore.dll
0x00007ff8eeba0000 - 0x00007ff8eebaa000 	C:\Users\Anshika\.vscode\extensions\redhat.java-1.55.0-win32-x64\jre\21.0.11-win32-x86_64\bin\jimage.dll
0x00007ff8ec120000 - 0x00007ff8ec362000 	C:\windows\SYSTEM32\DBGHELP.DLL
0x00007ff8fb8d0000 - 0x00007ff8fbc53000 	C:\windows\System32\combase.dll
0x00007ff8fc100000 - 0x00007ff8fc1d9000 	C:\windows\System32\OLEAUT32.dll
0x00007ff8db1d0000 - 0x00007ff8db20b000 	C:\windows\SYSTEM32\dbgcore.DLL
0x00007ff8fb440000 - 0x00007ff8fb4e8000 	C:\windows\System32\bcryptPrimitives.dll
0x00007ff8d7c90000 - 0x00007ff8d7c9f000 	C:\Users\Anshika\.vscode\extensions\redhat.java-1.55.0-win32-x64\jre\21.0.11-win32-x86_64\bin\instrument.dll
0x00007ff8d7870000 - 0x00007ff8d7890000 	C:\Users\Anshika\.vscode\extensions\redhat.java-1.55.0-win32-x64\jre\21.0.11-win32-x86_64\bin\java.dll
0x00007ff8fcdd0000 - 0x00007ff8fd554000 	C:\windows\System32\SHELL32.dll
0x00007ff8f8690000 - 0x00007ff8f8f10000 	C:\windows\SYSTEM32\windows.storage.dll
0x00007ff8fccd0000 - 0x00007ff8fcdc6000 	C:\windows\System32\SHCORE.dll
0x00007ff8fc1e0000 - 0x00007ff8fc247000 	C:\windows\System32\shlwapi.dll
0x00007ff8faa10000 - 0x00007ff8faa39000 	C:\windows\SYSTEM32\profapi.dll
0x00007ff8d7850000 - 0x00007ff8d7868000 	C:\Users\Anshika\.vscode\extensions\redhat.java-1.55.0-win32-x64\jre\21.0.11-win32-x86_64\bin\zip.dll
0x00007ff8d7b20000 - 0x00007ff8d7b30000 	C:\Users\Anshika\.vscode\extensions\redhat.java-1.55.0-win32-x64\jre\21.0.11-win32-x86_64\bin\net.dll
0x00007ff8f3390000 - 0x00007ff8f34b9000 	C:\windows\SYSTEM32\WINHTTP.dll
0x00007ff8f9df0000 - 0x00007ff8f9e5c000 	C:\windows\system32\mswsock.dll
0x00007ff8d6560000 - 0x00007ff8d6576000 	C:\Users\Anshika\.vscode\extensions\redhat.java-1.55.0-win32-x64\jre\21.0.11-win32-x86_64\bin\nio.dll
0x00007ff8d7840000 - 0x00007ff8d7850000 	C:\Users\Anshika\.vscode\extensions\redhat.java-1.55.0-win32-x64\jre\21.0.11-win32-x86_64\bin\verify.dll
0x00007ff88d730000 - 0x00007ff88d757000 	C:\Users\Anshika\.gradle\native\c067742578af261105cb4f569cf0c3c89f3d7b1fecec35dd04571415982c5e48\windows-amd64\native-platform.dll
0x00007ffff76c0000 - 0x00007ffff7804000 	C:\Users\Anshika\.gradle\native\100fb08df4bc3b14c8652ba06237920a3bd2aa13389f12d3474272988ae205f9\windows-amd64\native-platform-file-events.dll
0x00007ff8d5790000 - 0x00007ff8d579a000 	C:\Users\Anshika\.vscode\extensions\redhat.java-1.55.0-win32-x64\jre\21.0.11-win32-x86_64\bin\management.dll
0x00007ff8d5780000 - 0x00007ff8d578c000 	C:\Users\Anshika\.vscode\extensions\redhat.java-1.55.0-win32-x64\jre\21.0.11-win32-x86_64\bin\management_ext.dll
0x00007ff8fcc60000 - 0x00007ff8fcc68000 	C:\windows\System32\PSAPI.DLL
0x00007ff8fa0e0000 - 0x00007ff8fa0fb000 	C:\windows\SYSTEM32\CRYPTSP.dll
0x00007ff8f97e0000 - 0x00007ff8f9819000 	C:\windows\system32\rsaenh.dll
0x00007ff8f9ea0000 - 0x00007ff8f9ed3000 	C:\windows\SYSTEM32\USERENV.dll
0x00007ff8fa9e0000 - 0x00007ff8faa0a000 	C:\windows\SYSTEM32\bcrypt.dll
0x00007ff8fa0d0000 - 0x00007ff8fa0dc000 	C:\windows\SYSTEM32\CRYPTBASE.dll
0x00007ff8f92a0000 - 0x00007ff8f92d3000 	C:\windows\SYSTEM32\IPHLPAPI.DLL
0x00007ff8fbc60000 - 0x00007ff8fbc6a000 	C:\windows\System32\NSI.dll
0x00007ff8d3a20000 - 0x00007ff8d3a29000 	C:\Users\Anshika\.vscode\extensions\redhat.java-1.55.0-win32-x64\jre\21.0.11-win32-x86_64\bin\extnet.dll
0x00007ff8d5420000 - 0x00007ff8d542e000 	C:\Users\Anshika\.vscode\extensions\redhat.java-1.55.0-win32-x64\jre\21.0.11-win32-x86_64\bin\sunmscapi.dll
0x00007ff8faaf0000 - 0x00007ff8fac68000 	C:\windows\System32\CRYPT32.dll
0x00007ff8fa2f0000 - 0x00007ff8fa320000 	C:\windows\SYSTEM32\ncrypt.dll
0x00007ff8fa2a0000 - 0x00007ff8fa2df000 	C:\windows\SYSTEM32\NTASN1.dll
0x00007ff8bdb00000 - 0x00007ff8bdb08000 	C:\windows\system32\wshunix.dll

JVMTI agents:
C:\Users\Anshika\.gradle\wrapper\dists\gradle-8.9-bin\90cnw93cvbtalezasaz0blq0a\gradle-8.9\lib\agents\gradle-instrumentation-agent-8.9.jar path:C:\Users\Anshika\.vscode\extensions\redhat.java-1.55.0-win32-x64\jre\21.0.11-win32-x86_64\bin\instrument.dll, loaded, initialized, instrumentlib options:none

dbghelp: loaded successfully - version: 4.0.5 - missing functions: none
symbol engine: initialized successfully - sym options: 0x614 - pdb path: .;C:\Users\Anshika\.vscode\extensions\redhat.java-1.55.0-win32-x64\jre\21.0.11-win32-x86_64\bin;C:\windows\SYSTEM32;C:\windows\WinSxS\amd64_microsoft.windows.common-controls_6595b64144ccf1df_6.0.26100.8521_none_3e08b75ce33403b3;C:\Users\Anshika\.vscode\extensions\redhat.java-1.55.0-win32-x64\jre\21.0.11-win32-x86_64\bin\server;C:\Users\Anshika\.gradle\native\c067742578af261105cb4f569cf0c3c89f3d7b1fecec35dd04571415982c5e48\windows-amd64;C:\Users\Anshika\.gradle\native\100fb08df4bc3b14c8652ba06237920a3bd2aa13389f12d3474272988ae205f9\windows-amd64

VM Arguments:
jvm_args: --add-opens=java.base/java.util=ALL-UNNAMED --add-opens=java.base/java.lang=ALL-UNNAMED --add-opens=java.base/java.lang.invoke=ALL-UNNAMED --add-opens=java.prefs/java.util.prefs=ALL-UNNAMED --add-exports=jdk.compiler/com.sun.tools.javac.api=ALL-UNNAMED --add-exports=jdk.compiler/com.sun.tools.javac.util=ALL-UNNAMED --add-opens=java.base/java.nio.charset=ALL-UNNAMED --add-opens=java.base/java.net=ALL-UNNAMED --add-opens=java.base/java.util.concurrent.atomic=ALL-UNNAMED -XX:MaxMetaspaceSize=384m -XX:+HeapDumpOnOutOfMemoryError -Xms256m -Xmx512m -Dfile.encoding=utf8 -Duser.country=IN -Duser.language=en -Duser.variant -javaagent:C:\Users\Anshika\.gradle\wrapper\dists\gradle-8.9-bin\90cnw93cvbtalezasaz0blq0a\gradle-8.9\lib\agents\gradle-instrumentation-agent-8.9.jar 
java_command: org.gradle.launcher.daemon.bootstrap.GradleDaemon 8.9
java_class_path (initial): C:\Users\Anshika\.gradle\wrapper\dists\gradle-8.9-bin\90cnw93cvbtalezasaz0blq0a\gradle-8.9\lib\gradle-daemon-main-8.9.jar
Launcher Type: SUN_STANDARD

[Global flags]
     intx CICompilerCount                          = 12                                        {product} {ergonomic}
   size_t CompressedClassSpaceSize                 = 335544320                                 {product} {ergonomic}
     uint ConcGCThreads                            = 3                                         {product} {ergonomic}
     uint G1ConcRefinementThreads                  = 13                                        {product} {ergonomic}
   size_t G1HeapRegionSize                         = 1048576                                   {product} {ergonomic}
    uintx GCDrainStackTargetSize                   = 64                                        {product} {ergonomic}
     bool HeapDumpOnOutOfMemoryError               = true                                   {manageable} {command line}
   size_t InitialHeapSize                          = 268435456                                 {product} {command line}
   size_t MarkStackSize                            = 4194304                                   {product} {ergonomic}
   size_t MaxHeapSize                              = 536870912                                 {product} {command line}
   size_t MaxMetaspaceSize                         = 402653184                                 {product} {command line}
   size_t MaxNewSize                               = 321912832                                 {product} {ergonomic}
   size_t MinHeapDeltaBytes                        = 1048576                                   {product} {ergonomic}
   size_t MinHeapSize                              = 268435456                                 {product} {command line}
    uintx NonNMethodCodeHeapSize                   = 7602480                                {pd product} {ergonomic}
    uintx NonProfiledCodeHeapSize                  = 122027880                              {pd product} {ergonomic}
    uintx ProfiledCodeHeapSize                     = 122027880                              {pd product} {ergonomic}
    uintx ReservedCodeCacheSize                    = 251658240                              {pd product} {ergonomic}
     bool SegmentedCodeCache                       = true                                      {product} {ergonomic}
   size_t SoftMaxHeapSize                          = 536870912                              {manageable} {ergonomic}
     bool UseCompressedOops                        = true                           {product lp64_product} {ergonomic}
     bool UseG1GC                                  = true                                      {product} {ergonomic}
     bool UseLargePagesIndividualAllocation        = false                                  {pd product} {ergonomic}

Logging:
Log output configuration:
 #0: stdout all=warning uptime,level,tags foldmultilines=false
 #1: stderr all=off uptime,level,tags foldmultilines=false

Release file:
JAVA_VERSION="21.0.11" 
MODULES="java.base java.compiler java.datatransfer java.xml java.prefs java.desktop java.instrument java.logging java.management java.security.sasl java.naming java.rmi java.management.rmi java.net.http java.scripting java.security.jgss java.transaction.xa java.sql java.sql.rowset java.xml.crypto java.se java.smartcardio jdk.accessibility jdk.internal.jvmstat jdk.attach jdk.charsets jdk.internal.opt jdk.zipfs jdk.compiler jdk.crypto.ec jdk.crypto.cryptoki jdk.crypto.mscapi jdk.dynalink jdk.internal.ed jdk.editpad jdk.hotspot.agent jdk.httpserver jdk.internal.le jdk.internal.vm.ci jdk.internal.vm.compiler jdk.internal.vm.compiler.management jdk.jartool jdk.javadoc jdk.jcmd jdk.management jdk.management.agent jdk.jconsole jdk.jdeps jdk.jdwp.agent jdk.jdi jdk.jfr jdk.jshell jdk.jsobject jdk.jstatd jdk.localedata jdk.management.jfr jdk.naming.dns jdk.naming.rmi jdk.net jdk.nio.mapmode jdk.random jdk.sctp jdk.security.auth jdk.security.jgss jdk.unsupported jdk.unsupported.desktop jdk.xml.dom" 

Environment Variables:
JAVA_HOME=C:\Program Files\Android\Android Studio\jbr

PATH=C:\Program Files\Microsoft SDKs\Azure\CLI2\wbin;C:\Program Files\Common Files\Oracle\Java\javapath;C:\Program Files\Python313\Scripts\;C:\Program Files\Python313\;C:\windows\system32;C:\windows;C:\windows\System32\Wbem;C:\windows\System32\WindowsPowerShell\v1.0\;C:\windows\System32\OpenSSH\;C:\Program Files (x86)\NVIDIA Corporation\PhysX\Common;C:\Program Files\NVIDIA Corporation\NVIDIA NvDLISR;C:\Users\Administrator\AppData\Local\Microsoft\WindowsApps;C:\Program Files\HP\OMEN-Broadcast\Common;C:\Program Files\Java\jdk-24\bin;C:\ffmpeg\bin;C:\Program Files (x86)\QuickTime\QTSystem\;C:\Program Files\dotnet\;C:\Program Files\PuTTY\;C:\Program Files\Git\cmd;C:\Program Files\Git\bin;C:\Program Files\Git\cmd;C:\Users\Anshika\Downloads\apache-maven-3.9.14-bin\apache-maven-3.9.14\bin;C:\Users\Anshika\AppData\Roaming\Python\Python313\Scripts;C:\Users\Anshika\Downloads\terraform_1.14.7_windows_386;C:\Users\Anshika\Downloads\terraform_1.14.7_windows_386\terraform.exe;C:\Program Files\Docker\Docker\resources\bin;C:\Program Files\eSpeak NG;C:\Program Files\eSpeak NG\bin;C:\Program Files\nodejs\;C:\Users\Anshika\AppData\Local\agy\bin;C:\Users\Anshika\Downloads\Piper\piper1-gpl-main\.venv\Scripts;c:\Users\Anshika\AppData\Roaming\Code\User\globalStorage\github.copilot-chat\debugCommand;c:\Users\Anshika\AppData\Roaming\Code\User\globalStorage\github.copilot-chat\copilotCli;C:\Users\Anshika\AppData\Local\Programs\Microsoft VS Code;C:\Program Files\Microsoft SDKs\Azure\CLI2\wbin;C:\Program Files\Common Files\Oracle\Java\javapath;C:\Program Files\Python313\Scripts\;C:\Program Files\Python313\;C:\windows\system32;C:\windows;C:\windows\System32\Wbem;C:\windows\System32\WindowsPowerShell\v1.0\;C:\windows\System32\OpenSSH\;C:\Program Files (x86)\NVIDIA Corporation\PhysX\Common;C:\Program Files\NVIDIA Corporation\NVIDIA NvDLISR;C:\Users\Administrator\AppData\Local\Microsoft\WindowsApps;C:\Program Files\HP\OMEN-Broadcast\Common;C:\Program Files\HP\HP One Agent;C:\Program Files\Java\jdk-24\bin;C:\ffmpeg\bin;C:\Program Files (x86)\QuickTime\QTSystem\;C:\Program Files\dotnet\;C:\Program Files\PuTTY\;C:\Program Files\Git\cmd;C:\Program Files\Git\bin;C:\P;C:\Users\Anshika\AppData\Local\Programs\Antigravity\bin;C:\Users\Anshika\AppData\Local\Programs\Microsoft VS Code\bin;C:\Users\Anshika\AppData\Local\Programs\Antigravity IDE\bin;C:\Users\Anshika\AppData\Roaming\npm;C:\Users\Anshika\AppData\Local\Programs\cursor\resources\app\bin
USERNAME=Anshika
OS=Windows_NT
PROCESSOR_IDENTIFIER=AMD64 Family 25 Model 116 Stepping 1, AuthenticAMD
TMP=C:\Users\Anshika\AppData\Local\Temp
TEMP=C:\Users\Anshika\AppData\Local\Temp




Periodic native trim disabled

---------------  S Y S T E M  ---------------

OS:
 Windows 11 , 64 bit Build 26100 (10.0.26100.8521)
OS uptime: 2 days 8:54 hours
Hyper-V role detected

CPU: total 16 (initial active 16) (16 cores per cpu, 2 threads per core) family 25 model 116 stepping 1 microcode 0xa704109, cx8, cmov, fxsr, ht, mmx, 3dnowpref, sse, sse2, sse3, ssse3, sse4a, sse4.1, sse4.2, popcnt, lzcnt, tsc, tscinvbit, avx, avx2, aes, erms, clmul, bmi1, bmi2, adx, avx512f, avx512dq, avx512cd, avx512bw, avx512vl, sha, fma, vzeroupper, avx512_vpopcntdq, avx512_vpclmulqdq, avx512_vaes, avx512_vnni, clflush, clflushopt, avx512_vbmi2, avx512_vbmi, hv, rdtscp, rdpid, fsrm, gfni, avx512_bitalg, f16c, cet_ss, avx512_ifma
Processor Information for the first 16 processors :
  Max Mhz: 3801, Current Mhz: 2516, Mhz Limit: 3801

Memory: 4k page, system-wide physical 15654M (63M free)
TotalPageFile size 56315M (AvailPageFile size 28M)
current process WorkingSet (physical memory assigned to process): 262M, peak: 351M
current process commit charge ("private bytes"): 575M, peak: 581M

vm_info: OpenJDK 64-Bit Server VM (21.0.11+10-LTS) for windows-amd64 JRE (21.0.11+10-LTS), built on 2026-04-21T00:00:00Z by "admin" with MS VC++ 17.12 (VS2022)

END.
