#
# There is insufficient memory for the Java Runtime Environment to continue.
# Native memory allocation (malloc) failed to allocate 1298256 bytes. Error detail: Chunk::new
# Possible reasons:
#   The system is out of physical RAM or swap space
#   This process is running with CompressedOops enabled, and the Java Heap may be blocking the growth of the native heap
# Possible solutions:
#   Reduce memory load on the system
#   Increase physical memory or swap space
#   Check if swap backing store is full
#   Decrease Java heap size (-Xmx/-Xms)
#   Decrease number of Java threads
#   Decrease Java thread stack sizes (-Xss)
#   Set larger code cache with -XX:ReservedCodeCacheSize=
#   JVM is running with Unscaled Compressed Oops mode in which the Java heap is
#     placed in the first 4GB address space. The Java Heap base address is the
#     maximum limit for the native heap growth. Please use -XX:HeapBaseMinAddress
#     to set the Java Heap base and to place the Java Heap above 4GB virtual address.
# This output file may be truncated or incomplete.
#
#  Out of Memory Error (arena.cpp:168), pid=47272, tid=30544
#
# JRE version: OpenJDK Runtime Environment Temurin-21.0.11+10 (21.0.11+10) (build 21.0.11+10-LTS)
# Java VM: OpenJDK 64-Bit Server VM Temurin-21.0.11+10 (21.0.11+10-LTS, mixed mode, sharing, tiered, compressed oops, compressed class ptrs, g1 gc, windows-amd64)
# No core dump will be written. Minidumps are not enabled by default on client versions of Windows
#

---------------  S U M M A R Y ------------

Command Line: --add-opens=java.base/java.util=ALL-UNNAMED --add-opens=java.base/java.lang=ALL-UNNAMED --add-opens=java.base/java.lang.invoke=ALL-UNNAMED --add-opens=java.prefs/java.util.prefs=ALL-UNNAMED --add-exports=jdk.compiler/com.sun.tools.javac.api=ALL-UNNAMED --add-exports=jdk.compiler/com.sun.tools.javac.util=ALL-UNNAMED --add-opens=java.base/java.nio.charset=ALL-UNNAMED --add-opens=java.base/java.net=ALL-UNNAMED --add-opens=java.base/java.util.concurrent.atomic=ALL-UNNAMED -XX:MaxMetaspaceSize=384m -XX:+HeapDumpOnOutOfMemoryError -Xms256m -Xmx512m -Dfile.encoding=utf8 -Duser.country=IN -Duser.language=en -Duser.variant -javaagent:C:\Users\Anshika\.gradle\wrapper\dists\gradle-8.9-bin\90cnw93cvbtalezasaz0blq0a\gradle-8.9\lib\agents\gradle-instrumentation-agent-8.9.jar org.gradle.launcher.daemon.bootstrap.GradleDaemon 8.9

Host: AMD Ryzen 7 7840HS w/ Radeon 780M Graphics     , 16 cores, 15G,  Windows 11 , 64 bit Build 26100 (10.0.26100.8521)
Time: Sat Jun 27 00:49:57 2026 India Standard Time elapsed time: 893.227561 seconds (0d 0h 14m 53s)

---------------  T H R E A D  ---------------

Current thread (0x000001eb9e9a8cd0):  JavaThread "C2 CompilerThread0" daemon [_thread_in_native, id=30544, stack(0x0000008906b00000,0x0000008906c00000) (1024K)]


Current CompileTask:
C2:893229 20488       4       org.gradle.cache.internal.DefaultFileLockManager$DefaultFileLock$1::run (252 bytes)

Stack: [0x0000008906b00000,0x0000008906c00000]
Native frames: (J=compiled Java code, j=interpreted, Vv=VM code, C=native code)
V  [jvm.dll+0x6d7e19]
V  [jvm.dll+0x8b5096]
V  [jvm.dll+0x8b764e]
V  [jvm.dll+0x8b7d33]
V  [jvm.dll+0x284596]
V  [jvm.dll+0xc685d]
V  [jvm.dll+0xc6da1]
V  [jvm.dll+0x3bed31]
V  [jvm.dll+0x38b2b2]
V  [jvm.dll+0x38a6fa]
V  [jvm.dll+0x24c700]
V  [jvm.dll+0x24bce0]
V  [jvm.dll+0x1cb4ae]
V  [jvm.dll+0x25baad]
V  [jvm.dll+0x25a03a]
V  [jvm.dll+0x3f868e]
V  [jvm.dll+0x85fb0d]
V  [jvm.dll+0x6d664d]
C  [ucrtbase.dll+0x2cd30]
C  [KERNEL32.DLL+0x2e957]
C  [ntdll.dll+0x87c1c]


---------------  P R O C E S S  ---------------

Threads class SMR info:
_java_thread_list=0x000001ebc324ab70, length=84, elements={
0x000001eb88511ac0, 0x000001eb9e9955a0, 0x000001eb9e998010, 0x000001eb9e99a1d0,
0x000001eb9e999b40, 0x000001eb9e99a860, 0x000001eb9e99aef0, 0x000001eb9e9a8cd0,
0x000001eb9e9bdb90, 0x000001eb9e99b580, 0x000001eb9e99bc10, 0x000001eb9e998e20,
0x000001ebb9ae5980, 0x000001ebb9ae6d30, 0x000001ebb9ae9b20, 0x000001ebb9ae80e0,
0x000001ebb9aecfa0, 0x000001ebb9aec280, 0x000001ebb9aec910, 0x000001ebbc11ffb0,
0x000001ebbc124150, 0x000001ebbc1247e0, 0x000001ebbc122080, 0x000001ebbb294b70,
0x000001ebbc9313e0, 0x000001ebbb7a5370, 0x000001ebbb7aaf50, 0x000001ebbb7a6720,
0x000001ebbb7a4ce0, 0x000001ebbb7a6db0, 0x000001ebbb7a6090, 0x000001ebbb7a3930,
0x000001ebbb7a7440, 0x000001ebbb7a3fc0, 0x000001ebbb7a9ba0, 0x000001ebbb7a7ad0,
0x000001ebbb7a8e80, 0x000001ebbb7a8160, 0x000001ebbb7a9510, 0x000001ebbb7aa8c0,
0x000001ebbb7aa230, 0x000001ebbb7a87f0, 0x000001ebbc9334b0, 0x000001ebbc930030,
0x000001ebbc933b40, 0x000001ebbc9306c0, 0x000001ebbc930d50, 0x000001ebbc9341d0,
0x000001ebbc934860, 0x000001ebbc934ef0, 0x000001ebbc931a70, 0x000001ebbc935580,
0x000001ebbc932100, 0x000001ebbc935c10, 0x000001ebbc932790, 0x000001ebbc936fc0,
0x000001ebbc9362a0, 0x000001ebbc937650, 0x000001ebb8debe70, 0x000001ebb8dec500,
0x000001ebb8deaac0, 0x000001ebb8ded220, 0x000001ebb8decb90, 0x000001ebb8dea430,
0x000001ebb8dee5d0, 0x000001ebb8df0010, 0x000001ebb8def2f0, 0x000001ebb8df0d30,
0x000001ebb8ded8b0, 0x000001ebb8df13c0, 0x000001ebb8dedf40, 0x000001ebb8def980,
0x000001ebb8df1a50, 0x000001ebbc122710, 0x000001ebbc122da0, 0x000001ebbc123430,
0x000001ebbc123ac0, 0x000001ebbc120cd0, 0x000001ebbc120640, 0x000001ebbc125500,
0x000001ebbc125b90, 0x000001ebbc126220, 0x000001ebbc1268b0, 0x000001ebbc126f40
}

Java Threads: ( => current thread )
  0x000001eb88511ac0 JavaThread "main"                              [_thread_blocked, id=10276, stack(0x0000008905d00000,0x0000008905e00000) (1024K)]
  0x000001eb9e9955a0 JavaThread "Reference Handler"          daemon [_thread_blocked, id=17556, stack(0x0000008906500000,0x0000008906600000) (1024K)]
  0x000001eb9e998010 JavaThread "Finalizer"                  daemon [_thread_blocked, id=42784, stack(0x0000008906600000,0x0000008906700000) (1024K)]
  0x000001eb9e99a1d0 JavaThread "Signal Dispatcher"          daemon [_thread_blocked, id=48300, stack(0x0000008906700000,0x0000008906800000) (1024K)]
  0x000001eb9e999b40 JavaThread "Attach Listener"            daemon [_thread_blocked, id=49032, stack(0x0000008906800000,0x0000008906900000) (1024K)]
  0x000001eb9e99a860 JavaThread "Service Thread"             daemon [_thread_blocked, id=16760, stack(0x0000008906900000,0x0000008906a00000) (1024K)]
  0x000001eb9e99aef0 JavaThread "Monitor Deflation Thread"   daemon [_thread_blocked, id=45028, stack(0x0000008906a00000,0x0000008906b00000) (1024K)]
=>0x000001eb9e9a8cd0 JavaThread "C2 CompilerThread0"         daemon [_thread_in_native, id=30544, stack(0x0000008906b00000,0x0000008906c00000) (1024K)]
  0x000001eb9e9bdb90 JavaThread "C1 CompilerThread0"         daemon [_thread_blocked, id=26168, stack(0x0000008906c00000,0x0000008906d00000) (1024K)]
  0x000001eb9e99b580 JavaThread "Common-Cleaner"             daemon [_thread_blocked, id=34624, stack(0x0000008906e00000,0x0000008906f00000) (1024K)]
  0x000001eb9e99bc10 JavaThread "Notification Thread"        daemon [_thread_blocked, id=21480, stack(0x0000008906f00000,0x0000008907000000) (1024K)]
  0x000001eb9e998e20 JavaThread "Daemon health stats"               [_thread_blocked, id=13068, stack(0x0000008907600000,0x0000008907700000) (1024K)]
  0x000001ebb9ae5980 JavaThread "Incoming local TCP Connector on port 58527"        [_thread_in_native, id=49904, stack(0x0000008907800000,0x0000008907900000) (1024K)]
  0x000001ebb9ae6d30 JavaThread "Daemon periodic checks"            [_thread_blocked, id=50316, stack(0x0000008907900000,0x0000008907a00000) (1024K)]
  0x000001ebb9ae9b20 JavaThread "Cache worker for journal cache (C:\Users\Anshika\.gradle\caches\journal-1)"        [_thread_blocked, id=17908, stack(0x0000008908800000,0x0000008908900000) (1024K)]
  0x000001ebb9ae80e0 JavaThread "File lock request listener"        [_thread_in_native, id=50472, stack(0x0000008908900000,0x0000008908a00000) (1024K)]
  0x000001ebb9aecfa0 JavaThread "Cache worker for file hash cache (C:\Users\Anshika\.gradle\caches\8.9\fileHashes)"        [_thread_blocked, id=44184, stack(0x0000008908a00000,0x0000008908b00000) (1024K)]
  0x000001ebb9aec280 JavaThread "File watcher server"        daemon [_thread_in_native, id=11424, stack(0x0000008909000000,0x0000008909100000) (1024K)]
  0x000001ebb9aec910 JavaThread "File watcher consumer"      daemon [_thread_blocked, id=26412, stack(0x0000008909100000,0x0000008909200000) (1024K)]
  0x000001ebbc11ffb0 JavaThread "Cache worker for file content cache (C:\Users\Anshika\.gradle\caches\8.9\fileContent)"        [_thread_blocked, id=51360, stack(0x0000008909300000,0x0000008909400000) (1024K)]
  0x000001ebbc124150 JavaThread "jar transforms"                    [_thread_blocked, id=52748, stack(0x0000008906d00000,0x0000008906e00000) (1024K)]
  0x000001ebbc1247e0 JavaThread "jar transforms Thread 2"           [_thread_blocked, id=5468, stack(0x0000008907500000,0x0000008907600000) (1024K)]
  0x000001ebbc122080 JavaThread "jar transforms Thread 3"           [_thread_blocked, id=33276, stack(0x0000008907700000,0x0000008907800000) (1024K)]
  0x000001ebbb294b70 JavaThread "Memory manager"                    [_thread_blocked, id=53696, stack(0x000000890c100000,0x000000890c200000) (1024K)]
  0x000001ebbc9313e0 JavaThread "Daemon worker Thread 2"            [_thread_blocked, id=48752, stack(0x0000008907a00000,0x0000008907b00000) (1024K)]
  0x000001ebbb7a5370 JavaThread "Daemon Thread 3"                   [_thread_blocked, id=53844, stack(0x0000008905b00000,0x0000008905c00000) (1024K)]
  0x000001ebbb7aaf50 JavaThread "File lock release action executor Thread 3"        [_thread_blocked, id=50768, stack(0x0000008909500000,0x0000008909600000) (1024K)]
  0x000001ebbb7a6720 JavaThread "Handler for socket connection from /127.0.0.1:58527 to /127.0.0.1:52651"        [_thread_in_native, id=24328, stack(0x0000008905a00000,0x0000008905b00000) (1024K)]
  0x000001ebbb7a4ce0 JavaThread "Cancel handler"                    [_thread_blocked, id=49932, stack(0x0000008907b00000,0x0000008907c00000) (1024K)]
  0x000001ebbb7a6db0 JavaThread "Asynchronous log dispatcher for DefaultDaemonConnection: socket connection from /127.0.0.1:58527 to /127.0.0.1:52651"        [_thread_blocked, id=49156, stack(0x0000008908400000,0x0000008908500000) (1024K)]
  0x000001ebbb7a6090 JavaThread "Stdin handler"                     [_thread_blocked, id=30164, stack(0x0000008908500000,0x0000008908600000) (1024K)]
  0x000001ebbb7a3930 JavaThread "Daemon client event forwarder"        [_thread_blocked, id=41296, stack(0x0000008908600000,0x0000008908700000) (1024K)]
  0x000001ebbb7a7440 JavaThread "Cache worker for file hash cache (C:\Users\Anshika\Documents\Pull-Up\Pull-up\pullup\node_modules\expo-modules-autolinking\android\expo-gradle-plugin\.gradle\8.9\fileHashes)"        [_thread_blocked, id=36988, stack(0x0000008908700000,0x0000008908800000) (1024K)]
  0x000001ebbb7a3fc0 JavaThread "Cache worker for Build Output Cleanup Cache (C:\Users\Anshika\Documents\Pull-Up\Pull-up\pullup\node_modules\expo-modules-autolinking\android\expo-gradle-plugin\.gradle\buildOutputCleanup)"        [_thread_blocked, id=50160, stack(0x0000008908b00000,0x0000008908c00000) (1024K)]
  0x000001ebbb7a9ba0 JavaThread "Cache worker for checksums cache (C:\Users\Anshika\Documents\Pull-Up\Pull-up\pullup\node_modules\expo-modules-autolinking\android\expo-gradle-plugin\.gradle\8.9\checksums)"        [_thread_blocked, id=50780, stack(0x0000008908e00000,0x0000008908f00000) (1024K)]
  0x000001ebbb7a7ad0 JavaThread "Cache worker for cache directory md-rule (C:\Users\Anshika\.gradle\caches\8.9\md-rule)"        [_thread_blocked, id=27492, stack(0x0000008908f00000,0x0000008909000000) (1024K)]
  0x000001ebbb7a8e80 JavaThread "Cache worker for cache directory md-supplier (C:\Users\Anshika\.gradle\caches\8.9\md-supplier)"        [_thread_blocked, id=12952, stack(0x0000008909200000,0x0000008909300000) (1024K)]
  0x000001ebbb7a8160 JavaThread "Unconstrained build operations"        [_thread_blocked, id=26356, stack(0x0000008909400000,0x0000008909500000) (1024K)]
  0x000001ebbb7a9510 JavaThread "Unconstrained build operations Thread 2"        [_thread_blocked, id=3388, stack(0x0000008909600000,0x0000008909700000) (1024K)]
  0x000001ebbb7aa8c0 JavaThread "Unconstrained build operations Thread 3"        [_thread_blocked, id=30276, stack(0x0000008909700000,0x0000008909800000) (1024K)]
  0x000001ebbb7aa230 JavaThread "Unconstrained build operations Thread 4"        [_thread_blocked, id=45264, stack(0x0000008909800000,0x0000008909900000) (1024K)]
  0x000001ebbb7a87f0 JavaThread "Unconstrained build operations Thread 5"        [_thread_blocked, id=44236, stack(0x0000008909900000,0x0000008909a00000) (1024K)]
  0x000001ebbc9334b0 JavaThread "Unconstrained build operations Thread 6"        [_thread_blocked, id=21112, stack(0x0000008909a00000,0x0000008909b00000) (1024K)]
  0x000001ebbc930030 JavaThread "Unconstrained build operations Thread 7"        [_thread_blocked, id=42328, stack(0x0000008909b00000,0x0000008909c00000) (1024K)]
  0x000001ebbc933b40 JavaThread "Unconstrained build operations Thread 8"        [_thread_blocked, id=17136, stack(0x0000008909c00000,0x0000008909d00000) (1024K)]
  0x000001ebbc9306c0 JavaThread "Unconstrained build operations Thread 9"        [_thread_blocked, id=34252, stack(0x0000008909d00000,0x0000008909e00000) (1024K)]
  0x000001ebbc930d50 JavaThread "Unconstrained build operations Thread 10"        [_thread_blocked, id=37096, stack(0x0000008909e00000,0x0000008909f00000) (1024K)]
  0x000001ebbc9341d0 JavaThread "Unconstrained build operations Thread 11"        [_thread_blocked, id=19236, stack(0x0000008909f00000,0x000000890a000000) (1024K)]
  0x000001ebbc934860 JavaThread "Unconstrained build operations Thread 12"        [_thread_blocked, id=45932, stack(0x000000890a000000,0x000000890a100000) (1024K)]
  0x000001ebbc934ef0 JavaThread "Unconstrained build operations Thread 13"        [_thread_blocked, id=39180, stack(0x000000890a100000,0x000000890a200000) (1024K)]
  0x000001ebbc931a70 JavaThread "Unconstrained build operations Thread 14"        [_thread_blocked, id=30324, stack(0x000000890a200000,0x000000890a300000) (1024K)]
  0x000001ebbc935580 JavaThread "Unconstrained build operations Thread 15"        [_thread_blocked, id=22020, stack(0x000000890a300000,0x000000890a400000) (1024K)]
  0x000001ebbc932100 JavaThread "Unconstrained build operations Thread 16"        [_thread_blocked, id=50952, stack(0x000000890a400000,0x000000890a500000) (1024K)]
  0x000001ebbc935c10 JavaThread "Unconstrained build operations Thread 17"        [_thread_blocked, id=52444, stack(0x000000890a500000,0x000000890a600000) (1024K)]
  0x000001ebbc932790 JavaThread "Unconstrained build operations Thread 18"        [_thread_blocked, id=39636, stack(0x000000890a600000,0x000000890a700000) (1024K)]
  0x000001ebbc936fc0 JavaThread "Unconstrained build operations Thread 19"        [_thread_blocked, id=37732, stack(0x000000890a700000,0x000000890a800000) (1024K)]
  0x000001ebbc9362a0 JavaThread "Unconstrained build operations Thread 20"        [_thread_blocked, id=31964, stack(0x000000890a800000,0x000000890a900000) (1024K)]
  0x000001ebbc937650 JavaThread "Unconstrained build operations Thread 21"        [_thread_blocked, id=50596, stack(0x000000890a900000,0x000000890aa00000) (1024K)]
  0x000001ebb8debe70 JavaThread "Unconstrained build operations Thread 22"        [_thread_blocked, id=54864, stack(0x000000890aa00000,0x000000890ab00000) (1024K)]
  0x000001ebb8dec500 JavaThread "Unconstrained build operations Thread 23"        [_thread_blocked, id=54056, stack(0x000000890ab00000,0x000000890ac00000) (1024K)]
  0x000001ebb8deaac0 JavaThread "Unconstrained build operations Thread 24"        [_thread_blocked, id=40844, stack(0x000000890ac00000,0x000000890ad00000) (1024K)]
  0x000001ebb8ded220 JavaThread "Unconstrained build operations Thread 25"        [_thread_blocked, id=5620, stack(0x000000890ad00000,0x000000890ae00000) (1024K)]
  0x000001ebb8decb90 JavaThread "Unconstrained build operations Thread 26"        [_thread_blocked, id=50356, stack(0x000000890ae00000,0x000000890af00000) (1024K)]
  0x000001ebb8dea430 JavaThread "Unconstrained build operations Thread 27"        [_thread_blocked, id=16964, stack(0x000000890af00000,0x000000890b000000) (1024K)]
  0x000001ebb8dee5d0 JavaThread "Unconstrained build operations Thread 28"        [_thread_blocked, id=47304, stack(0x000000890b000000,0x000000890b100000) (1024K)]
  0x000001ebb8df0010 JavaThread "Unconstrained build operations Thread 29"        [_thread_blocked, id=55028, stack(0x000000890b100000,0x000000890b200000) (1024K)]
  0x000001ebb8def2f0 JavaThread "Unconstrained build operations Thread 30"        [_thread_blocked, id=50040, stack(0x000000890b200000,0x000000890b300000) (1024K)]
  0x000001ebb8df0d30 JavaThread "build event listener"              [_thread_blocked, id=9772, stack(0x000000890b300000,0x000000890b400000) (1024K)]
  0x000001ebb8ded8b0 JavaThread "Unconstrained build operations Thread 31"        [_thread_blocked, id=40416, stack(0x000000890b400000,0x000000890b500000) (1024K)]
  0x000001ebb8df13c0 JavaThread "Unconstrained build operations Thread 32"        [_thread_blocked, id=13960, stack(0x000000890b500000,0x000000890b600000) (1024K)]
  0x000001ebb8dedf40 JavaThread "Unconstrained build operations Thread 33"        [_thread_blocked, id=30748, stack(0x000000890b600000,0x000000890b700000) (1024K)]
  0x000001ebb8def980 JavaThread "Unconstrained build operations Thread 34"        [_thread_blocked, id=53280, stack(0x000000890b700000,0x000000890b800000) (1024K)]
  0x000001ebb8df1a50 JavaThread "Unconstrained build operations Thread 35"        [_thread_blocked, id=53072, stack(0x000000890b800000,0x000000890b900000) (1024K)]
  0x000001ebbc122710 JavaThread "Unconstrained build operations Thread 36"        [_thread_blocked, id=49184, stack(0x000000890b900000,0x000000890ba00000) (1024K)]
  0x000001ebbc122da0 JavaThread "Unconstrained build operations Thread 37"        [_thread_blocked, id=51916, stack(0x000000890ba00000,0x000000890bb00000) (1024K)]
  0x000001ebbc123430 JavaThread "Unconstrained build operations Thread 38"        [_thread_blocked, id=32212, stack(0x000000890bb00000,0x000000890bc00000) (1024K)]
  0x000001ebbc123ac0 JavaThread "Unconstrained build operations Thread 39"        [_thread_blocked, id=47588, stack(0x000000890bc00000,0x000000890bd00000) (1024K)]
  0x000001ebbc120cd0 JavaThread "Unconstrained build operations Thread 40"        [_thread_blocked, id=27912, stack(0x000000890bd00000,0x000000890be00000) (1024K)]
  0x000001ebbc120640 JavaThread "Unconstrained build operations Thread 41"        [_thread_blocked, id=53228, stack(0x000000890be00000,0x000000890bf00000) (1024K)]
  0x000001ebbc125500 JavaThread "Unconstrained build operations Thread 42"        [_thread_blocked, id=12224, stack(0x000000890bf00000,0x000000890c000000) (1024K)]
  0x000001ebbc125b90 JavaThread "Unconstrained build operations Thread 43"        [_thread_blocked, id=48368, stack(0x000000890c000000,0x000000890c100000) (1024K)]
  0x000001ebbc126220 JavaThread "Unconstrained build operations Thread 44"        [_thread_blocked, id=41460, stack(0x000000890c200000,0x000000890c300000) (1024K)]
  0x000001ebbc1268b0 JavaThread "Unconstrained build operations Thread 45"        [_thread_blocked, id=43236, stack(0x000000890c300000,0x000000890c400000) (1024K)]
  0x000001ebbc126f40 JavaThread "Unconstrained build operations Thread 46"        [_thread_blocked, id=29048, stack(0x000000890c400000,0x000000890c500000) (1024K)]
Total: 84

Other Threads:
  0x000001eb9e977a40 VMThread "VM Thread"                           [id=8264, stack(0x0000008906400000,0x0000008906500000) (1024K)]
  0x000001eb9e968250 WatcherThread "VM Periodic Task Thread"        [id=32436, stack(0x0000008906300000,0x0000008906400000) (1024K)]
  0x000001eb8853f9b0 WorkerThread "GC Thread#0"                     [id=12516, stack(0x0000008905e00000,0x0000008905f00000) (1024K)]
  0x000001ebb80b6e70 WorkerThread "GC Thread#1"                     [id=50936, stack(0x0000008907000000,0x0000008907100000) (1024K)]
  0x000001ebb80b7220 WorkerThread "GC Thread#2"                     [id=51620, stack(0x0000008907100000,0x0000008907200000) (1024K)]
  0x000001ebb82ae770 WorkerThread "GC Thread#3"                     [id=43576, stack(0x0000008907200000,0x0000008907300000) (1024K)]
  0x000001ebb82aeb20 WorkerThread "GC Thread#4"                     [id=50468, stack(0x0000008907300000,0x0000008907400000) (1024K)]
  0x000001ebb82aeed0 WorkerThread "GC Thread#5"                     [id=52136, stack(0x0000008907400000,0x0000008907500000) (1024K)]
  0x000001eb9ed03c50 WorkerThread "GC Thread#6"                     [id=48032, stack(0x0000008907c00000,0x0000008907d00000) (1024K)]
  0x000001eb9ed1aed0 WorkerThread "GC Thread#7"                     [id=30332, stack(0x0000008907d00000,0x0000008907e00000) (1024K)]
  0x000001eb9ed15410 WorkerThread "GC Thread#8"                     [id=52208, stack(0x0000008907e00000,0x0000008907f00000) (1024K)]
  0x000001eb9ed15060 WorkerThread "GC Thread#9"                     [id=37152, stack(0x0000008907f00000,0x0000008908000000) (1024K)]
  0x000001eb9ed157c0 WorkerThread "GC Thread#10"                    [id=51344, stack(0x0000008908000000,0x0000008908100000) (1024K)]
  0x000001eb9ed141a0 WorkerThread "GC Thread#11"                    [id=51700, stack(0x0000008908100000,0x0000008908200000) (1024K)]
  0x000001eb9ed15b70 WorkerThread "GC Thread#12"                    [id=51688, stack(0x0000008908200000,0x0000008908300000) (1024K)]
  0x000001eb885450c0 ConcurrentGCThread "G1 Main Marker"            [id=48556, stack(0x0000008905f00000,0x0000008906000000) (1024K)]
  0x000001eb88545ae0 WorkerThread "G1 Conc#0"                       [id=42020, stack(0x0000008906000000,0x0000008906100000) (1024K)]
  0x000001ebbaff9dc0 WorkerThread "G1 Conc#1"                       [id=48816, stack(0x0000008908c00000,0x0000008908d00000) (1024K)]
  0x000001ebbaffb030 WorkerThread "G1 Conc#2"                       [id=51028, stack(0x0000008908d00000,0x0000008908e00000) (1024K)]
  0x000001eb9e83bee0 ConcurrentGCThread "G1 Refine#0"               [id=13588, stack(0x0000008906100000,0x0000008906200000) (1024K)]
  0x000001eb9e83c810 ConcurrentGCThread "G1 Service"                [id=31580, stack(0x0000008906200000,0x0000008906300000) (1024K)]
Total: 21

Threads with active compile tasks:
C2 CompilerThread0  893499 20488       4       org.gradle.cache.internal.DefaultFileLockManager$DefaultFileLock$1::run (252 bytes)
Total: 1

VM state: not at safepoint (normal execution)

VM Mutex/Monitor currently owned by a thread: None

Heap address: 0x00000000e0000000, size: 512 MB, Compressed Oops mode: 32-bit

CDS archive(s) mapped at: [0x000001eb9f000000-0x000001eb9fba0000-0x000001eb9fba0000), size 12189696, SharedBaseAddress: 0x000001eb9f000000, ArchiveRelocationMode: 1.
Compressed class space mapped at: 0x000001eba0000000-0x000001ebb4000000, reserved size: 335544320
Narrow klass base: 0x000001eb9f000000, Narrow klass shift: 0, Narrow klass range: 0x100000000

GC Precious Log:
 CardTable entry size: 512
 Card Set container configuration: InlinePtr #cards 5 size 8 Array Of Cards #cards 12 size 40 Howl #buckets 4 coarsen threshold 1843 Howl Bitmap #cards 512 size 80 coarsen threshold 460 Card regions per heap region 1 cards per card region 2048
 CPUs: 16 total, 16 available
 Memory: 15654M
 Large Page Support: Disabled
 NUMA Support: Disabled
 Compressed Oops: Enabled (32-bit)
 Heap Region Size: 1M
 Heap Min Capacity: 256M
 Heap Initial Capacity: 256M
 Heap Max Capacity: 512M
 Pre-touch: Disabled
 Parallel Workers: 13
 Concurrent Workers: 3
 Concurrent Refinement Workers: 13
 Periodic GC: Disabled

Heap:
 garbage-first heap   total 262144K, used 205217K [0x00000000e0000000, 0x0000000100000000)
  region size 1024K, 115 young (117760K), 1 survivors (1024K)
 Metaspace       used 129142K, committed 131776K, reserved 458752K
  class space    used 18014K, committed 19264K, reserved 327680K

Heap Regions: E=young(eden), S=young(survivor), O=old, HS=humongous(starts), HC=humongous(continues), CS=collection set, F=free, TAMS=top-at-mark-start, PB=parsable bottom
|   0|0x00000000e0000000, 0x00000000e0100000, 0x00000000e0100000|100%|HS|  |TAMS 0x00000000e0000000| PB 0x00000000e0000000| Complete 
|   1|0x00000000e0100000, 0x00000000e0200000, 0x00000000e0200000|100%|HC|  |TAMS 0x00000000e0100000| PB 0x00000000e0100000| Complete 
|   2|0x00000000e0200000, 0x00000000e0300000, 0x00000000e0300000|100%|HC|  |TAMS 0x00000000e0200000| PB 0x00000000e0200000| Complete 
|   3|0x00000000e0300000, 0x00000000e0400000, 0x00000000e0400000|100%|HC|  |TAMS 0x00000000e0300000| PB 0x00000000e0300000| Complete 
|   4|0x00000000e0400000, 0x00000000e0500000, 0x00000000e0500000|100%| O|  |TAMS 0x00000000e0400000| PB 0x00000000e0400000| Untracked 
|   5|0x00000000e0500000, 0x00000000e0600000, 0x00000000e0600000|100%| O|  |TAMS 0x00000000e0500000| PB 0x00000000e0500000| Untracked 
|   6|0x00000000e0600000, 0x00000000e0700000, 0x00000000e0700000|100%| O|  |TAMS 0x00000000e0600000| PB 0x00000000e0600000| Untracked 
|   7|0x00000000e0700000, 0x00000000e0800000, 0x00000000e0800000|100%| O|  |TAMS 0x00000000e0700000| PB 0x00000000e0700000| Untracked 
|   8|0x00000000e0800000, 0x00000000e0900000, 0x00000000e0900000|100%| O|  |TAMS 0x00000000e0800000| PB 0x00000000e0800000| Untracked 
|   9|0x00000000e0900000, 0x00000000e0a00000, 0x00000000e0a00000|100%| O|  |TAMS 0x00000000e0900000| PB 0x00000000e0900000| Untracked 
|  10|0x00000000e0a00000, 0x00000000e0b00000, 0x00000000e0b00000|100%|HS|  |TAMS 0x00000000e0a00000| PB 0x00000000e0a00000| Complete 
|  11|0x00000000e0b00000, 0x00000000e0c00000, 0x00000000e0c00000|100%| O|  |TAMS 0x00000000e0b00000| PB 0x00000000e0b00000| Untracked 
|  12|0x00000000e0c00000, 0x00000000e0d00000, 0x00000000e0d00000|100%| O|  |TAMS 0x00000000e0c00000| PB 0x00000000e0c00000| Untracked 
|  13|0x00000000e0d00000, 0x00000000e0e00000, 0x00000000e0e00000|100%| O|  |TAMS 0x00000000e0d00000| PB 0x00000000e0d00000| Untracked 
|  14|0x00000000e0e00000, 0x00000000e0f00000, 0x00000000e0f00000|100%| O|  |TAMS 0x00000000e0e00000| PB 0x00000000e0e00000| Untracked 
|  15|0x00000000e0f00000, 0x00000000e1000000, 0x00000000e1000000|100%| O|  |TAMS 0x00000000e0f00000| PB 0x00000000e0f00000| Untracked 
|  16|0x00000000e1000000, 0x00000000e1100000, 0x00000000e1100000|100%| O|  |TAMS 0x00000000e1000000| PB 0x00000000e1000000| Untracked 
|  17|0x00000000e1100000, 0x00000000e1200000, 0x00000000e1200000|100%| O|  |TAMS 0x00000000e1100000| PB 0x00000000e1100000| Untracked 
|  18|0x00000000e1200000, 0x00000000e1300000, 0x00000000e1300000|100%| O|  |TAMS 0x00000000e1200000| PB 0x00000000e1200000| Untracked 
|  19|0x00000000e1300000, 0x00000000e1400000, 0x00000000e1400000|100%| O|  |TAMS 0x00000000e1300000| PB 0x00000000e1300000| Untracked 
|  20|0x00000000e1400000, 0x00000000e1500000, 0x00000000e1500000|100%| O|  |TAMS 0x00000000e1400000| PB 0x00000000e1400000| Untracked 
|  21|0x00000000e1500000, 0x00000000e1600000, 0x00000000e1600000|100%| O|  |TAMS 0x00000000e1500000| PB 0x00000000e1500000| Untracked 
|  22|0x00000000e1600000, 0x00000000e1700000, 0x00000000e1700000|100%| O|  |TAMS 0x00000000e1600000| PB 0x00000000e1600000| Untracked 
|  23|0x00000000e1700000, 0x00000000e1800000, 0x00000000e1800000|100%| O|  |TAMS 0x00000000e1700000| PB 0x00000000e1700000| Untracked 
|  24|0x00000000e1800000, 0x00000000e1900000, 0x00000000e1900000|100%| O|  |TAMS 0x00000000e1800000| PB 0x00000000e1800000| Untracked 
|  25|0x00000000e1900000, 0x00000000e1a00000, 0x00000000e1a00000|100%| O|  |TAMS 0x00000000e1900000| PB 0x00000000e1900000| Untracked 
|  26|0x00000000e1a00000, 0x00000000e1b00000, 0x00000000e1b00000|100%| O|  |TAMS 0x00000000e1a00000| PB 0x00000000e1a00000| Untracked 
|  27|0x00000000e1b00000, 0x00000000e1c00000, 0x00000000e1c00000|100%| O|  |TAMS 0x00000000e1b00000| PB 0x00000000e1b00000| Untracked 
|  28|0x00000000e1c00000, 0x00000000e1d00000, 0x00000000e1d00000|100%| O|  |TAMS 0x00000000e1c00000| PB 0x00000000e1c00000| Untracked 
|  29|0x00000000e1d00000, 0x00000000e1e00000, 0x00000000e1e00000|100%| O|  |TAMS 0x00000000e1d00000| PB 0x00000000e1d00000| Untracked 
|  30|0x00000000e1e00000, 0x00000000e1f00000, 0x00000000e1f00000|100%| O|  |TAMS 0x00000000e1e00000| PB 0x00000000e1e00000| Untracked 
|  31|0x00000000e1f00000, 0x00000000e2000000, 0x00000000e2000000|100%| O|  |TAMS 0x00000000e1f00000| PB 0x00000000e1f00000| Untracked 
|  32|0x00000000e2000000, 0x00000000e2100000, 0x00000000e2100000|100%| O|  |TAMS 0x00000000e2000000| PB 0x00000000e2000000| Untracked 
|  33|0x00000000e2100000, 0x00000000e2200000, 0x00000000e2200000|100%| O|  |TAMS 0x00000000e2100000| PB 0x00000000e2100000| Untracked 
|  34|0x00000000e2200000, 0x00000000e2300000, 0x00000000e2300000|100%| O|  |TAMS 0x00000000e2200000| PB 0x00000000e2200000| Untracked 
|  35|0x00000000e2300000, 0x00000000e2400000, 0x00000000e2400000|100%| O|  |TAMS 0x00000000e2300000| PB 0x00000000e2300000| Untracked 
|  36|0x00000000e2400000, 0x00000000e2500000, 0x00000000e2500000|100%| O|  |TAMS 0x00000000e2400000| PB 0x00000000e2400000| Untracked 
|  37|0x00000000e2500000, 0x00000000e2600000, 0x00000000e2600000|100%| O|  |TAMS 0x00000000e2500000| PB 0x00000000e2500000| Untracked 
|  38|0x00000000e2600000, 0x00000000e2700000, 0x00000000e2700000|100%| O|  |TAMS 0x00000000e2600000| PB 0x00000000e2600000| Untracked 
|  39|0x00000000e2700000, 0x00000000e2800000, 0x00000000e2800000|100%|HS|  |TAMS 0x00000000e2700000| PB 0x00000000e2700000| Complete 
|  40|0x00000000e2800000, 0x00000000e2900000, 0x00000000e2900000|100%|HC|  |TAMS 0x00000000e2800000| PB 0x00000000e2800000| Complete 
|  41|0x00000000e2900000, 0x00000000e2a00000, 0x00000000e2a00000|100%|HC|  |TAMS 0x00000000e2900000| PB 0x00000000e2900000| Complete 
|  42|0x00000000e2a00000, 0x00000000e2b00000, 0x00000000e2b00000|100%|HS|  |TAMS 0x00000000e2a00000| PB 0x00000000e2a00000| Complete 
|  43|0x00000000e2b00000, 0x00000000e2c00000, 0x00000000e2c00000|100%|HC|  |TAMS 0x00000000e2b00000| PB 0x00000000e2b00000| Complete 
|  44|0x00000000e2c00000, 0x00000000e2d00000, 0x00000000e2d00000|100%|HC|  |TAMS 0x00000000e2c00000| PB 0x00000000e2c00000| Complete 
|  45|0x00000000e2d00000, 0x00000000e2e00000, 0x00000000e2e00000|100%| O|  |TAMS 0x00000000e2d00000| PB 0x00000000e2d00000| Untracked 
|  46|0x00000000e2e00000, 0x00000000e2f00000, 0x00000000e2f00000|100%| O|  |TAMS 0x00000000e2e00000| PB 0x00000000e2e00000| Untracked 
|  47|0x00000000e2f00000, 0x00000000e3000000, 0x00000000e3000000|100%| O|  |TAMS 0x00000000e2f00000| PB 0x00000000e2f00000| Untracked 
|  48|0x00000000e3000000, 0x00000000e3100000, 0x00000000e3100000|100%| O|  |TAMS 0x00000000e3000000| PB 0x00000000e3000000| Untracked 
|  49|0x00000000e3100000, 0x00000000e3200000, 0x00000000e3200000|100%| O|  |TAMS 0x00000000e3100000| PB 0x00000000e3100000| Untracked 
|  50|0x00000000e3200000, 0x00000000e3300000, 0x00000000e3300000|100%| O|  |TAMS 0x00000000e3200000| PB 0x00000000e3200000| Untracked 
|  51|0x00000000e3300000, 0x00000000e3400000, 0x00000000e3400000|100%| O|  |TAMS 0x00000000e3300000| PB 0x00000000e3300000| Untracked 
|  52|0x00000000e3400000, 0x00000000e3500000, 0x00000000e3500000|100%| O|  |TAMS 0x00000000e3400000| PB 0x00000000e3400000| Untracked 
|  53|0x00000000e3500000, 0x00000000e3600000, 0x00000000e3600000|100%| O|  |TAMS 0x00000000e3500000| PB 0x00000000e3500000| Untracked 
|  54|0x00000000e3600000, 0x00000000e3700000, 0x00000000e3700000|100%| O|  |TAMS 0x00000000e3600000| PB 0x00000000e3600000| Untracked 
|  55|0x00000000e3700000, 0x00000000e3800000, 0x00000000e3800000|100%| O|  |TAMS 0x00000000e3700000| PB 0x00000000e3700000| Untracked 
|  56|0x00000000e3800000, 0x00000000e3900000, 0x00000000e3900000|100%| O|  |TAMS 0x00000000e3800000| PB 0x00000000e3800000| Untracked 
|  57|0x00000000e3900000, 0x00000000e3a00000, 0x00000000e3a00000|100%| O|  |TAMS 0x00000000e3900000| PB 0x00000000e3900000| Untracked 
|  58|0x00000000e3a00000, 0x00000000e3b00000, 0x00000000e3b00000|100%| O|  |TAMS 0x00000000e3a00000| PB 0x00000000e3a00000| Untracked 
|  59|0x00000000e3b00000, 0x00000000e3c00000, 0x00000000e3c00000|100%| O|  |TAMS 0x00000000e3b00000| PB 0x00000000e3b00000| Untracked 
|  60|0x00000000e3c00000, 0x00000000e3d00000, 0x00000000e3d00000|100%| O|  |TAMS 0x00000000e3c00000| PB 0x00000000e3c00000| Untracked 
|  61|0x00000000e3d00000, 0x00000000e3e00000, 0x00000000e3e00000|100%| O|  |TAMS 0x00000000e3d00000| PB 0x00000000e3d00000| Untracked 
|  62|0x00000000e3e00000, 0x00000000e3f00000, 0x00000000e3f00000|100%| O|  |TAMS 0x00000000e3e00000| PB 0x00000000e3e00000| Untracked 
|  63|0x00000000e3f00000, 0x00000000e4000000, 0x00000000e4000000|100%| O|  |TAMS 0x00000000e3f00000| PB 0x00000000e3f00000| Untracked 
|  64|0x00000000e4000000, 0x00000000e4100000, 0x00000000e4100000|100%| O|  |TAMS 0x00000000e4000000| PB 0x00000000e4000000| Untracked 
|  65|0x00000000e4100000, 0x00000000e4200000, 0x00000000e4200000|100%| O|  |TAMS 0x00000000e4100000| PB 0x00000000e4100000| Untracked 
|  66|0x00000000e4200000, 0x00000000e4300000, 0x00000000e4300000|100%| O|  |TAMS 0x00000000e4200000| PB 0x00000000e4200000| Untracked 
|  67|0x00000000e4300000, 0x00000000e4400000, 0x00000000e4400000|100%| O|  |TAMS 0x00000000e4300000| PB 0x00000000e4300000| Untracked 
|  68|0x00000000e4400000, 0x00000000e4500000, 0x00000000e4500000|100%| O|  |TAMS 0x00000000e4400000| PB 0x00000000e4400000| Untracked 
|  69|0x00000000e4500000, 0x00000000e4600000, 0x00000000e4600000|100%| O|  |TAMS 0x00000000e4500000| PB 0x00000000e4500000| Untracked 
|  70|0x00000000e4600000, 0x00000000e4700000, 0x00000000e4700000|100%| O|  |TAMS 0x00000000e4600000| PB 0x00000000e4600000| Untracked 
|  71|0x00000000e4700000, 0x00000000e4800000, 0x00000000e4800000|100%| O|  |TAMS 0x00000000e4700000| PB 0x00000000e4700000| Untracked 
|  72|0x00000000e4800000, 0x00000000e4900000, 0x00000000e4900000|100%| O|  |TAMS 0x00000000e4800000| PB 0x00000000e4800000| Untracked 
|  73|0x00000000e4900000, 0x00000000e4a00000, 0x00000000e4a00000|100%| O|  |TAMS 0x00000000e4900000| PB 0x00000000e4900000| Untracked 
|  74|0x00000000e4a00000, 0x00000000e4b00000, 0x00000000e4b00000|100%| O|  |TAMS 0x00000000e4a00000| PB 0x00000000e4a00000| Untracked 
|  75|0x00000000e4b00000, 0x00000000e4c00000, 0x00000000e4c00000|100%| O|  |TAMS 0x00000000e4b00000| PB 0x00000000e4b00000| Untracked 
|  76|0x00000000e4c00000, 0x00000000e4d00000, 0x00000000e4d00000|100%| O|  |TAMS 0x00000000e4c00000| PB 0x00000000e4c00000| Untracked 
|  77|0x00000000e4d00000, 0x00000000e4e00000, 0x00000000e4e00000|100%| O|  |TAMS 0x00000000e4d00000| PB 0x00000000e4d00000| Untracked 
|  78|0x00000000e4e00000, 0x00000000e4f00000, 0x00000000e4f00000|100%| O|  |TAMS 0x00000000e4e00000| PB 0x00000000e4e00000| Untracked 
|  79|0x00000000e4f00000, 0x00000000e5000000, 0x00000000e5000000|100%| O|  |TAMS 0x00000000e4f00000| PB 0x00000000e4f00000| Untracked 
|  80|0x00000000e5000000, 0x00000000e5100000, 0x00000000e5100000|100%| O|  |TAMS 0x00000000e5000000| PB 0x00000000e5000000| Untracked 
|  81|0x00000000e5100000, 0x00000000e5200000, 0x00000000e5200000|100%| O|  |TAMS 0x00000000e5100000| PB 0x00000000e5100000| Untracked 
|  82|0x00000000e5200000, 0x00000000e5300000, 0x00000000e5300000|100%| O|  |TAMS 0x00000000e5200000| PB 0x00000000e5200000| Untracked 
|  83|0x00000000e5300000, 0x00000000e5400000, 0x00000000e5400000|100%| O|  |TAMS 0x00000000e5300000| PB 0x00000000e5300000| Untracked 
|  84|0x00000000e5400000, 0x00000000e5500000, 0x00000000e5500000|100%| O|  |TAMS 0x00000000e5400000| PB 0x00000000e5400000| Untracked 
|  85|0x00000000e5500000, 0x00000000e5600000, 0x00000000e5600000|100%| O|  |TAMS 0x00000000e5500000| PB 0x00000000e5500000| Untracked 
|  86|0x00000000e5600000, 0x00000000e5700000, 0x00000000e5700000|100%| O|  |TAMS 0x00000000e5600000| PB 0x00000000e5600000| Untracked 
|  87|0x00000000e5700000, 0x00000000e57b9700, 0x00000000e5800000| 72%| O|  |TAMS 0x00000000e5700000| PB 0x00000000e5700000| Untracked 
|  88|0x00000000e5800000, 0x00000000e5800000, 0x00000000e5900000|  0%| F|  |TAMS 0x00000000e5800000| PB 0x00000000e5800000| Untracked 
|  89|0x00000000e5900000, 0x00000000e5900000, 0x00000000e5a00000|  0%| F|  |TAMS 0x00000000e5900000| PB 0x00000000e5900000| Untracked 
|  90|0x00000000e5a00000, 0x00000000e5a00000, 0x00000000e5b00000|  0%| F|  |TAMS 0x00000000e5a00000| PB 0x00000000e5a00000| Untracked 
|  91|0x00000000e5b00000, 0x00000000e5b00000, 0x00000000e5c00000|  0%| F|  |TAMS 0x00000000e5b00000| PB 0x00000000e5b00000| Untracked 
|  92|0x00000000e5c00000, 0x00000000e5c00000, 0x00000000e5d00000|  0%| F|  |TAMS 0x00000000e5c00000| PB 0x00000000e5c00000| Untracked 
|  93|0x00000000e5d00000, 0x00000000e5d00000, 0x00000000e5e00000|  0%| F|  |TAMS 0x00000000e5d00000| PB 0x00000000e5d00000| Untracked 
|  94|0x00000000e5e00000, 0x00000000e5e00000, 0x00000000e5f00000|  0%| F|  |TAMS 0x00000000e5e00000| PB 0x00000000e5e00000| Untracked 
|  95|0x00000000e5f00000, 0x00000000e5f00000, 0x00000000e6000000|  0%| F|  |TAMS 0x00000000e5f00000| PB 0x00000000e5f00000| Untracked 
|  96|0x00000000e6000000, 0x00000000e6000000, 0x00000000e6100000|  0%| F|  |TAMS 0x00000000e6000000| PB 0x00000000e6000000| Untracked 
|  97|0x00000000e6100000, 0x00000000e6100000, 0x00000000e6200000|  0%| F|  |TAMS 0x00000000e6100000| PB 0x00000000e6100000| Untracked 
|  98|0x00000000e6200000, 0x00000000e6200000, 0x00000000e6300000|  0%| F|  |TAMS 0x00000000e6200000| PB 0x00000000e6200000| Untracked 
|  99|0x00000000e6300000, 0x00000000e6300000, 0x00000000e6400000|  0%| F|  |TAMS 0x00000000e6300000| PB 0x00000000e6300000| Untracked 
| 100|0x00000000e6400000, 0x00000000e6400000, 0x00000000e6500000|  0%| F|  |TAMS 0x00000000e6400000| PB 0x00000000e6400000| Untracked 
| 101|0x00000000e6500000, 0x00000000e6500000, 0x00000000e6600000|  0%| F|  |TAMS 0x00000000e6500000| PB 0x00000000e6500000| Untracked 
| 102|0x00000000e6600000, 0x00000000e6600000, 0x00000000e6700000|  0%| F|  |TAMS 0x00000000e6600000| PB 0x00000000e6600000| Untracked 
| 103|0x00000000e6700000, 0x00000000e6700000, 0x00000000e6800000|  0%| F|  |TAMS 0x00000000e6700000| PB 0x00000000e6700000| Untracked 
| 104|0x00000000e6800000, 0x00000000e6800000, 0x00000000e6900000|  0%| F|  |TAMS 0x00000000e6800000| PB 0x00000000e6800000| Untracked 
| 105|0x00000000e6900000, 0x00000000e6900000, 0x00000000e6a00000|  0%| F|  |TAMS 0x00000000e6900000| PB 0x00000000e6900000| Untracked 
| 106|0x00000000e6a00000, 0x00000000e6a00000, 0x00000000e6b00000|  0%| F|  |TAMS 0x00000000e6a00000| PB 0x00000000e6a00000| Untracked 
| 107|0x00000000e6b00000, 0x00000000e6b00000, 0x00000000e6c00000|  0%| F|  |TAMS 0x00000000e6b00000| PB 0x00000000e6b00000| Untracked 
| 108|0x00000000e6c00000, 0x00000000e6c00000, 0x00000000e6d00000|  0%| F|  |TAMS 0x00000000e6c00000| PB 0x00000000e6c00000| Untracked 
| 109|0x00000000e6d00000, 0x00000000e6d00000, 0x00000000e6e00000|  0%| F|  |TAMS 0x00000000e6d00000| PB 0x00000000e6d00000| Untracked 
| 110|0x00000000e6e00000, 0x00000000e6e00000, 0x00000000e6f00000|  0%| F|  |TAMS 0x00000000e6e00000| PB 0x00000000e6e00000| Untracked 
| 111|0x00000000e6f00000, 0x00000000e6f00000, 0x00000000e7000000|  0%| F|  |TAMS 0x00000000e6f00000| PB 0x00000000e6f00000| Untracked 
| 112|0x00000000e7000000, 0x00000000e7000000, 0x00000000e7100000|  0%| F|  |TAMS 0x00000000e7000000| PB 0x00000000e7000000| Untracked 
| 113|0x00000000e7100000, 0x00000000e7100000, 0x00000000e7200000|  0%| F|  |TAMS 0x00000000e7100000| PB 0x00000000e7100000| Untracked 
| 114|0x00000000e7200000, 0x00000000e7200000, 0x00000000e7300000|  0%| F|  |TAMS 0x00000000e7200000| PB 0x00000000e7200000| Untracked 
| 115|0x00000000e7300000, 0x00000000e7300000, 0x00000000e7400000|  0%| F|  |TAMS 0x00000000e7300000| PB 0x00000000e7300000| Untracked 
| 116|0x00000000e7400000, 0x00000000e7400000, 0x00000000e7500000|  0%| F|  |TAMS 0x00000000e7400000| PB 0x00000000e7400000| Untracked 
| 117|0x00000000e7500000, 0x00000000e7500000, 0x00000000e7600000|  0%| F|  |TAMS 0x00000000e7500000| PB 0x00000000e7500000| Untracked 
| 118|0x00000000e7600000, 0x00000000e7600000, 0x00000000e7700000|  0%| F|  |TAMS 0x00000000e7600000| PB 0x00000000e7600000| Untracked 
| 119|0x00000000e7700000, 0x00000000e7700000, 0x00000000e7800000|  0%| F|  |TAMS 0x00000000e7700000| PB 0x00000000e7700000| Untracked 
| 120|0x00000000e7800000, 0x00000000e7800000, 0x00000000e7900000|  0%| F|  |TAMS 0x00000000e7800000| PB 0x00000000e7800000| Untracked 
| 121|0x00000000e7900000, 0x00000000e7900000, 0x00000000e7a00000|  0%| F|  |TAMS 0x00000000e7900000| PB 0x00000000e7900000| Untracked 
| 122|0x00000000e7a00000, 0x00000000e7a00000, 0x00000000e7b00000|  0%| F|  |TAMS 0x00000000e7a00000| PB 0x00000000e7a00000| Untracked 
| 123|0x00000000e7b00000, 0x00000000e7b00000, 0x00000000e7c00000|  0%| F|  |TAMS 0x00000000e7b00000| PB 0x00000000e7b00000| Untracked 
| 124|0x00000000e7c00000, 0x00000000e7c00000, 0x00000000e7d00000|  0%| F|  |TAMS 0x00000000e7c00000| PB 0x00000000e7c00000| Untracked 
| 125|0x00000000e7d00000, 0x00000000e7d00000, 0x00000000e7e00000|  0%| F|  |TAMS 0x00000000e7d00000| PB 0x00000000e7d00000| Untracked 
| 126|0x00000000e7e00000, 0x00000000e7e00000, 0x00000000e7f00000|  0%| F|  |TAMS 0x00000000e7e00000| PB 0x00000000e7e00000| Untracked 
| 127|0x00000000e7f00000, 0x00000000e7f00000, 0x00000000e8000000|  0%| F|  |TAMS 0x00000000e7f00000| PB 0x00000000e7f00000| Untracked 
| 128|0x00000000e8000000, 0x00000000e8000000, 0x00000000e8100000|  0%| F|  |TAMS 0x00000000e8000000| PB 0x00000000e8000000| Untracked 
| 129|0x00000000e8100000, 0x00000000e8100000, 0x00000000e8200000|  0%| F|  |TAMS 0x00000000e8100000| PB 0x00000000e8100000| Untracked 
| 130|0x00000000e8200000, 0x00000000e8200000, 0x00000000e8300000|  0%| F|  |TAMS 0x00000000e8200000| PB 0x00000000e8200000| Untracked 
| 131|0x00000000e8300000, 0x00000000e8300000, 0x00000000e8400000|  0%| F|  |TAMS 0x00000000e8300000| PB 0x00000000e8300000| Untracked 
| 132|0x00000000e8400000, 0x00000000e8400000, 0x00000000e8500000|  0%| F|  |TAMS 0x00000000e8400000| PB 0x00000000e8400000| Untracked 
| 133|0x00000000e8500000, 0x00000000e8500000, 0x00000000e8600000|  0%| F|  |TAMS 0x00000000e8500000| PB 0x00000000e8500000| Untracked 
| 134|0x00000000e8600000, 0x00000000e8600000, 0x00000000e8700000|  0%| F|  |TAMS 0x00000000e8600000| PB 0x00000000e8600000| Untracked 
| 135|0x00000000e8700000, 0x00000000e8700000, 0x00000000e8800000|  0%| F|  |TAMS 0x00000000e8700000| PB 0x00000000e8700000| Untracked 
| 136|0x00000000e8800000, 0x00000000e8800000, 0x00000000e8900000|  0%| F|  |TAMS 0x00000000e8800000| PB 0x00000000e8800000| Untracked 
| 137|0x00000000e8900000, 0x00000000e8900000, 0x00000000e8a00000|  0%| F|  |TAMS 0x00000000e8900000| PB 0x00000000e8900000| Untracked 
| 138|0x00000000e8a00000, 0x00000000e8a00000, 0x00000000e8b00000|  0%| F|  |TAMS 0x00000000e8a00000| PB 0x00000000e8a00000| Untracked 
| 139|0x00000000e8b00000, 0x00000000e8b00000, 0x00000000e8c00000|  0%| F|  |TAMS 0x00000000e8b00000| PB 0x00000000e8b00000| Untracked 
| 140|0x00000000e8c00000, 0x00000000e8c00000, 0x00000000e8d00000|  0%| F|  |TAMS 0x00000000e8c00000| PB 0x00000000e8c00000| Untracked 
| 141|0x00000000e8d00000, 0x00000000e8dd6ab0, 0x00000000e8e00000| 83%| E|  |TAMS 0x00000000e8d00000| PB 0x00000000e8d00000| Complete 
| 142|0x00000000e8e00000, 0x00000000e8f00000, 0x00000000e8f00000|100%| E|CS|TAMS 0x00000000e8e00000| PB 0x00000000e8e00000| Complete 
| 143|0x00000000e8f00000, 0x00000000e9000000, 0x00000000e9000000|100%| E|CS|TAMS 0x00000000e8f00000| PB 0x00000000e8f00000| Complete 
| 144|0x00000000e9000000, 0x00000000e9100000, 0x00000000e9100000|100%| E|CS|TAMS 0x00000000e9000000| PB 0x00000000e9000000| Complete 
| 145|0x00000000e9100000, 0x00000000e9200000, 0x00000000e9200000|100%| E|CS|TAMS 0x00000000e9100000| PB 0x00000000e9100000| Complete 
| 146|0x00000000e9200000, 0x00000000e9300000, 0x00000000e9300000|100%| E|CS|TAMS 0x00000000e9200000| PB 0x00000000e9200000| Complete 
| 147|0x00000000e9300000, 0x00000000e9400000, 0x00000000e9400000|100%| E|CS|TAMS 0x00000000e9300000| PB 0x00000000e9300000| Complete 
| 148|0x00000000e9400000, 0x00000000e9500000, 0x00000000e9500000|100%| E|CS|TAMS 0x00000000e9400000| PB 0x00000000e9400000| Complete 
| 149|0x00000000e9500000, 0x00000000e9600000, 0x00000000e9600000|100%| E|CS|TAMS 0x00000000e9500000| PB 0x00000000e9500000| Complete 
| 150|0x00000000e9600000, 0x00000000e9700000, 0x00000000e9700000|100%| E|CS|TAMS 0x00000000e9600000| PB 0x00000000e9600000| Complete 
| 151|0x00000000e9700000, 0x00000000e9800000, 0x00000000e9800000|100%| E|CS|TAMS 0x00000000e9700000| PB 0x00000000e9700000| Complete 
| 152|0x00000000e9800000, 0x00000000e9900000, 0x00000000e9900000|100%| E|CS|TAMS 0x00000000e9800000| PB 0x00000000e9800000| Complete 
| 153|0x00000000e9900000, 0x00000000e9a00000, 0x00000000e9a00000|100%| E|CS|TAMS 0x00000000e9900000| PB 0x00000000e9900000| Complete 
| 154|0x00000000e9a00000, 0x00000000e9b00000, 0x00000000e9b00000|100%| E|CS|TAMS 0x00000000e9a00000| PB 0x00000000e9a00000| Complete 
| 155|0x00000000e9b00000, 0x00000000e9c00000, 0x00000000e9c00000|100%| E|CS|TAMS 0x00000000e9b00000| PB 0x00000000e9b00000| Complete 
| 156|0x00000000e9c00000, 0x00000000e9d00000, 0x00000000e9d00000|100%| E|CS|TAMS 0x00000000e9c00000| PB 0x00000000e9c00000| Complete 
| 157|0x00000000e9d00000, 0x00000000e9e00000, 0x00000000e9e00000|100%| E|CS|TAMS 0x00000000e9d00000| PB 0x00000000e9d00000| Complete 
| 158|0x00000000e9e00000, 0x00000000e9f00000, 0x00000000e9f00000|100%| E|CS|TAMS 0x00000000e9e00000| PB 0x00000000e9e00000| Complete 
| 159|0x00000000e9f00000, 0x00000000ea000000, 0x00000000ea000000|100%| E|CS|TAMS 0x00000000e9f00000| PB 0x00000000e9f00000| Complete 
| 160|0x00000000ea000000, 0x00000000ea100000, 0x00000000ea100000|100%| E|CS|TAMS 0x00000000ea000000| PB 0x00000000ea000000| Complete 
| 161|0x00000000ea100000, 0x00000000ea200000, 0x00000000ea200000|100%| E|CS|TAMS 0x00000000ea100000| PB 0x00000000ea100000| Complete 
| 162|0x00000000ea200000, 0x00000000ea300000, 0x00000000ea300000|100%| E|CS|TAMS 0x00000000ea200000| PB 0x00000000ea200000| Complete 
| 163|0x00000000ea300000, 0x00000000ea400000, 0x00000000ea400000|100%| E|CS|TAMS 0x00000000ea300000| PB 0x00000000ea300000| Complete 
| 164|0x00000000ea400000, 0x00000000ea500000, 0x00000000ea500000|100%| E|CS|TAMS 0x00000000ea400000| PB 0x00000000ea400000| Complete 
| 165|0x00000000ea500000, 0x00000000ea600000, 0x00000000ea600000|100%| E|CS|TAMS 0x00000000ea500000| PB 0x00000000ea500000| Complete 
| 166|0x00000000ea600000, 0x00000000ea700000, 0x00000000ea700000|100%| E|CS|TAMS 0x00000000ea600000| PB 0x00000000ea600000| Complete 
| 167|0x00000000ea700000, 0x00000000ea800000, 0x00000000ea800000|100%| E|CS|TAMS 0x00000000ea700000| PB 0x00000000ea700000| Complete 
| 168|0x00000000ea800000, 0x00000000ea900000, 0x00000000ea900000|100%| E|CS|TAMS 0x00000000ea800000| PB 0x00000000ea800000| Complete 
| 169|0x00000000ea900000, 0x00000000eaa00000, 0x00000000eaa00000|100%| E|CS|TAMS 0x00000000ea900000| PB 0x00000000ea900000| Complete 
| 170|0x00000000eaa00000, 0x00000000eab00000, 0x00000000eab00000|100%| E|CS|TAMS 0x00000000eaa00000| PB 0x00000000eaa00000| Complete 
| 171|0x00000000eab00000, 0x00000000eac00000, 0x00000000eac00000|100%| E|CS|TAMS 0x00000000eab00000| PB 0x00000000eab00000| Complete 
| 172|0x00000000eac00000, 0x00000000ead00000, 0x00000000ead00000|100%| E|CS|TAMS 0x00000000eac00000| PB 0x00000000eac00000| Complete 
| 173|0x00000000ead00000, 0x00000000eae00000, 0x00000000eae00000|100%| E|CS|TAMS 0x00000000ead00000| PB 0x00000000ead00000| Complete 
| 174|0x00000000eae00000, 0x00000000eaf00000, 0x00000000eaf00000|100%| E|CS|TAMS 0x00000000eae00000| PB 0x00000000eae00000| Complete 
| 175|0x00000000eaf00000, 0x00000000eb000000, 0x00000000eb000000|100%| E|CS|TAMS 0x00000000eaf00000| PB 0x00000000eaf00000| Complete 
| 176|0x00000000eb000000, 0x00000000eb100000, 0x00000000eb100000|100%| E|CS|TAMS 0x00000000eb000000| PB 0x00000000eb000000| Complete 
| 177|0x00000000eb100000, 0x00000000eb200000, 0x00000000eb200000|100%| E|CS|TAMS 0x00000000eb100000| PB 0x00000000eb100000| Complete 
| 178|0x00000000eb200000, 0x00000000eb300000, 0x00000000eb300000|100%| E|CS|TAMS 0x00000000eb200000| PB 0x00000000eb200000| Complete 
| 179|0x00000000eb300000, 0x00000000eb400000, 0x00000000eb400000|100%| E|CS|TAMS 0x00000000eb300000| PB 0x00000000eb300000| Complete 
| 180|0x00000000eb400000, 0x00000000eb500000, 0x00000000eb500000|100%| E|CS|TAMS 0x00000000eb400000| PB 0x00000000eb400000| Complete 
| 181|0x00000000eb500000, 0x00000000eb600000, 0x00000000eb600000|100%| E|CS|TAMS 0x00000000eb500000| PB 0x00000000eb500000| Complete 
| 182|0x00000000eb600000, 0x00000000eb700000, 0x00000000eb700000|100%| E|CS|TAMS 0x00000000eb600000| PB 0x00000000eb600000| Complete 
| 183|0x00000000eb700000, 0x00000000eb800000, 0x00000000eb800000|100%| E|CS|TAMS 0x00000000eb700000| PB 0x00000000eb700000| Complete 
| 184|0x00000000eb800000, 0x00000000eb900000, 0x00000000eb900000|100%| E|CS|TAMS 0x00000000eb800000| PB 0x00000000eb800000| Complete 
| 185|0x00000000eb900000, 0x00000000eba00000, 0x00000000eba00000|100%| E|CS|TAMS 0x00000000eb900000| PB 0x00000000eb900000| Complete 
| 186|0x00000000eba00000, 0x00000000ebb00000, 0x00000000ebb00000|100%| E|CS|TAMS 0x00000000eba00000| PB 0x00000000eba00000| Complete 
| 187|0x00000000ebb00000, 0x00000000ebc00000, 0x00000000ebc00000|100%| E|CS|TAMS 0x00000000ebb00000| PB 0x00000000ebb00000| Complete 
| 188|0x00000000ebc00000, 0x00000000ebd00000, 0x00000000ebd00000|100%| E|CS|TAMS 0x00000000ebc00000| PB 0x00000000ebc00000| Complete 
| 189|0x00000000ebd00000, 0x00000000ebe00000, 0x00000000ebe00000|100%| E|CS|TAMS 0x00000000ebd00000| PB 0x00000000ebd00000| Complete 
| 190|0x00000000ebe00000, 0x00000000ebf00000, 0x00000000ebf00000|100%| E|CS|TAMS 0x00000000ebe00000| PB 0x00000000ebe00000| Complete 
| 191|0x00000000ebf00000, 0x00000000ec000000, 0x00000000ec000000|100%| E|CS|TAMS 0x00000000ebf00000| PB 0x00000000ebf00000| Complete 
| 192|0x00000000ec000000, 0x00000000ec100000, 0x00000000ec100000|100%| E|CS|TAMS 0x00000000ec000000| PB 0x00000000ec000000| Complete 
| 193|0x00000000ec100000, 0x00000000ec200000, 0x00000000ec200000|100%| E|CS|TAMS 0x00000000ec100000| PB 0x00000000ec100000| Complete 
| 194|0x00000000ec200000, 0x00000000ec300000, 0x00000000ec300000|100%| E|CS|TAMS 0x00000000ec200000| PB 0x00000000ec200000| Complete 
| 195|0x00000000ec300000, 0x00000000ec400000, 0x00000000ec400000|100%| E|CS|TAMS 0x00000000ec300000| PB 0x00000000ec300000| Complete 
| 196|0x00000000ec400000, 0x00000000ec500000, 0x00000000ec500000|100%| E|CS|TAMS 0x00000000ec400000| PB 0x00000000ec400000| Complete 
| 197|0x00000000ec500000, 0x00000000ec600000, 0x00000000ec600000|100%| E|CS|TAMS 0x00000000ec500000| PB 0x00000000ec500000| Complete 
| 198|0x00000000ec600000, 0x00000000ec700000, 0x00000000ec700000|100%| E|CS|TAMS 0x00000000ec600000| PB 0x00000000ec600000| Complete 
| 199|0x00000000ec700000, 0x00000000ec800000, 0x00000000ec800000|100%| E|CS|TAMS 0x00000000ec700000| PB 0x00000000ec700000| Complete 
| 200|0x00000000ec800000, 0x00000000ec900000, 0x00000000ec900000|100%| E|CS|TAMS 0x00000000ec800000| PB 0x00000000ec800000| Complete 
| 201|0x00000000ec900000, 0x00000000eca00000, 0x00000000eca00000|100%| E|CS|TAMS 0x00000000ec900000| PB 0x00000000ec900000| Complete 
| 202|0x00000000eca00000, 0x00000000ecb00000, 0x00000000ecb00000|100%| E|CS|TAMS 0x00000000eca00000| PB 0x00000000eca00000| Complete 
| 203|0x00000000ecb00000, 0x00000000ecc00000, 0x00000000ecc00000|100%| E|CS|TAMS 0x00000000ecb00000| PB 0x00000000ecb00000| Complete 
| 204|0x00000000ecc00000, 0x00000000ecd00000, 0x00000000ecd00000|100%| E|CS|TAMS 0x00000000ecc00000| PB 0x00000000ecc00000| Complete 
| 205|0x00000000ecd00000, 0x00000000ece00000, 0x00000000ece00000|100%| E|CS|TAMS 0x00000000ecd00000| PB 0x00000000ecd00000| Complete 
| 206|0x00000000ece00000, 0x00000000ecf00000, 0x00000000ecf00000|100%| E|CS|TAMS 0x00000000ece00000| PB 0x00000000ece00000| Complete 
| 207|0x00000000ecf00000, 0x00000000ed000000, 0x00000000ed000000|100%| E|CS|TAMS 0x00000000ecf00000| PB 0x00000000ecf00000| Complete 
| 208|0x00000000ed000000, 0x00000000ed100000, 0x00000000ed100000|100%| E|CS|TAMS 0x00000000ed000000| PB 0x00000000ed000000| Complete 
| 209|0x00000000ed100000, 0x00000000ed200000, 0x00000000ed200000|100%| E|CS|TAMS 0x00000000ed100000| PB 0x00000000ed100000| Complete 
| 210|0x00000000ed200000, 0x00000000ed300000, 0x00000000ed300000|100%| E|  |TAMS 0x00000000ed200000| PB 0x00000000ed200000| Complete 
| 211|0x00000000ed300000, 0x00000000ed400000, 0x00000000ed400000|100%| E|CS|TAMS 0x00000000ed300000| PB 0x00000000ed300000| Complete 
| 212|0x00000000ed400000, 0x00000000ed500000, 0x00000000ed500000|100%| E|CS|TAMS 0x00000000ed400000| PB 0x00000000ed400000| Complete 
| 213|0x00000000ed500000, 0x00000000ed600000, 0x00000000ed600000|100%| E|CS|TAMS 0x00000000ed500000| PB 0x00000000ed500000| Complete 
| 214|0x00000000ed600000, 0x00000000ed700000, 0x00000000ed700000|100%| E|CS|TAMS 0x00000000ed600000| PB 0x00000000ed600000| Complete 
| 215|0x00000000ed700000, 0x00000000ed800000, 0x00000000ed800000|100%| E|CS|TAMS 0x00000000ed700000| PB 0x00000000ed700000| Complete 
| 216|0x00000000ed800000, 0x00000000ed900000, 0x00000000ed900000|100%| E|CS|TAMS 0x00000000ed800000| PB 0x00000000ed800000| Complete 
| 217|0x00000000ed900000, 0x00000000eda00000, 0x00000000eda00000|100%| E|CS|TAMS 0x00000000ed900000| PB 0x00000000ed900000| Complete 
| 218|0x00000000eda00000, 0x00000000edb00000, 0x00000000edb00000|100%| E|CS|TAMS 0x00000000eda00000| PB 0x00000000eda00000| Complete 
| 219|0x00000000edb00000, 0x00000000edc00000, 0x00000000edc00000|100%| E|CS|TAMS 0x00000000edb00000| PB 0x00000000edb00000| Complete 
| 220|0x00000000edc00000, 0x00000000edd00000, 0x00000000edd00000|100%| E|CS|TAMS 0x00000000edc00000| PB 0x00000000edc00000| Complete 
| 221|0x00000000edd00000, 0x00000000ede00000, 0x00000000ede00000|100%| E|CS|TAMS 0x00000000edd00000| PB 0x00000000edd00000| Complete 
| 222|0x00000000ede00000, 0x00000000edf00000, 0x00000000edf00000|100%| E|CS|TAMS 0x00000000ede00000| PB 0x00000000ede00000| Complete 
| 223|0x00000000edf00000, 0x00000000ee000000, 0x00000000ee000000|100%| E|CS|TAMS 0x00000000edf00000| PB 0x00000000edf00000| Complete 
| 224|0x00000000ee000000, 0x00000000ee100000, 0x00000000ee100000|100%| E|CS|TAMS 0x00000000ee000000| PB 0x00000000ee000000| Complete 
| 225|0x00000000ee100000, 0x00000000ee200000, 0x00000000ee200000|100%| E|CS|TAMS 0x00000000ee100000| PB 0x00000000ee100000| Complete 
| 226|0x00000000ee200000, 0x00000000ee300000, 0x00000000ee300000|100%| E|CS|TAMS 0x00000000ee200000| PB 0x00000000ee200000| Complete 
| 227|0x00000000ee300000, 0x00000000ee400000, 0x00000000ee400000|100%| E|CS|TAMS 0x00000000ee300000| PB 0x00000000ee300000| Complete 
| 228|0x00000000ee400000, 0x00000000ee500000, 0x00000000ee500000|100%| E|CS|TAMS 0x00000000ee400000| PB 0x00000000ee400000| Complete 
| 229|0x00000000ee500000, 0x00000000ee600000, 0x00000000ee600000|100%| E|CS|TAMS 0x00000000ee500000| PB 0x00000000ee500000| Complete 
| 230|0x00000000ee600000, 0x00000000ee700000, 0x00000000ee700000|100%| E|CS|TAMS 0x00000000ee600000| PB 0x00000000ee600000| Complete 
| 231|0x00000000ee700000, 0x00000000ee800000, 0x00000000ee800000|100%| E|CS|TAMS 0x00000000ee700000| PB 0x00000000ee700000| Complete 
| 232|0x00000000ee800000, 0x00000000ee900000, 0x00000000ee900000|100%| E|CS|TAMS 0x00000000ee800000| PB 0x00000000ee800000| Complete 
| 233|0x00000000ee900000, 0x00000000eea00000, 0x00000000eea00000|100%| E|CS|TAMS 0x00000000ee900000| PB 0x00000000ee900000| Complete 
| 234|0x00000000eea00000, 0x00000000eeb00000, 0x00000000eeb00000|100%| E|CS|TAMS 0x00000000eea00000| PB 0x00000000eea00000| Complete 
| 235|0x00000000eeb00000, 0x00000000eec00000, 0x00000000eec00000|100%| E|CS|TAMS 0x00000000eeb00000| PB 0x00000000eeb00000| Complete 
| 236|0x00000000eec00000, 0x00000000eed00000, 0x00000000eed00000|100%| E|CS|TAMS 0x00000000eec00000| PB 0x00000000eec00000| Complete 
| 237|0x00000000eed00000, 0x00000000eee00000, 0x00000000eee00000|100%| E|CS|TAMS 0x00000000eed00000| PB 0x00000000eed00000| Complete 
| 238|0x00000000eee00000, 0x00000000eef00000, 0x00000000eef00000|100%| E|CS|TAMS 0x00000000eee00000| PB 0x00000000eee00000| Complete 
| 239|0x00000000eef00000, 0x00000000ef000000, 0x00000000ef000000|100%| E|CS|TAMS 0x00000000eef00000| PB 0x00000000eef00000| Complete 
| 240|0x00000000ef000000, 0x00000000ef100000, 0x00000000ef100000|100%| E|CS|TAMS 0x00000000ef000000| PB 0x00000000ef000000| Complete 
| 241|0x00000000ef100000, 0x00000000ef200000, 0x00000000ef200000|100%| E|CS|TAMS 0x00000000ef100000| PB 0x00000000ef100000| Complete 
| 242|0x00000000ef200000, 0x00000000ef300000, 0x00000000ef300000|100%| E|CS|TAMS 0x00000000ef200000| PB 0x00000000ef200000| Complete 
| 243|0x00000000ef300000, 0x00000000ef400000, 0x00000000ef400000|100%| E|CS|TAMS 0x00000000ef300000| PB 0x00000000ef300000| Complete 
| 244|0x00000000ef400000, 0x00000000ef500000, 0x00000000ef500000|100%| E|CS|TAMS 0x00000000ef400000| PB 0x00000000ef400000| Complete 
| 245|0x00000000ef500000, 0x00000000ef600000, 0x00000000ef600000|100%| E|CS|TAMS 0x00000000ef500000| PB 0x00000000ef500000| Complete 
| 246|0x00000000ef600000, 0x00000000ef700000, 0x00000000ef700000|100%| E|CS|TAMS 0x00000000ef600000| PB 0x00000000ef600000| Complete 
| 247|0x00000000ef700000, 0x00000000ef800000, 0x00000000ef800000|100%| E|CS|TAMS 0x00000000ef700000| PB 0x00000000ef700000| Complete 
| 248|0x00000000ef800000, 0x00000000ef900000, 0x00000000ef900000|100%| E|CS|TAMS 0x00000000ef800000| PB 0x00000000ef800000| Complete 
| 249|0x00000000ef900000, 0x00000000efa00000, 0x00000000efa00000|100%| E|CS|TAMS 0x00000000ef900000| PB 0x00000000ef900000| Complete 
| 250|0x00000000efa00000, 0x00000000efb00000, 0x00000000efb00000|100%| E|CS|TAMS 0x00000000efa00000| PB 0x00000000efa00000| Complete 
| 251|0x00000000efb00000, 0x00000000efc00000, 0x00000000efc00000|100%| E|CS|TAMS 0x00000000efb00000| PB 0x00000000efb00000| Complete 
| 252|0x00000000efc00000, 0x00000000efd00000, 0x00000000efd00000|100%| E|CS|TAMS 0x00000000efc00000| PB 0x00000000efc00000| Complete 
| 253|0x00000000efd00000, 0x00000000efe00000, 0x00000000efe00000|100%| E|CS|TAMS 0x00000000efd00000| PB 0x00000000efd00000| Complete 
| 254|0x00000000efe00000, 0x00000000efeaefd8, 0x00000000eff00000| 68%| S|CS|TAMS 0x00000000efe00000| PB 0x00000000efe00000| Complete 
| 255|0x00000000eff00000, 0x00000000f0000000, 0x00000000f0000000|100%| E|CS|TAMS 0x00000000eff00000| PB 0x00000000eff00000| Complete 

Card table byte_map: [0x000001eb9b0a0000,0x000001eb9b1a0000] _byte_map_base: 0x000001eb9a9a0000

Marking Bits: (CMBitMap*) 0x000001eb885407e0
 Bits: [0x000001eb9b1a0000, 0x000001eb9b9a0000)

Polling page: 0x000001eb86100000

Metaspace:

Usage:
  Non-class:    108.52 MB used.
      Class:     17.59 MB used.
       Both:    126.12 MB used.

Virtual space:
  Non-class space:      128.00 MB reserved,     109.88 MB ( 86%) committed,  2 nodes.
      Class space:      320.00 MB reserved,      18.81 MB (  6%) committed,  1 nodes.
             Both:      448.00 MB reserved,     128.69 MB ( 29%) committed. 

Chunk freelists:
   Non-Class:  1.95 MB
       Class:  13.06 MB
        Both:  15.02 MB

MaxMetaspaceSize: 384.00 MB
CompressedClassSpaceSize: 320.00 MB
Initial GC threshold: 21.00 MB
Current GC threshold: 164.81 MB
CDS: on
 - commit_granule_bytes: 65536.
 - commit_granule_words: 8192.
 - virtual_space_node_default_size: 8388608.
 - enlarge_chunks_in_place: 1.
 - use_allocation_guard: 0.


Internal statistics:

num_allocs_failed_limit: 18.
num_arena_births: 4364.
num_arena_deaths: 0.
num_vsnodes_births: 3.
num_vsnodes_deaths: 0.
num_space_committed: 2059.
num_space_uncommitted: 0.
num_chunks_returned_to_freelist: 18.
num_chunks_taken_from_freelist: 10560.
num_chunk_merges: 18.
num_chunk_splits: 7014.
num_chunks_enlarged: 4569.
num_inconsistent_stats: 0.

CodeHeap 'non-profiled nmethods': size=119168Kb used=12625Kb max_used=12625Kb free=106542Kb
 bounds [0x000001eb932a0000, 0x000001eb93f00000, 0x000001eb9a700000]
CodeHeap 'profiled nmethods': size=119104Kb used=38079Kb max_used=38079Kb free=81024Kb
 bounds [0x000001eb8b700000, 0x000001eb8dc30000, 0x000001eb92b50000]
CodeHeap 'non-nmethods': size=7488Kb used=2905Kb max_used=4645Kb free=4582Kb
 bounds [0x000001eb92b50000, 0x000001eb93040000, 0x000001eb932a0000]
CodeCache: size=245760Kb, used=53609Kb, max_used=55349Kb, free=192148Kb
 total_blobs=19928, nmethods=18990, adapters=841, full_count=0
Compilation: enabled, stopped_count=0, restarted_count=0

Compilation events (20 events):
Event: 888.093 Thread 0x000001eb9e9bdb90 nmethod 20478 0x000001eb8dc27b10 code [0x000001eb8dc27d40, 0x000001eb8dc284a0]
Event: 888.093 Thread 0x000001eb9e9bdb90 20479       3       org.gradle.api.internal.AbstractValidatingNamedDomainObjectContainer::<init> (36 bytes)
Event: 888.101 Thread 0x000001eb9e9bdb90 nmethod 20479 0x000001eb8dc28690 code [0x000001eb8dc288c0, 0x000001eb8dc28ea8]
Event: 888.161 Thread 0x000001eb9e9a8cd0 20480       4       java.lang.CharacterDataLatin1::toTitleCase (6 bytes)
Event: 888.173 Thread 0x000001eb9e9a8cd0 nmethod 20480 0x000001eb93ef3290 code [0x000001eb93ef3420, 0x000001eb93ef34d8]
Event: 888.173 Thread 0x000001eb9e9a8cd0 20481       4       org.gradle.api.internal.provider.AbstractMinimalProvider::map (11 bytes)
Event: 888.175 Thread 0x000001eb9e9a8cd0 nmethod 20481 0x000001eb93ef3590 code [0x000001eb93ef3720, 0x000001eb93ef3820]
Event: 888.273 Thread 0x000001eb9e9bdb90 20482       1       org.jetbrains.kotlin.gradle.plugin.mpp.KotlinWithJavaTarget::getDisambiguationClassifier (5 bytes)
Event: 888.274 Thread 0x000001eb9e9bdb90 nmethod 20482 0x000001eb93ef3910 code [0x000001eb93ef3aa0, 0x000001eb93ef3b68]
Event: 888.394 Thread 0x000001eb9e9a8cd0 20483       4       org.gradle.internal.typeconversion.NotationConverterToNotationParserAdapter$ResultImpl::<init> (5 bytes)
Event: 888.399 Thread 0x000001eb9e9a8cd0 nmethod 20483 0x000001eb93ef3c10 code [0x000001eb93ef3da0, 0x000001eb93ef3e28]
Event: 888.408 Thread 0x000001eb9e9bdb90 20484       1       org.jetbrains.kotlin.gradle.internal.transforms.BuildToolsApiClasspathEntrySnapshotTransform$Parameters_Decorated::getModelIdentityDisplayName (5 bytes)
Event: 888.409 Thread 0x000001eb9e9bdb90 nmethod 20484 0x000001eb93ef3f10 code [0x000001eb93ef40a0, 0x000001eb93ef4168]
Event: 888.478 Thread 0x000001eb9e9bdb90 20485       3       org.jetbrains.kotlin.gradle.plugin.KotlinPluginLifecycleImpl::enqueue (161 bytes)
Event: 888.514 Thread 0x000001eb9e9bdb90 nmethod 20485 0x000001eb8dc29190 code [0x000001eb8dc29680, 0x000001eb8dc2b770]
Event: 888.515 Thread 0x000001eb9e9bdb90 20486   !   3       org.jetbrains.kotlin.gradle.dsl.KotlinProjectExtensionKt::getMultiplatformExtensionOrNull (111 bytes)
Event: 888.596 Thread 0x000001eb9e9bdb90 nmethod 20486 0x000001eb8dc2c290 code [0x000001eb8dc2c760, 0x000001eb8dc2efb8]
Event: 889.873 Thread 0x000001eb9e9a8cd0 20487       4       sun.management.spi.PlatformMBeanProvider$PlatformComponent$$Lambda/0x000001eba0077358::test (9 bytes)
Event: 889.874 Thread 0x000001eb9e9a8cd0 nmethod 20487 0x000001eb93ef4210 code [0x000001eb93ef43a0, 0x000001eb93ef44c8]
Event: 891.032 Thread 0x000001eb9e9a8cd0 20488       4       org.gradle.cache.internal.DefaultFileLockManager$DefaultFileLock$1::run (252 bytes)

GC Heap History (20 events):
Event: 332.439 GC heap before
{Heap before GC invocations=17 (full 0):
 garbage-first heap   total 262144K, used 122084K [0x00000000e0000000, 0x0000000100000000)
  region size 1024K, 49 young (50176K), 8 survivors (8192K)
 Metaspace       used 98124K, committed 100416K, reserved 458752K
  class space    used 13925K, committed 15040K, reserved 327680K
}
Event: 332.617 GC heap after
{Heap after GC invocations=18 (full 0):
 garbage-first heap   total 262144K, used 83867K [0x00000000e0000000, 0x0000000100000000)
  region size 1024K, 11 young (11264K), 11 survivors (11264K)
 Metaspace       used 98124K, committed 100416K, reserved 458752K
  class space    used 13925K, committed 15040K, reserved 327680K
}
Event: 422.293 GC heap before
{Heap before GC invocations=19 (full 0):
 garbage-first heap   total 262144K, used 228251K [0x00000000e0000000, 0x0000000100000000)
  region size 1024K, 153 young (156672K), 11 survivors (11264K)
 Metaspace       used 102800K, committed 105152K, reserved 458752K
  class space    used 14529K, committed 15680K, reserved 327680K
}
Event: 422.445 GC heap after
{Heap after GC invocations=20 (full 0):
 garbage-first heap   total 262144K, used 83898K [0x00000000e0000000, 0x0000000100000000)
  region size 1024K, 11 young (11264K), 11 survivors (11264K)
 Metaspace       used 102800K, committed 105152K, reserved 458752K
  class space    used 14529K, committed 15680K, reserved 327680K
}
Event: 463.616 GC heap before
{Heap before GC invocations=20 (full 0):
 garbage-first heap   total 262144K, used 228282K [0x00000000e0000000, 0x0000000100000000)
  region size 1024K, 153 young (156672K), 11 survivors (11264K)
 Metaspace       used 108976K, committed 111360K, reserved 458752K
  class space    used 15372K, committed 16512K, reserved 327680K
}
Event: 463.707 GC heap after
{Heap after GC invocations=21 (full 0):
 garbage-first heap   total 262144K, used 86770K [0x00000000e0000000, 0x0000000100000000)
  region size 1024K, 16 young (16384K), 16 survivors (16384K)
 Metaspace       used 108976K, committed 111360K, reserved 458752K
  class space    used 15372K, committed 16512K, reserved 327680K
}
Event: 489.113 GC heap before
{Heap before GC invocations=21 (full 0):
 garbage-first heap   total 262144K, used 226034K [0x00000000e0000000, 0x0000000100000000)
  region size 1024K, 153 young (156672K), 16 survivors (16384K)
 Metaspace       used 110298K, committed 112704K, reserved 458752K
  class space    used 15530K, committed 16704K, reserved 327680K
}
Event: 489.131 GC heap after
{Heap after GC invocations=22 (full 0):
 garbage-first heap   total 262144K, used 85426K [0x00000000e0000000, 0x0000000100000000)
  region size 1024K, 8 young (8192K), 8 survivors (8192K)
 Metaspace       used 110298K, committed 112704K, reserved 458752K
  class space    used 15530K, committed 16704K, reserved 327680K
}
Event: 499.466 GC heap before
{Heap before GC invocations=22 (full 0):
 garbage-first heap   total 262144K, used 232882K [0x00000000e0000000, 0x0000000100000000)
  region size 1024K, 153 young (156672K), 8 survivors (8192K)
 Metaspace       used 115734K, committed 118208K, reserved 458752K
  class space    used 16273K, committed 17472K, reserved 327680K
}
Event: 499.472 GC heap after
{Heap after GC invocations=23 (full 0):
 garbage-first heap   total 262144K, used 85754K [0x00000000e0000000, 0x0000000100000000)
  region size 1024K, 9 young (9216K), 9 survivors (9216K)
 Metaspace       used 115734K, committed 118208K, reserved 458752K
  class space    used 16273K, committed 17472K, reserved 327680K
}
Event: 512.817 GC heap before
{Heap before GC invocations=23 (full 0):
 garbage-first heap   total 262144K, used 233210K [0x00000000e0000000, 0x0000000100000000)
  region size 1024K, 153 young (156672K), 9 survivors (9216K)
 Metaspace       used 122070K, committed 124672K, reserved 458752K
  class space    used 17128K, committed 18368K, reserved 327680K
}
Event: 512.833 GC heap after
{Heap after GC invocations=24 (full 0):
 garbage-first heap   total 262144K, used 90747K [0x00000000e0000000, 0x0000000100000000)
  region size 1024K, 13 young (13312K), 13 survivors (13312K)
 Metaspace       used 122070K, committed 124672K, reserved 458752K
  class space    used 17128K, committed 18368K, reserved 327680K
}
Event: 543.902 GC heap before
{Heap before GC invocations=24 (full 0):
 garbage-first heap   total 262144K, used 233083K [0x00000000e0000000, 0x0000000100000000)
  region size 1024K, 153 young (156672K), 13 survivors (13312K)
 Metaspace       used 122479K, committed 125056K, reserved 458752K
  class space    used 17145K, committed 18368K, reserved 327680K
}
Event: 543.916 GC heap after
{Heap after GC invocations=25 (full 0):
 garbage-first heap   total 262144K, used 88419K [0x00000000e0000000, 0x0000000100000000)
  region size 1024K, 9 young (9216K), 9 survivors (9216K)
 Metaspace       used 122479K, committed 125056K, reserved 458752K
  class space    used 17145K, committed 18368K, reserved 327680K
}
Event: 588.340 GC heap before
{Heap before GC invocations=25 (full 0):
 garbage-first heap   total 262144K, used 234851K [0x00000000e0000000, 0x0000000100000000)
  region size 1024K, 153 young (156672K), 9 survivors (9216K)
 Metaspace       used 122776K, committed 125440K, reserved 458752K
  class space    used 17155K, committed 18432K, reserved 327680K
}
Event: 588.379 GC heap after
{Heap after GC invocations=26 (full 0):
 garbage-first heap   total 262144K, used 88293K [0x00000000e0000000, 0x0000000100000000)
  region size 1024K, 9 young (9216K), 9 survivors (9216K)
 Metaspace       used 122776K, committed 125440K, reserved 458752K
  class space    used 17155K, committed 18432K, reserved 327680K
}
Event: 732.124 GC heap before
{Heap before GC invocations=26 (full 0):
 garbage-first heap   total 262144K, used 234725K [0x00000000e0000000, 0x0000000100000000)
  region size 1024K, 153 young (156672K), 9 survivors (9216K)
 Metaspace       used 128987K, committed 131584K, reserved 458752K
  class space    used 18012K, committed 19264K, reserved 327680K
}
Event: 733.499 GC heap after
{Heap after GC invocations=27 (full 0):
 garbage-first heap   total 262144K, used 90431K [0x00000000e0000000, 0x0000000100000000)
  region size 1024K, 11 young (11264K), 11 survivors (11264K)
 Metaspace       used 128987K, committed 131584K, reserved 458752K
  class space    used 18012K, committed 19264K, reserved 327680K
}
Event: 733.530 GC heap before
{Heap before GC invocations=27 (full 0):
 garbage-first heap   total 262144K, used 91455K [0x00000000e0000000, 0x0000000100000000)
  region size 1024K, 12 young (12288K), 11 survivors (11264K)
 Metaspace       used 128987K, committed 131584K, reserved 458752K
  class space    used 18012K, committed 19264K, reserved 327680K
}
Event: 733.545 GC heap after
{Heap after GC invocations=28 (full 0):
 garbage-first heap   total 262144K, used 90529K [0x00000000e0000000, 0x0000000100000000)
  region size 1024K, 1 young (1024K), 1 survivors (1024K)
 Metaspace       used 128987K, committed 131584K, reserved 458752K
  class space    used 18012K, committed 19264K, reserved 327680K
}

Dll operation events (14 events):
Event: 0.137 Loaded shared library C:\Users\Anshika\.vscode\extensions\redhat.java-1.55.0-win32-x64\jre\21.0.11-win32-x86_64\bin\java.dll
Event: 0.337 Loaded shared library C:\Users\Anshika\.vscode\extensions\redhat.java-1.55.0-win32-x64\jre\21.0.11-win32-x86_64\bin\zip.dll
Event: 0.377 Loaded shared library C:\Users\Anshika\.vscode\extensions\redhat.java-1.55.0-win32-x64\jre\21.0.11-win32-x86_64\bin\instrument.dll
Event: 0.396 Loaded shared library C:\Users\Anshika\.vscode\extensions\redhat.java-1.55.0-win32-x64\jre\21.0.11-win32-x86_64\bin\net.dll
Event: 0.405 Loaded shared library C:\Users\Anshika\.vscode\extensions\redhat.java-1.55.0-win32-x64\jre\21.0.11-win32-x86_64\bin\nio.dll
Event: 0.412 Loaded shared library C:\Users\Anshika\.vscode\extensions\redhat.java-1.55.0-win32-x64\jre\21.0.11-win32-x86_64\bin\zip.dll
Event: 0.989 Loaded shared library C:\Users\Anshika\.vscode\extensions\redhat.java-1.55.0-win32-x64\jre\21.0.11-win32-x86_64\bin\jimage.dll
Event: 1.639 Loaded shared library C:\Users\Anshika\.vscode\extensions\redhat.java-1.55.0-win32-x64\jre\21.0.11-win32-x86_64\bin\verify.dll
Event: 1.900 Loaded shared library C:\Users\Anshika\.gradle\native\c067742578af261105cb4f569cf0c3c89f3d7b1fecec35dd04571415982c5e48\windows-amd64\native-platform.dll
Event: 1.931 Loaded shared library C:\Users\Anshika\.gradle\native\100fb08df4bc3b14c8652ba06237920a3bd2aa13389f12d3474272988ae205f9\windows-amd64\native-platform-file-events.dll
Event: 4.592 Loaded shared library C:\Users\Anshika\.vscode\extensions\redhat.java-1.55.0-win32-x64\jre\21.0.11-win32-x86_64\bin\management.dll
Event: 4.602 Loaded shared library C:\Users\Anshika\.vscode\extensions\redhat.java-1.55.0-win32-x64\jre\21.0.11-win32-x86_64\bin\management_ext.dll
Event: 5.384 Loaded shared library C:\Users\Anshika\.vscode\extensions\redhat.java-1.55.0-win32-x64\jre\21.0.11-win32-x86_64\bin\extnet.dll
Event: 5.779 Loaded shared library C:\Users\Anshika\.vscode\extensions\redhat.java-1.55.0-win32-x64\jre\21.0.11-win32-x86_64\bin\sunmscapi.dll

Deoptimization events (20 events):
Event: 827.726 Thread 0x000001ebbb293130 DEOPT PACKING pc=0x000001eb93ed21fc sp=0x000000890c4f9260
Event: 827.727 Thread 0x000001ebbb293130 DEOPT UNPACKING pc=0x000001eb92ba7ba2 sp=0x000000890c4f9218 mode 2
Event: 827.727 Thread 0x000001ebbb293130 Uncommon trap: trap_request=0xffffffd6 fr.pc=0x000001eb93ed21fc relative=0x0000000000000e1c
Event: 827.727 Thread 0x000001ebbb293130 Uncommon trap: reason=array_check action=maybe_recompile pc=0x000001eb93ed21fc method=org.gradle.internal.action.InstantiatingAction.execute(Ljava/lang/Object;)V @ 121 c2
Event: 827.727 Thread 0x000001ebbb293130 DEOPT PACKING pc=0x000001eb93ed21fc sp=0x000000890c4f9260
Event: 827.727 Thread 0x000001ebbb293130 DEOPT UNPACKING pc=0x000001eb92ba7ba2 sp=0x000000890c4f9218 mode 2
Event: 827.897 Thread 0x000001ebbb293130 DEOPT PACKING pc=0x000001eb8d34adbe sp=0x000000890c4f9bf0
Event: 827.897 Thread 0x000001ebbb293130 DEOPT UNPACKING pc=0x000001eb92ba86e2 sp=0x000000890c4f90e0 mode 0
Event: 833.671 Thread 0x000001ebbc9313e0 Uncommon trap: trap_request=0xffffffd6 fr.pc=0x000001eb93ed1f88 relative=0x0000000000000ba8
Event: 833.672 Thread 0x000001ebbc9313e0 Uncommon trap: reason=array_check action=maybe_recompile pc=0x000001eb93ed1f88 method=org.gradle.internal.action.InstantiatingAction.execute(Ljava/lang/Object;)V @ 109 c2
Event: 833.672 Thread 0x000001ebbc9313e0 DEOPT PACKING pc=0x000001eb93ed1f88 sp=0x0000008907af78e0
Event: 833.672 Thread 0x000001ebbc9313e0 DEOPT UNPACKING pc=0x000001eb92ba7ba2 sp=0x0000008907af78a8 mode 2
Event: 833.674 Thread 0x000001ebbc9313e0 Uncommon trap: trap_request=0xffffffd6 fr.pc=0x000001eb93ed1f88 relative=0x0000000000000ba8
Event: 833.674 Thread 0x000001ebbc9313e0 Uncommon trap: reason=array_check action=maybe_recompile pc=0x000001eb93ed1f88 method=org.gradle.internal.action.InstantiatingAction.execute(Ljava/lang/Object;)V @ 109 c2
Event: 833.674 Thread 0x000001ebbc9313e0 DEOPT PACKING pc=0x000001eb93ed1f88 sp=0x0000008907af78e0
Event: 833.674 Thread 0x000001ebbc9313e0 DEOPT UNPACKING pc=0x000001eb92ba7ba2 sp=0x0000008907af78a8 mode 2
Event: 886.871 Thread 0x000001ebbc9313e0 Uncommon trap: trap_request=0xffffff76 fr.pc=0x000001eb93ee391c relative=0x000000000000043c
Event: 886.871 Thread 0x000001ebbc9313e0 Uncommon trap: reason=predicate action=maybe_recompile pc=0x000001eb93ee391c method=com.google.common.collect.ImmutableList.copyIntoArray([Ljava/lang/Object;I)I @ 11 c2
Event: 886.871 Thread 0x000001ebbc9313e0 DEOPT PACKING pc=0x000001eb93ee391c sp=0x0000008907af7e00
Event: 886.873 Thread 0x000001ebbc9313e0 DEOPT UNPACKING pc=0x000001eb92ba7ba2 sp=0x0000008907af7dc0 mode 2

Classes loaded (20 events):
Event: 88.960 Loading class java/util/HashMapCustomizer
Event: 88.960 Loading class java/util/HashMapCustomizer done
Event: 88.960 Loading class java/util/HashMapCustomizer
Event: 88.960 Loading class java/util/HashMapCustomizer done
Event: 88.964 Loading class java/util/LinkedHashMapCustomizer
Event: 88.964 Loading class java/util/LinkedHashMapCustomizer done
Event: 88.964 Loading class java/util/LinkedHashMapCustomizer
Event: 88.964 Loading class java/util/LinkedHashMapCustomizer done
Event: 89.187 Loading class java/lang/StringBeanInfo
Event: 89.187 Loading class java/lang/StringBeanInfo done
Event: 89.189 Loading class java/lang/StringBeanInfo
Event: 89.189 Loading class java/lang/StringBeanInfo done
Event: 89.189 Loading class java/lang/StringCustomizer
Event: 89.189 Loading class java/lang/StringCustomizer done
Event: 89.189 Loading class java/lang/StringCustomizer
Event: 89.189 Loading class java/lang/StringCustomizer done
Event: 89.496 Loading class sun/reflect/misc/MethodUtil
Event: 89.499 Loading class sun/reflect/misc/MethodUtil done
Event: 89.499 Loading class sun/reflect/misc/MethodUtil$1
Event: 89.499 Loading class sun/reflect/misc/MethodUtil$1 done

Classes unloaded (0 events):
No events

Classes redefined (0 events):
No events

Internal exceptions (20 events):
Event: 608.299 Thread 0x000001ebbc9313e0 Exception <a 'java/lang/ClassNotFoundException'{0x00000000eb2cb568}: org/jetbrains/kotlin/gradle/targets/js/npm/DefaultNpmDependencyExtensionBeanInfo> (0x00000000eb2cb568) 
thrown [s\src\hotspot\share\classfile\systemDictionary.cpp, line 313]
Event: 608.308 Thread 0x000001ebbc9313e0 Exception <a 'java/lang/ClassNotFoundException'{0x00000000eb2d1d50}: org/jetbrains/kotlin/gradle/targets/js/npm/DefaultNpmDependencyExtensionCustomizer> (0x00000000eb2d1d50) 
thrown [s\src\hotspot\share\classfile\systemDictionary.cpp, line 313]
Event: 609.109 Thread 0x000001ebbc9313e0 Exception <a 'java/lang/ClassNotFoundException'{0x00000000eb14af98}: org/jetbrains/kotlin/gradle/targets/js/npm/NpmDependencyExtensionKt$defaultNpmDependencyDelegate$1BeanInfo> (0x00000000eb14af98) 
thrown [s\src\hotspot\share\classfile\systemDictionary.cpp, line 313]
Event: 609.114 Thread 0x000001ebbc9313e0 Exception <a 'java/lang/ClassNotFoundException'{0x00000000eb152538}: org/jetbrains/kotlin/gradle/targets/js/npm/NpmDependencyExtensionDelegateBeanInfo> (0x00000000eb152538) 
thrown [s\src\hotspot\share\classfile\systemDictionary.cpp, line 313]
Event: 609.119 Thread 0x000001ebbc9313e0 Exception <a 'java/lang/ClassNotFoundException'{0x00000000eb159aa0}: org/jetbrains/kotlin/gradle/targets/js/npm/NpmDependencyExtensionDelegateCustomizer> (0x00000000eb159aa0) 
thrown [s\src\hotspot\share\classfile\systemDictionary.cpp, line 313]
Event: 609.123 Thread 0x000001ebbc9313e0 Exception <a 'java/lang/ClassNotFoundException'{0x00000000eb184708}: org/jetbrains/kotlin/gradle/targets/js/npm/NpmDependencyExtensionKt$defaultNpmDependencyDelegate$1Customizer> (0x00000000eb184708) 
thrown [s\src\hotspot\share\classfile\systemDictionary.cpp, line 313]
Event: 610.128 Thread 0x000001ebbc9313e0 Exception <a 'java/lang/ClassNotFoundException'{0x00000000eb1b7a48}: org/jetbrains/kotlin/gradle/targets/js/npm/DefaultDevNpmDependencyExtensionBeanInfo> (0x00000000eb1b7a48) 
thrown [s\src\hotspot\share\classfile\systemDictionary.cpp, line 313]
Event: 610.132 Thread 0x000001ebbc9313e0 Exception <a 'java/lang/ClassNotFoundException'{0x00000000eb1be240}: org/jetbrains/kotlin/gradle/targets/js/npm/DefaultDevNpmDependencyExtensionCustomizer> (0x00000000eb1be240) 
thrown [s\src\hotspot\share\classfile\systemDictionary.cpp, line 313]
Event: 611.067 Thread 0x000001ebbc9313e0 Exception <a 'java/lang/ClassNotFoundException'{0x00000000eb1f9a18}: org/jetbrains/kotlin/gradle/targets/js/npm/DefaultPeerNpmDependencyExtensionBeanInfo> (0x00000000eb1f9a18) 
thrown [s\src\hotspot\share\classfile\systemDictionary.cpp, line 313]
Event: 611.220 Thread 0x000001ebbc9313e0 Exception <a 'java/lang/ClassNotFoundException'{0x00000000eb005a48}: org/jetbrains/kotlin/gradle/targets/js/npm/DefaultPeerNpmDependencyExtensionCustomizer> (0x00000000eb005a48) 
thrown [s\src\hotspot\share\classfile\systemDictionary.cpp, line 313]
Event: 611.799 Thread 0x000001ebbc9313e0 Exception <a 'java/lang/ClassNotFoundException'{0x00000000eb04a170}: org/jetbrains/kotlin/gradle/targets/js/npm/DefaultPeerNpmDependencyExtension$delegate$1BeanInfo> (0x00000000eb04a170) 
thrown [s\src\hotspot\share\classfile\systemDictionary.cpp, line 313]
Event: 611.800 Thread 0x000001ebbc9313e0 Exception <a 'java/lang/ClassNotFoundException'{0x00000000eb050cf8}: org/jetbrains/kotlin/gradle/targets/js/npm/DefaultPeerNpmDependencyExtension$delegate$1Customizer> (0x00000000eb050cf8) 
thrown [s\src\hotspot\share\classfile\systemDictionary.cpp, line 313]
Event: 731.528 Thread 0x000001ebbc9313e0 Exception <a 'sun/nio/fs/WindowsException'{0x00000000e74e15c0}> (0x00000000e74e15c0) 
thrown [s\src\hotspot\share\prims\jni.cpp, line 520]
Event: 731.539 Thread 0x000001ebbc9313e0 Exception <a 'sun/nio/fs/WindowsException'{0x00000000e74e2a90}> (0x00000000e74e2a90) 
thrown [s\src\hotspot\share\prims\jni.cpp, line 520]
Event: 731.540 Thread 0x000001ebbc9313e0 Exception <a 'sun/nio/fs/WindowsException'{0x00000000e74e3f50}> (0x00000000e74e3f50) 
thrown [s\src\hotspot\share\prims\jni.cpp, line 520]
Event: 731.540 Thread 0x000001ebbc9313e0 Exception <a 'sun/nio/fs/WindowsException'{0x00000000e74e5410}> (0x00000000e74e5410) 
thrown [s\src\hotspot\share\prims\jni.cpp, line 520]
Event: 830.088 Thread 0x000001ebbc9313e0 Exception <a 'sun/nio/fs/WindowsException'{0x00000000ebcf2090}> (0x00000000ebcf2090) 
thrown [s\src\hotspot\share\prims\jni.cpp, line 520]
Event: 830.092 Thread 0x000001ebbc9313e0 Exception <a 'sun/nio/fs/WindowsException'{0x00000000ebcf3560}> (0x00000000ebcf3560) 
thrown [s\src\hotspot\share\prims\jni.cpp, line 520]
Event: 830.093 Thread 0x000001ebbc9313e0 Exception <a 'sun/nio/fs/WindowsException'{0x00000000ebcf4a20}> (0x00000000ebcf4a20) 
thrown [s\src\hotspot\share\prims\jni.cpp, line 520]
Event: 830.093 Thread 0x000001ebbc9313e0 Exception <a 'sun/nio/fs/WindowsException'{0x00000000ebcf5ee0}> (0x00000000ebcf5ee0) 
thrown [s\src\hotspot\share\prims\jni.cpp, line 520]

ZGC Phase Switch (0 events):
No events

VM Operations (20 events):
Event: 835.720 Executing safepoint VM operation: Cleanup
Event: 835.720 Executing safepoint VM operation: Cleanup done
Event: 838.751 Executing safepoint VM operation: Cleanup
Event: 838.798 Executing safepoint VM operation: Cleanup done
Event: 839.808 Executing safepoint VM operation: Cleanup
Event: 839.870 Executing safepoint VM operation: Cleanup done
Event: 842.163 Executing non-safepoint VM operation: HandshakeAllThreads (HandshakeForDeflation)
Event: 842.209 Executing non-safepoint VM operation: HandshakeAllThreads (HandshakeForDeflation) done
Event: 842.209 Executing non-safepoint VM operation: RendezvousGCThreads
Event: 842.209 Executing non-safepoint VM operation: RendezvousGCThreads done
Event: 845.233 Executing safepoint VM operation: Cleanup
Event: 845.233 Executing safepoint VM operation: Cleanup done
Event: 866.366 Executing safepoint VM operation: Cleanup
Event: 866.369 Executing safepoint VM operation: Cleanup done
Event: 887.593 Executing safepoint VM operation: Cleanup
Event: 887.608 Executing safepoint VM operation: Cleanup done
Event: 888.619 Executing safepoint VM operation: Cleanup
Event: 888.620 Executing safepoint VM operation: Cleanup done
Event: 891.659 Executing safepoint VM operation: Cleanup
Event: 891.659 Executing safepoint VM operation: Cleanup done

Memory protections (0 events):
No events

Nmethod flushes (20 events):
Event: 333.280 Thread 0x000001eb9e977a40 flushing  nmethod 0x000001eb8b7e0710
Event: 333.280 Thread 0x000001eb9e977a40 flushing  nmethod 0x000001eb8bb5c010
Event: 333.280 Thread 0x000001eb9e977a40 flushing  nmethod 0x000001eb8bb8f690
Event: 333.280 Thread 0x000001eb9e977a40 flushing  nmethod 0x000001eb8bc57010
Event: 333.280 Thread 0x000001eb9e977a40 flushing  nmethod 0x000001eb8bc57390
Event: 333.280 Thread 0x000001eb9e977a40 flushing  nmethod 0x000001eb8bc57790
Event: 333.280 Thread 0x000001eb9e977a40 flushing  nmethod 0x000001eb8bc58090
Event: 333.280 Thread 0x000001eb9e977a40 flushing  nmethod 0x000001eb8bc58610
Event: 333.280 Thread 0x000001eb9e977a40 flushing  nmethod 0x000001eb8bf43410
Event: 333.280 Thread 0x000001eb9e977a40 flushing  nmethod 0x000001eb8bf48b10
Event: 333.280 Thread 0x000001eb9e977a40 flushing  nmethod 0x000001eb8bf49010
Event: 333.280 Thread 0x000001eb9e977a40 flushing  nmethod 0x000001eb8bf4c910
Event: 333.281 Thread 0x000001eb9e977a40 flushing  nmethod 0x000001eb8bfabf90
Event: 333.281 Thread 0x000001eb9e977a40 flushing  nmethod 0x000001eb8bfb3190
Event: 333.281 Thread 0x000001eb9e977a40 flushing  nmethod 0x000001eb8bfb4a10
Event: 333.281 Thread 0x000001eb9e977a40 flushing  nmethod 0x000001eb8c056f10
Event: 333.281 Thread 0x000001eb9e977a40 flushing  nmethod 0x000001eb8c1d8010
Event: 333.281 Thread 0x000001eb9e977a40 flushing  nmethod 0x000001eb8c225590
Event: 333.281 Thread 0x000001eb9e977a40 flushing  nmethod 0x000001eb8c2e9610
Event: 333.281 Thread 0x000001eb9e977a40 flushing  nmethod 0x000001eb8c2f5410

Events (20 events):
Event: 844.357 Thread 0x000001eb9e9bdb90 Thread added: 0x000001ebbd2efcf0
Event: 849.535 Thread 0x000001ebbd2efcf0 Thread exited: 0x000001ebbd2efcf0
Event: 887.261 Thread 0x000001ebbc9313e0 Thread added: 0x000001ebb8ded8b0
Event: 887.262 Thread 0x000001ebbc9313e0 Thread added: 0x000001ebb8df13c0
Event: 887.264 Thread 0x000001ebbc9313e0 Thread added: 0x000001ebb8dedf40
Event: 887.266 Thread 0x000001ebbc9313e0 Thread added: 0x000001ebb8def980
Event: 887.266 Thread 0x000001ebbc9313e0 Thread added: 0x000001ebb8df1a50
Event: 887.267 Thread 0x000001ebbc9313e0 Thread added: 0x000001ebbc122710
Event: 887.269 Thread 0x000001ebbc9313e0 Thread added: 0x000001ebbc122da0
Event: 887.269 Thread 0x000001ebbc9313e0 Thread added: 0x000001ebbc123430
Event: 887.883 Thread 0x000001ebbc9313e0 Thread added: 0x000001ebbc123ac0
Event: 887.883 Thread 0x000001ebbc9313e0 Thread added: 0x000001ebbc120cd0
Event: 887.884 Thread 0x000001ebbc9313e0 Thread added: 0x000001ebbc120640
Event: 887.885 Thread 0x000001ebbc9313e0 Thread added: 0x000001ebbc125500
Event: 887.885 Thread 0x000001ebbc9313e0 Thread added: 0x000001ebbc125b90
Event: 887.886 Thread 0x000001ebbc9313e0 Thread added: 0x000001ebbc126220
Event: 887.890 Thread 0x000001ebbc9313e0 Thread added: 0x000001ebbc1268b0
Event: 887.893 Thread 0x000001ebbc9313e0 Thread added: 0x000001ebbc126f40
Event: 887.977 Thread 0x000001ebbb2965b0 Thread exited: 0x000001ebbb2965b0
Event: 888.977 Thread 0x000001ebbb7a5a00 Thread exited: 0x000001ebbb7a5a00


Dynamic libraries:
0x00007ff792d60000 - 0x00007ff792d6e000 	C:\Users\Anshika\.vscode\extensions\redhat.java-1.55.0-win32-x64\jre\21.0.11-win32-x86_64\bin\java.exe
0x00007ff8fd860000 - 0x00007ff8fdac6000 	C:\windows\SYSTEM32\ntdll.dll
0x00007ff8fc5b0000 - 0x00007ff8fc679000 	C:\windows\System32\KERNEL32.DLL
0x00007ff8fae30000 - 0x00007ff8fb22a000 	C:\windows\System32\KERNELBASE.dll
0x00007ff8f7760000 - 0x00007ff8f7800000 	C:\windows\SYSTEM32\apphelp.dll
0x00007ff8fb230000 - 0x00007ff8fb37c000 	C:\windows\System32\ucrtbase.dll
0x00007ff8eed10000 - 0x00007ff8eed28000 	C:\Users\Anshika\.vscode\extensions\redhat.java-1.55.0-win32-x64\jre\21.0.11-win32-x86_64\bin\jli.dll
0x00007ff8d7b30000 - 0x00007ff8d7b4e000 	C:\Users\Anshika\.vscode\extensions\redhat.java-1.55.0-win32-x64\jre\21.0.11-win32-x86_64\bin\VCRUNTIME140.dll
0x00007ff8fc320000 - 0x00007ff8fc4e7000 	C:\windows\System32\USER32.dll
0x00007ff8fb5a0000 - 0x00007ff8fb5c7000 	C:\windows\System32\win32u.dll
0x00007ff8fb5d0000 - 0x00007ff8fb5fb000 	C:\windows\System32\GDI32.dll
0x00007ff8fac70000 - 0x00007ff8fad9b000 	C:\windows\System32\gdi32full.dll
0x00007ff8fb4f0000 - 0x00007ff8fb593000 	C:\windows\System32\msvcp_win.dll
0x00007ff8df2c0000 - 0x00007ff8df552000 	C:\windows\WinSxS\amd64_microsoft.windows.common-controls_6595b64144ccf1df_6.0.26100.8521_none_3e08b75ce33403b3\COMCTL32.dll
0x00007ff8fca10000 - 0x00007ff8fcab9000 	C:\windows\System32\msvcrt.dll
0x00007ff8fb600000 - 0x00007ff8fb632000 	C:\windows\System32\IMM32.DLL
0x00007ff8eeeb0000 - 0x00007ff8eeebc000 	C:\Users\Anshika\.vscode\extensions\redhat.java-1.55.0-win32-x64\jre\21.0.11-win32-x86_64\bin\vcruntime140_1.dll
0x00007ff820ff0000 - 0x00007ff82107d000 	C:\Users\Anshika\.vscode\extensions\redhat.java-1.55.0-win32-x64\jre\21.0.11-win32-x86_64\bin\msvcp140.dll
0x00007fffdb6a0000 - 0x00007fffdc442000 	C:\Users\Anshika\.vscode\extensions\redhat.java-1.55.0-win32-x64\jre\21.0.11-win32-x86_64\bin\server\jvm.dll
0x00007ff8fb810000 - 0x00007ff8fb8c6000 	C:\windows\System32\ADVAPI32.dll
0x00007ff8fc680000 - 0x00007ff8fc72a000 	C:\windows\System32\sechost.dll
0x00007ff8fb6f0000 - 0x00007ff8fb808000 	C:\windows\System32\RPCRT4.dll
0x00007ff8fb660000 - 0x00007ff8fb6e0000 	C:\windows\System32\WS2_32.dll
0x00007ff8fa950000 - 0x00007ff8fa9ae000 	C:\windows\SYSTEM32\POWRPROF.dll
0x00007ff8ed210000 - 0x00007ff8ed21b000 	C:\windows\SYSTEM32\VERSION.dll
0x00007ff8ef1c0000 - 0x00007ff8ef1f6000 	C:\windows\SYSTEM32\WINMM.dll
0x00007ff8fa930000 - 0x00007ff8fa944000 	C:\windows\SYSTEM32\UMPDC.dll
0x00007ff8f9880000 - 0x00007ff8f989b000 	C:\windows\SYSTEM32\kernel.appcore.dll
0x00007ff8eeba0000 - 0x00007ff8eebaa000 	C:\Users\Anshika\.vscode\extensions\redhat.java-1.55.0-win32-x64\jre\21.0.11-win32-x86_64\bin\jimage.dll
0x00007ff8ec120000 - 0x00007ff8ec362000 	C:\windows\SYSTEM32\DBGHELP.DLL
0x00007ff8fb8d0000 - 0x00007ff8fbc53000 	C:\windows\System32\combase.dll
0x00007ff8fc100000 - 0x00007ff8fc1d9000 	C:\windows\System32\OLEAUT32.dll
0x00007ff8db1d0000 - 0x00007ff8db20b000 	C:\windows\SYSTEM32\dbgcore.DLL
0x00007ff8fb440000 - 0x00007ff8fb4e8000 	C:\windows\System32\bcryptPrimitives.dll
0x00007ff8d7c90000 - 0x00007ff8d7c9f000 	C:\Users\Anshika\.vscode\extensions\redhat.java-1.55.0-win32-x64\jre\21.0.11-win32-x86_64\bin\instrument.dll
0x00007ff8d7870000 - 0x00007ff8d7890000 	C:\Users\Anshika\.vscode\extensions\redhat.java-1.55.0-win32-x64\jre\21.0.11-win32-x86_64\bin\java.dll
0x00007ff8fcdd0000 - 0x00007ff8fd554000 	C:\windows\System32\SHELL32.dll
0x00007ff8f8690000 - 0x00007ff8f8f10000 	C:\windows\SYSTEM32\windows.storage.dll
0x00007ff8fccd0000 - 0x00007ff8fcdc6000 	C:\windows\System32\SHCORE.dll
0x00007ff8fc1e0000 - 0x00007ff8fc247000 	C:\windows\System32\shlwapi.dll
0x00007ff8faa10000 - 0x00007ff8faa39000 	C:\windows\SYSTEM32\profapi.dll
0x00007ff8d7850000 - 0x00007ff8d7868000 	C:\Users\Anshika\.vscode\extensions\redhat.java-1.55.0-win32-x64\jre\21.0.11-win32-x86_64\bin\zip.dll
0x00007ff8d7b20000 - 0x00007ff8d7b30000 	C:\Users\Anshika\.vscode\extensions\redhat.java-1.55.0-win32-x64\jre\21.0.11-win32-x86_64\bin\net.dll
0x00007ff8f3390000 - 0x00007ff8f34b9000 	C:\windows\SYSTEM32\WINHTTP.dll
0x00007ff8f9df0000 - 0x00007ff8f9e5c000 	C:\windows\system32\mswsock.dll
0x00007ff8d6560000 - 0x00007ff8d6576000 	C:\Users\Anshika\.vscode\extensions\redhat.java-1.55.0-win32-x64\jre\21.0.11-win32-x86_64\bin\nio.dll
0x00007ff8d7840000 - 0x00007ff8d7850000 	C:\Users\Anshika\.vscode\extensions\redhat.java-1.55.0-win32-x64\jre\21.0.11-win32-x86_64\bin\verify.dll
0x00007ff88d730000 - 0x00007ff88d757000 	C:\Users\Anshika\.gradle\native\c067742578af261105cb4f569cf0c3c89f3d7b1fecec35dd04571415982c5e48\windows-amd64\native-platform.dll
0x00007ffff76c0000 - 0x00007ffff7804000 	C:\Users\Anshika\.gradle\native\100fb08df4bc3b14c8652ba06237920a3bd2aa13389f12d3474272988ae205f9\windows-amd64\native-platform-file-events.dll
0x00007ff8d5790000 - 0x00007ff8d579a000 	C:\Users\Anshika\.vscode\extensions\redhat.java-1.55.0-win32-x64\jre\21.0.11-win32-x86_64\bin\management.dll
0x00007ff8d5780000 - 0x00007ff8d578c000 	C:\Users\Anshika\.vscode\extensions\redhat.java-1.55.0-win32-x64\jre\21.0.11-win32-x86_64\bin\management_ext.dll
0x00007ff8fcc60000 - 0x00007ff8fcc68000 	C:\windows\System32\PSAPI.DLL
0x00007ff8fa0e0000 - 0x00007ff8fa0fb000 	C:\windows\SYSTEM32\CRYPTSP.dll
0x00007ff8f97e0000 - 0x00007ff8f9819000 	C:\windows\system32\rsaenh.dll
0x00007ff8f9ea0000 - 0x00007ff8f9ed3000 	C:\windows\SYSTEM32\USERENV.dll
0x00007ff8fa9e0000 - 0x00007ff8faa0a000 	C:\windows\SYSTEM32\bcrypt.dll
0x00007ff8fa0d0000 - 0x00007ff8fa0dc000 	C:\windows\SYSTEM32\CRYPTBASE.dll
0x00007ff8f92a0000 - 0x00007ff8f92d3000 	C:\windows\SYSTEM32\IPHLPAPI.DLL
0x00007ff8fbc60000 - 0x00007ff8fbc6a000 	C:\windows\System32\NSI.dll
0x00007ff8d3a20000 - 0x00007ff8d3a29000 	C:\Users\Anshika\.vscode\extensions\redhat.java-1.55.0-win32-x64\jre\21.0.11-win32-x86_64\bin\extnet.dll
0x00007ff8d5420000 - 0x00007ff8d542e000 	C:\Users\Anshika\.vscode\extensions\redhat.java-1.55.0-win32-x64\jre\21.0.11-win32-x86_64\bin\sunmscapi.dll
0x00007ff8faaf0000 - 0x00007ff8fac68000 	C:\windows\System32\CRYPT32.dll
0x00007ff8fa2f0000 - 0x00007ff8fa320000 	C:\windows\SYSTEM32\ncrypt.dll
0x00007ff8fa2a0000 - 0x00007ff8fa2df000 	C:\windows\SYSTEM32\NTASN1.dll
0x00007ff8bdb00000 - 0x00007ff8bdb08000 	C:\windows\system32\wshunix.dll

JVMTI agents:
C:\Users\Anshika\.gradle\wrapper\dists\gradle-8.9-bin\90cnw93cvbtalezasaz0blq0a\gradle-8.9\lib\agents\gradle-instrumentation-agent-8.9.jar path:C:\Users\Anshika\.vscode\extensions\redhat.java-1.55.0-win32-x64\jre\21.0.11-win32-x86_64\bin\instrument.dll, loaded, initialized, instrumentlib options:none

dbghelp: loaded successfully - version: 4.0.5 - missing functions: none
symbol engine: initialized successfully - sym options: 0x614 - pdb path: .;C:\Users\Anshika\.vscode\extensions\redhat.java-1.55.0-win32-x64\jre\21.0.11-win32-x86_64\bin;C:\windows\SYSTEM32;C:\windows\WinSxS\amd64_microsoft.windows.common-controls_6595b64144ccf1df_6.0.26100.8521_none_3e08b75ce33403b3;C:\Users\Anshika\.vscode\extensions\redhat.java-1.55.0-win32-x64\jre\21.0.11-win32-x86_64\bin\server;C:\Users\Anshika\.gradle\native\c067742578af261105cb4f569cf0c3c89f3d7b1fecec35dd04571415982c5e48\windows-amd64;C:\Users\Anshika\.gradle\native\100fb08df4bc3b14c8652ba06237920a3bd2aa13389f12d3474272988ae205f9\windows-amd64

VM Arguments:
jvm_args: --add-opens=java.base/java.util=ALL-UNNAMED --add-opens=java.base/java.lang=ALL-UNNAMED --add-opens=java.base/java.lang.invoke=ALL-UNNAMED --add-opens=java.prefs/java.util.prefs=ALL-UNNAMED --add-exports=jdk.compiler/com.sun.tools.javac.api=ALL-UNNAMED --add-exports=jdk.compiler/com.sun.tools.javac.util=ALL-UNNAMED --add-opens=java.base/java.nio.charset=ALL-UNNAMED --add-opens=java.base/java.net=ALL-UNNAMED --add-opens=java.base/java.util.concurrent.atomic=ALL-UNNAMED -XX:MaxMetaspaceSize=384m -XX:+HeapDumpOnOutOfMemoryError -Xms256m -Xmx512m -Dfile.encoding=utf8 -Duser.country=IN -Duser.language=en -Duser.variant -javaagent:C:\Users\Anshika\.gradle\wrapper\dists\gradle-8.9-bin\90cnw93cvbtalezasaz0blq0a\gradle-8.9\lib\agents\gradle-instrumentation-agent-8.9.jar 
java_command: org.gradle.launcher.daemon.bootstrap.GradleDaemon 8.9
java_class_path (initial): C:\Users\Anshika\.gradle\wrapper\dists\gradle-8.9-bin\90cnw93cvbtalezasaz0blq0a\gradle-8.9\lib\gradle-daemon-main-8.9.jar
Launcher Type: SUN_STANDARD

[Global flags]
     intx CICompilerCount                          = 12                                        {product} {ergonomic}
   size_t CompressedClassSpaceSize                 = 335544320                                 {product} {ergonomic}
     uint ConcGCThreads                            = 3                                         {product} {ergonomic}
     uint G1ConcRefinementThreads                  = 13                                        {product} {ergonomic}
   size_t G1HeapRegionSize                         = 1048576                                   {product} {ergonomic}
    uintx GCDrainStackTargetSize                   = 64                                        {product} {ergonomic}
     bool HeapDumpOnOutOfMemoryError               = true                                   {manageable} {command line}
   size_t InitialHeapSize                          = 268435456                                 {product} {command line}
   size_t MarkStackSize                            = 4194304                                   {product} {ergonomic}
   size_t MaxHeapSize                              = 536870912                                 {product} {command line}
   size_t MaxMetaspaceSize                         = 402653184                                 {product} {command line}
   size_t MaxNewSize                               = 321912832                                 {product} {ergonomic}
   size_t MinHeapDeltaBytes                        = 1048576                                   {product} {ergonomic}
   size_t MinHeapSize                              = 268435456                                 {product} {command line}
    uintx NonNMethodCodeHeapSize                   = 7602480                                {pd product} {ergonomic}
    uintx NonProfiledCodeHeapSize                  = 122027880                              {pd product} {ergonomic}
    uintx ProfiledCodeHeapSize                     = 122027880                              {pd product} {ergonomic}
    uintx ReservedCodeCacheSize                    = 251658240                              {pd product} {ergonomic}
     bool SegmentedCodeCache                       = true                                      {product} {ergonomic}
   size_t SoftMaxHeapSize                          = 536870912                              {manageable} {ergonomic}
     bool UseCompressedOops                        = true                           {product lp64_product} {ergonomic}
     bool UseG1GC                                  = true                                      {product} {ergonomic}
     bool UseLargePagesIndividualAllocation        = false                                  {pd product} {ergonomic}

Logging:
Log output configuration:
 #0: stdout all=warning uptime,level,tags foldmultilines=false
 #1: stderr all=off uptime,level,tags foldmultilines=false

Release file:
JAVA_VERSION="21.0.11" 
MODULES="java.base java.compiler java.datatransfer java.xml java.prefs java.desktop java.instrument java.logging java.management java.security.sasl java.naming java.rmi java.management.rmi java.net.http java.scripting java.security.jgss java.transaction.xa java.sql java.sql.rowset java.xml.crypto java.se java.smartcardio jdk.accessibility jdk.internal.jvmstat jdk.attach jdk.charsets jdk.internal.opt jdk.zipfs jdk.compiler jdk.crypto.ec jdk.crypto.cryptoki jdk.crypto.mscapi jdk.dynalink jdk.internal.ed jdk.editpad jdk.hotspot.agent jdk.httpserver jdk.internal.le jdk.internal.vm.ci jdk.internal.vm.compiler jdk.internal.vm.compiler.management jdk.jartool jdk.javadoc jdk.jcmd jdk.management jdk.management.agent jdk.jconsole jdk.jdeps jdk.jdwp.agent jdk.jdi jdk.jfr jdk.jshell jdk.jsobject jdk.jstatd jdk.localedata jdk.management.jfr jdk.naming.dns jdk.naming.rmi jdk.net jdk.nio.mapmode jdk.random jdk.sctp jdk.security.auth jdk.security.jgss jdk.unsupported jdk.unsupported.desktop jdk.xml.dom" 

Environment Variables:
JAVA_HOME=C:\Program Files\Android\Android Studio\jbr

PATH=C:\Program Files\Microsoft SDKs\Azure\CLI2\wbin;C:\Program Files\Common Files\Oracle\Java\javapath;C:\Program Files\Python313\Scripts\;C:\Program Files\Python313\;C:\windows\system32;C:\windows;C:\windows\System32\Wbem;C:\windows\System32\WindowsPowerShell\v1.0\;C:\windows\System32\OpenSSH\;C:\Program Files (x86)\NVIDIA Corporation\PhysX\Common;C:\Program Files\NVIDIA Corporation\NVIDIA NvDLISR;C:\Users\Administrator\AppData\Local\Microsoft\WindowsApps;C:\Program Files\HP\OMEN-Broadcast\Common;C:\Program Files\Java\jdk-24\bin;C:\ffmpeg\bin;C:\Program Files (x86)\QuickTime\QTSystem\;C:\Program Files\dotnet\;C:\Program Files\PuTTY\;C:\Program Files\Git\cmd;C:\Program Files\Git\bin;C:\Program Files\Git\cmd;C:\Users\Anshika\Downloads\apache-maven-3.9.14-bin\apache-maven-3.9.14\bin;C:\Users\Anshika\AppData\Roaming\Python\Python313\Scripts;C:\Users\Anshika\Downloads\terraform_1.14.7_windows_386;C:\Users\Anshika\Downloads\terraform_1.14.7_windows_386\terraform.exe;C:\Program Files\Docker\Docker\resources\bin;C:\Program Files\eSpeak NG;C:\Program Files\eSpeak NG\bin;C:\Program Files\nodejs\;C:\Users\Anshika\AppData\Local\agy\bin;C:\Users\Anshika\Downloads\Piper\piper1-gpl-main\.venv\Scripts;c:\Users\Anshika\AppData\Roaming\Code\User\globalStorage\github.copilot-chat\debugCommand;c:\Users\Anshika\AppData\Roaming\Code\User\globalStorage\github.copilot-chat\copilotCli;C:\Users\Anshika\AppData\Local\Programs\Microsoft VS Code;C:\Program Files\Microsoft SDKs\Azure\CLI2\wbin;C:\Program Files\Common Files\Oracle\Java\javapath;C:\Program Files\Python313\Scripts\;C:\Program Files\Python313\;C:\windows\system32;C:\windows;C:\windows\System32\Wbem;C:\windows\System32\WindowsPowerShell\v1.0\;C:\windows\System32\OpenSSH\;C:\Program Files (x86)\NVIDIA Corporation\PhysX\Common;C:\Program Files\NVIDIA Corporation\NVIDIA NvDLISR;C:\Users\Administrator\AppData\Local\Microsoft\WindowsApps;C:\Program Files\HP\OMEN-Broadcast\Common;C:\Program Files\HP\HP One Agent;C:\Program Files\Java\jdk-24\bin;C:\ffmpeg\bin;C:\Program Files (x86)\QuickTime\QTSystem\;C:\Program Files\dotnet\;C:\Program Files\PuTTY\;C:\Program Files\Git\cmd;C:\Program Files\Git\bin;C:\P;C:\Users\Anshika\AppData\Local\Programs\Antigravity\bin;C:\Users\Anshika\AppData\Local\Programs\Microsoft VS Code\bin;C:\Users\Anshika\AppData\Local\Programs\Antigravity IDE\bin;C:\Users\Anshika\AppData\Roaming\npm;C:\Users\Anshika\AppData\Local\Programs\cursor\resources\app\bin
USERNAME=Anshika
OS=Windows_NT
PROCESSOR_IDENTIFIER=AMD64 Family 25 Model 116 Stepping 1, AuthenticAMD
TMP=C:\Users\Anshika\AppData\Local\Temp
TEMP=C:\Users\Anshika\AppData\Local\Temp




Periodic native trim disabled

---------------  S Y S T E M  ---------------

OS:
 Windows 11 , 64 bit Build 26100 (10.0.26100.8521)
OS uptime: 2 days 8:44 hours
Hyper-V role detected

CPU: total 16 (initial active 16) (16 cores per cpu, 2 threads per core) family 25 model 116 stepping 1 microcode 0xa704109, cx8, cmov, fxsr, ht, mmx, 3dnowpref, sse, sse2, sse3, ssse3, sse4a, sse4.1, sse4.2, popcnt, lzcnt, tsc, tscinvbit, avx, avx2, aes, erms, clmul, bmi1, bmi2, adx, avx512f, avx512dq, avx512cd, avx512bw, avx512vl, sha, fma, vzeroupper, avx512_vpopcntdq, avx512_vpclmulqdq, avx512_vaes, avx512_vnni, clflush, clflushopt, avx512_vbmi2, avx512_vbmi, hv, rdtscp, rdpid, fsrm, gfni, avx512_bitalg, f16c, cet_ss, avx512_ifma
Processor Information for the first 16 processors :
  Max Mhz: 3801, Current Mhz: 2516, Mhz Limit: 3801

Memory: 4k page, system-wide physical 15654M (124M free)
TotalPageFile size 56315M (AvailPageFile size 13M)
current process WorkingSet (physical memory assigned to process): 119M, peak: 403M
current process commit charge ("private bytes"): 634M, peak: 644M

vm_info: OpenJDK 64-Bit Server VM (21.0.11+10-LTS) for windows-amd64 JRE (21.0.11+10-LTS), built on 2026-04-21T00:00:00Z by "admin" with MS VC++ 17.12 (VS2022)

END.
