#
# There is insufficient memory for the Java Runtime Environment to continue.
# Native memory allocation (malloc) failed to allocate 1178656 bytes. Error detail: Chunk::new
# Possible reasons:
#   The system is out of physical RAM or swap space
#   This process is running with CompressedOops enabled, and the Java Heap may be blocking the growth of the native heap
# Possible solutions:
#   Reduce memory load on the system
#   Increase physical memory or swap space
#   Check if swap backing store is full
#   Decrease Java heap size (-Xmx/-Xms)
#   Decrease number of Java threads
#   Decrease Java thread stack sizes (-Xss)
#   Set larger code cache with -XX:ReservedCodeCacheSize=
#   JVM is running with Unscaled Compressed Oops mode in which the Java heap is
#     placed in the first 4GB address space. The Java Heap base address is the
#     maximum limit for the native heap growth. Please use -XX:HeapBaseMinAddress
#     to set the Java Heap base and to place the Java Heap above 4GB virtual address.
# This output file may be truncated or incomplete.
#
#  Out of Memory Error (arena.cpp:168), pid=48200, tid=53900
#
# JRE version: OpenJDK Runtime Environment Temurin-21.0.11+10 (21.0.11+10) (build 21.0.11+10-LTS)
# Java VM: OpenJDK 64-Bit Server VM Temurin-21.0.11+10 (21.0.11+10-LTS, mixed mode, sharing, tiered, compressed oops, compressed class ptrs, g1 gc, windows-amd64)
# No core dump will be written. Minidumps are not enabled by default on client versions of Windows
#

---------------  S U M M A R Y ------------

Command Line: --add-opens=java.base/java.util=ALL-UNNAMED --add-opens=java.base/java.lang=ALL-UNNAMED --add-opens=java.base/java.lang.invoke=ALL-UNNAMED --add-opens=java.prefs/java.util.prefs=ALL-UNNAMED --add-exports=jdk.compiler/com.sun.tools.javac.api=ALL-UNNAMED --add-exports=jdk.compiler/com.sun.tools.javac.util=ALL-UNNAMED --add-opens=java.base/java.nio.charset=ALL-UNNAMED --add-opens=java.base/java.net=ALL-UNNAMED --add-opens=java.base/java.util.concurrent.atomic=ALL-UNNAMED -XX:MaxMetaspaceSize=384m -XX:+HeapDumpOnOutOfMemoryError -Xms256m -Xmx512m -Dfile.encoding=utf8 -Duser.country=IN -Duser.language=en -Duser.variant -javaagent:C:\Users\Anshika\.gradle\wrapper\dists\gradle-8.9-bin\90cnw93cvbtalezasaz0blq0a\gradle-8.9\lib\agents\gradle-instrumentation-agent-8.9.jar org.gradle.launcher.daemon.bootstrap.GradleDaemon 8.9

Host: AMD Ryzen 7 7840HS w/ Radeon 780M Graphics     , 16 cores, 15G,  Windows 11 , 64 bit Build 26100 (10.0.26100.8521)
Time: Sat Jun 27 00:49:58 2026 India Standard Time elapsed time: 304.170193 seconds (0d 0h 5m 4s)

---------------  T H R E A D  ---------------

Current thread (0x000001af1448e840):  JavaThread "C2 CompilerThread0" daemon [_thread_in_native, id=53900, stack(0x0000006889400000,0x0000006889500000) (1024K)]


Current CompileTask:
C2:304170 8676       4       org.gradle.internal.instantiation.generator.AbstractClassGenerator::inspectType (560 bytes)

Stack: [0x0000006889400000,0x0000006889500000]
Native frames: (J=compiled Java code, j=interpreted, Vv=VM code, C=native code)
V  [jvm.dll+0x6d7e19]
V  [jvm.dll+0x8b5096]
V  [jvm.dll+0x8b764e]
V  [jvm.dll+0x8b7d33]
V  [jvm.dll+0x284596]
V  [jvm.dll+0xc685d]
V  [jvm.dll+0xc6da1]
V  [jvm.dll+0x2fb4ee]
V  [jvm.dll+0x5fe9a4]
V  [jvm.dll+0x255d67]
V  [jvm.dll+0x24e0f4]
V  [jvm.dll+0x24bbe6]
V  [jvm.dll+0x1cb4ae]
V  [jvm.dll+0x25baad]
V  [jvm.dll+0x25a03a]
V  [jvm.dll+0x3f868e]
V  [jvm.dll+0x85fb0d]
V  [jvm.dll+0x6d664d]
C  [ucrtbase.dll+0x2cd30]
C  [KERNEL32.DLL+0x2e957]
C  [ntdll.dll+0x87c1c]


---------------  P R O C E S S  ---------------

Threads class SMR info:
_java_thread_list=0x000001af2f6d14a0, length=82, elements={
0x000001af7e002430, 0x000001af144886c0, 0x000001af14489120, 0x000001af1448bb90,
0x000001af1448c5f0, 0x000001af1448d050, 0x000001af1448dab0, 0x000001af1448e840,
0x000001af14493e20, 0x000001af1470ec80, 0x000001af14641010, 0x000001af2e90c680,
0x000001af2f2a8fc0, 0x000001af2f39db20, 0x000001af2ebf0ed0, 0x000001af2ebf3550,
0x000001af2f41b190, 0x000001af2f41df80, 0x000001af2f41e610, 0x000001af2f41d260,
0x000001af2f41d8f0, 0x000001af2f41b820, 0x000001af2f41beb0, 0x000001af2f41c540,
0x000001af2fd4fb80, 0x000001af2fd4e7d0, 0x000001af2fd50210, 0x000001af2fd4ee60,
0x000001af2fd4d420, 0x000001af2fd508a0, 0x000001af2fd50f30, 0x000001af2fd4dab0,
0x000001af2fd515c0, 0x000001af2fd4e140, 0x000001af2fd53000, 0x000001af2fd52970,
0x000001af2fd53690, 0x000001af2f41cbd0, 0x000001af311a39b0, 0x000001af311a6110,
0x000001af311a2c90, 0x000001af311a4040, 0x000001af311a4d60, 0x000001af311a67a0,
0x000001af311a46d0, 0x000001af311a3320, 0x000001af311a5a80, 0x000001af311a6e30,
0x000001af311a74c0, 0x000001af311a7b50, 0x000001af311a81e0, 0x000001af311a8870,
0x000001af311a53f0, 0x000001af311a8f00, 0x000001af311a9590, 0x000001af311a9c20,
0x000001af311aa2b0, 0x000001af317bdf10, 0x000001af317bec30, 0x000001af317bcb60,
0x000001af317bd1f0, 0x000001af317bd880, 0x000001af317be5a0, 0x000001af317bc4d0,
0x000001af317bf2c0, 0x000001af317bbe40, 0x000001af317c1a20, 0x000001af317bf950,
0x000001af317c1390, 0x000001af317c0670, 0x000001af317c0d00, 0x000001af317c2dd0,
0x000001af317c20b0, 0x000001af317c3460, 0x000001af317c2740, 0x000001af317bffe0,
0x000001af2fe76330, 0x000001af2fe75ca0, 0x000001af2fe74f80, 0x000001af2fe769c0,
0x000001af2fe77d70, 0x000001af2fe78400
}

Java Threads: ( => current thread )
  0x000001af7e002430 JavaThread "main"                              [_thread_blocked, id=45784, stack(0x0000006888600000,0x0000006888700000) (1024K)]
  0x000001af144886c0 JavaThread "Reference Handler"          daemon [_thread_blocked, id=50620, stack(0x0000006888e00000,0x0000006888f00000) (1024K)]
  0x000001af14489120 JavaThread "Finalizer"                  daemon [_thread_blocked, id=48896, stack(0x0000006888f00000,0x0000006889000000) (1024K)]
  0x000001af1448bb90 JavaThread "Signal Dispatcher"          daemon [_thread_blocked, id=54072, stack(0x0000006889000000,0x0000006889100000) (1024K)]
  0x000001af1448c5f0 JavaThread "Attach Listener"            daemon [_thread_blocked, id=53512, stack(0x0000006889100000,0x0000006889200000) (1024K)]
  0x000001af1448d050 JavaThread "Service Thread"             daemon [_thread_blocked, id=53436, stack(0x0000006889200000,0x0000006889300000) (1024K)]
  0x000001af1448dab0 JavaThread "Monitor Deflation Thread"   daemon [_thread_blocked, id=53516, stack(0x0000006889300000,0x0000006889400000) (1024K)]
=>0x000001af1448e840 JavaThread "C2 CompilerThread0"         daemon [_thread_in_native, id=53900, stack(0x0000006889400000,0x0000006889500000) (1024K)]
  0x000001af14493e20 JavaThread "C1 CompilerThread0"         daemon [_thread_blocked, id=53440, stack(0x0000006889500000,0x0000006889600000) (1024K)]
  0x000001af1470ec80 JavaThread "Common-Cleaner"             daemon [_thread_blocked, id=12968, stack(0x0000006889700000,0x0000006889800000) (1024K)]
  0x000001af14641010 JavaThread "Notification Thread"        daemon [_thread_blocked, id=16700, stack(0x0000006889800000,0x0000006889900000) (1024K)]
  0x000001af2e90c680 JavaThread "Daemon health stats"               [_thread_blocked, id=13520, stack(0x0000006889f00000,0x000000688a000000) (1024K)]
  0x000001af2f2a8fc0 JavaThread "Incoming local TCP Connector on port 65348"        [_thread_in_native, id=23504, stack(0x000000688a000000,0x000000688a100000) (1024K)]
  0x000001af2f39db20 JavaThread "Daemon periodic checks"            [_thread_blocked, id=54108, stack(0x000000688a100000,0x000000688a200000) (1024K)]
  0x000001af2ebf0ed0 JavaThread "Daemon"                            [_thread_blocked, id=41620, stack(0x000000688a200000,0x000000688a300000) (1024K)]
  0x000001af2ebf3550 JavaThread "Handler for socket connection from /127.0.0.1:65348 to /127.0.0.1:59677"        [_thread_in_native, id=15336, stack(0x000000688a300000,0x000000688a400000) (1024K)]
  0x000001af2f41b190 JavaThread "Cancel handler"                    [_thread_blocked, id=29664, stack(0x000000688ab00000,0x000000688ac00000) (1024K)]
  0x000001af2f41df80 JavaThread "Daemon worker"                     [_thread_in_vm, id=46600, stack(0x000000688ac00000,0x000000688ad00000) (1024K)]
  0x000001af2f41e610 JavaThread "Asynchronous log dispatcher for DefaultDaemonConnection: socket connection from /127.0.0.1:65348 to /127.0.0.1:59677"        [_thread_blocked, id=50644, stack(0x000000688ad00000,0x000000688ae00000) (1024K)]
  0x000001af2f41d260 JavaThread "Stdin handler"                     [_thread_blocked, id=54160, stack(0x000000688ae00000,0x000000688af00000) (1024K)]
  0x000001af2f41d8f0 JavaThread "Daemon client event forwarder"        [_thread_blocked, id=31120, stack(0x000000688af00000,0x000000688b000000) (1024K)]
  0x000001af2f41b820 JavaThread "Cache worker for journal cache (C:\Users\Anshika\.gradle\caches\journal-1)"        [_thread_blocked, id=22744, stack(0x0000006889600000,0x0000006889700000) (1024K)]
  0x000001af2f41beb0 JavaThread "File lock request listener"        [_thread_in_native, id=28668, stack(0x0000006889e00000,0x0000006889f00000) (1024K)]
  0x000001af2f41c540 JavaThread "Cache worker for file hash cache (C:\Users\Anshika\.gradle\caches\8.9\fileHashes)"        [_thread_blocked, id=21136, stack(0x000000688b000000,0x000000688b100000) (1024K)]
  0x000001af2fd4fb80 JavaThread "Cache worker for file hash cache (C:\Users\Anshika\Documents\Pull-Up\Pull-up\pullup\node_modules\expo-modules-autolinking\android\expo-gradle-plugin\.gradle\8.9\fileHashes)"        [_thread_blocked, id=44272, stack(0x000000688b400000,0x000000688b500000) (1024K)]
  0x000001af2fd4e7d0 JavaThread "Cache worker for Build Output Cleanup Cache (C:\Users\Anshika\Documents\Pull-Up\Pull-up\pullup\node_modules\expo-modules-autolinking\android\expo-gradle-plugin\.gradle\buildOutputCleanup)"        [_thread_blocked, id=28252, stack(0x000000688b500000,0x000000688b600000) (1024K)]
  0x000001af2fd50210 JavaThread "File watcher server"        daemon [_thread_in_native, id=39708, stack(0x000000688b600000,0x000000688b700000) (1024K)]
  0x000001af2fd4ee60 JavaThread "File watcher consumer"      daemon [_thread_blocked, id=29568, stack(0x000000688b700000,0x000000688b800000) (1024K)]
  0x000001af2fd4d420 JavaThread "Cache worker for checksums cache (C:\Users\Anshika\Documents\Pull-Up\Pull-up\pullup\node_modules\expo-modules-autolinking\android\expo-gradle-plugin\.gradle\8.9\checksums)"        [_thread_blocked, id=15028, stack(0x000000688b800000,0x000000688b900000) (1024K)]
  0x000001af2fd508a0 JavaThread "Cache worker for file content cache (C:\Users\Anshika\.gradle\caches\8.9\fileContent)"        [_thread_blocked, id=17096, stack(0x000000688b900000,0x000000688ba00000) (1024K)]
  0x000001af2fd50f30 JavaThread "File lock release action executor Thread 2"        [_thread_blocked, id=54680, stack(0x000000688ba00000,0x000000688bb00000) (1024K)]
  0x000001af2fd4dab0 JavaThread "Cache worker for cache directory md-rule (C:\Users\Anshika\.gradle\caches\8.9\md-rule)"        [_thread_blocked, id=18812, stack(0x000000688bb00000,0x000000688bc00000) (1024K)]
  0x000001af2fd515c0 JavaThread "Cache worker for cache directory md-supplier (C:\Users\Anshika\.gradle\caches\8.9\md-supplier)"        [_thread_blocked, id=48612, stack(0x000000688bc00000,0x000000688bd00000) (1024K)]
  0x000001af2fd4e140 JavaThread "jar transforms"                    [_thread_blocked, id=22132, stack(0x0000006888400000,0x0000006888500000) (1024K)]
  0x000001af2fd53000 JavaThread "jar transforms Thread 2"           [_thread_blocked, id=29632, stack(0x0000006888500000,0x0000006888600000) (1024K)]
  0x000001af2fd52970 JavaThread "Unconstrained build operations"        [_thread_blocked, id=19148, stack(0x000000688b100000,0x000000688b200000) (1024K)]
  0x000001af2fd53690 JavaThread "Unconstrained build operations Thread 2"        [_thread_blocked, id=9252, stack(0x000000688bd00000,0x000000688be00000) (1024K)]
  0x000001af2f41cbd0 JavaThread "Unconstrained build operations Thread 3"        [_thread_blocked, id=52396, stack(0x000000688be00000,0x000000688bf00000) (1024K)]
  0x000001af311a39b0 JavaThread "Unconstrained build operations Thread 4"        [_thread_blocked, id=36504, stack(0x000000688bf00000,0x000000688c000000) (1024K)]
  0x000001af311a6110 JavaThread "Unconstrained build operations Thread 5"        [_thread_blocked, id=37872, stack(0x000000688c000000,0x000000688c100000) (1024K)]
  0x000001af311a2c90 JavaThread "Unconstrained build operations Thread 6"        [_thread_blocked, id=49700, stack(0x000000688c100000,0x000000688c200000) (1024K)]
  0x000001af311a4040 JavaThread "Unconstrained build operations Thread 7"        [_thread_blocked, id=37748, stack(0x000000688c200000,0x000000688c300000) (1024K)]
  0x000001af311a4d60 JavaThread "Unconstrained build operations Thread 8"        [_thread_blocked, id=53276, stack(0x000000688c300000,0x000000688c400000) (1024K)]
  0x000001af311a67a0 JavaThread "Unconstrained build operations Thread 9"        [_thread_blocked, id=46420, stack(0x000000688c400000,0x000000688c500000) (1024K)]
  0x000001af311a46d0 JavaThread "Unconstrained build operations Thread 10"        [_thread_blocked, id=21176, stack(0x000000688c500000,0x000000688c600000) (1024K)]
  0x000001af311a3320 JavaThread "Unconstrained build operations Thread 11"        [_thread_blocked, id=52248, stack(0x000000688c600000,0x000000688c700000) (1024K)]
  0x000001af311a5a80 JavaThread "Unconstrained build operations Thread 12"        [_thread_blocked, id=54384, stack(0x000000688c700000,0x000000688c800000) (1024K)]
  0x000001af311a6e30 JavaThread "Unconstrained build operations Thread 13"        [_thread_blocked, id=30000, stack(0x000000688c800000,0x000000688c900000) (1024K)]
  0x000001af311a74c0 JavaThread "Unconstrained build operations Thread 14"        [_thread_blocked, id=50896, stack(0x000000688c900000,0x000000688ca00000) (1024K)]
  0x000001af311a7b50 JavaThread "Unconstrained build operations Thread 15"        [_thread_blocked, id=36648, stack(0x000000688ca00000,0x000000688cb00000) (1024K)]
  0x000001af311a81e0 JavaThread "Unconstrained build operations Thread 16"        [_thread_blocked, id=46960, stack(0x000000688cb00000,0x000000688cc00000) (1024K)]
  0x000001af311a8870 JavaThread "Unconstrained build operations Thread 17"        [_thread_blocked, id=26076, stack(0x000000688cc00000,0x000000688cd00000) (1024K)]
  0x000001af311a53f0 JavaThread "Unconstrained build operations Thread 18"        [_thread_blocked, id=46024, stack(0x000000688cd00000,0x000000688ce00000) (1024K)]
  0x000001af311a8f00 JavaThread "Unconstrained build operations Thread 19"        [_thread_blocked, id=35440, stack(0x000000688ce00000,0x000000688cf00000) (1024K)]
  0x000001af311a9590 JavaThread "Unconstrained build operations Thread 20"        [_thread_blocked, id=46892, stack(0x000000688cf00000,0x000000688d000000) (1024K)]
  0x000001af311a9c20 JavaThread "Unconstrained build operations Thread 21"        [_thread_blocked, id=21744, stack(0x000000688d000000,0x000000688d100000) (1024K)]
  0x000001af311aa2b0 JavaThread "Unconstrained build operations Thread 22"        [_thread_blocked, id=47156, stack(0x000000688d100000,0x000000688d200000) (1024K)]
  0x000001af317bdf10 JavaThread "Unconstrained build operations Thread 23"        [_thread_blocked, id=20864, stack(0x000000688d200000,0x000000688d300000) (1024K)]
  0x000001af317bec30 JavaThread "Unconstrained build operations Thread 24"        [_thread_blocked, id=54780, stack(0x000000688d300000,0x000000688d400000) (1024K)]
  0x000001af317bcb60 JavaThread "Unconstrained build operations Thread 25"        [_thread_blocked, id=33048, stack(0x000000688d500000,0x000000688d600000) (1024K)]
  0x000001af317bd1f0 JavaThread "Unconstrained build operations Thread 26"        [_thread_blocked, id=11400, stack(0x000000688d600000,0x000000688d700000) (1024K)]
  0x000001af317bd880 JavaThread "Unconstrained build operations Thread 27"        [_thread_blocked, id=52660, stack(0x000000688d700000,0x000000688d800000) (1024K)]
  0x000001af317be5a0 JavaThread "Unconstrained build operations Thread 28"        [_thread_blocked, id=27932, stack(0x000000688d800000,0x000000688d900000) (1024K)]
  0x000001af317bc4d0 JavaThread "Unconstrained build operations Thread 29"        [_thread_blocked, id=39248, stack(0x000000688d900000,0x000000688da00000) (1024K)]
  0x000001af317bf2c0 JavaThread "Unconstrained build operations Thread 30"        [_thread_blocked, id=52212, stack(0x000000688da00000,0x000000688db00000) (1024K)]
  0x000001af317bbe40 JavaThread "Unconstrained build operations Thread 31"        [_thread_blocked, id=18508, stack(0x000000688d400000,0x000000688d500000) (1024K)]
  0x000001af317c1a20 JavaThread "Unconstrained build operations Thread 32"        [_thread_blocked, id=9996, stack(0x000000688db00000,0x000000688dc00000) (1024K)]
  0x000001af317bf950 JavaThread "Unconstrained build operations Thread 33"        [_thread_blocked, id=36060, stack(0x000000688dc00000,0x000000688dd00000) (1024K)]
  0x000001af317c1390 JavaThread "Unconstrained build operations Thread 34"        [_thread_blocked, id=53908, stack(0x000000688dd00000,0x000000688de00000) (1024K)]
  0x000001af317c0670 JavaThread "Unconstrained build operations Thread 35"        [_thread_blocked, id=9256, stack(0x000000688de00000,0x000000688df00000) (1024K)]
  0x000001af317c0d00 JavaThread "Unconstrained build operations Thread 36"        [_thread_blocked, id=53080, stack(0x000000688df00000,0x000000688e000000) (1024K)]
  0x000001af317c2dd0 JavaThread "Unconstrained build operations Thread 37"        [_thread_blocked, id=50616, stack(0x000000688e000000,0x000000688e100000) (1024K)]
  0x000001af317c20b0 JavaThread "Unconstrained build operations Thread 38"        [_thread_blocked, id=22332, stack(0x000000688e100000,0x000000688e200000) (1024K)]
  0x000001af317c3460 JavaThread "Unconstrained build operations Thread 39"        [_thread_blocked, id=51636, stack(0x000000688e200000,0x000000688e300000) (1024K)]
  0x000001af317c2740 JavaThread "Unconstrained build operations Thread 40"        [_thread_blocked, id=20492, stack(0x000000688e300000,0x000000688e400000) (1024K)]
  0x000001af317bffe0 JavaThread "Unconstrained build operations Thread 41"        [_thread_blocked, id=42620, stack(0x000000688e400000,0x000000688e500000) (1024K)]
  0x000001af2fe76330 JavaThread "Unconstrained build operations Thread 42"        [_thread_blocked, id=15992, stack(0x000000688e500000,0x000000688e600000) (1024K)]
  0x000001af2fe75ca0 JavaThread "Unconstrained build operations Thread 43"        [_thread_blocked, id=47192, stack(0x000000688e600000,0x000000688e700000) (1024K)]
  0x000001af2fe74f80 JavaThread "Unconstrained build operations Thread 44"        [_thread_blocked, id=23744, stack(0x000000688e700000,0x000000688e800000) (1024K)]
  0x000001af2fe769c0 JavaThread "Unconstrained build operations Thread 45"        [_thread_blocked, id=39412, stack(0x000000688e800000,0x000000688e900000) (1024K)]
  0x000001af2fe77d70 JavaThread "Memory manager"                    [_thread_blocked, id=50788, stack(0x000000688e900000,0x000000688ea00000) (1024K)]
  0x000001af2fe78400 JavaThread "build event listener"              [_thread_blocked, id=47356, stack(0x000000688ec00000,0x000000688ed00000) (1024K)]
Total: 82

Other Threads:
  0x000001af14469350 VMThread "VM Thread"                           [id=2116, stack(0x0000006888d00000,0x0000006888e00000) (1024K)]
  0x000001af1444f0e0 WatcherThread "VM Periodic Task Thread"        [id=2680, stack(0x0000006888c00000,0x0000006888d00000) (1024K)]
  0x000001af7e02f410 WorkerThread "GC Thread#0"                     [id=44896, stack(0x0000006888700000,0x0000006888800000) (1024K)]
  0x000001af14781530 WorkerThread "GC Thread#1"                     [id=21104, stack(0x0000006889900000,0x0000006889a00000) (1024K)]
  0x000001af2e29ec70 WorkerThread "GC Thread#2"                     [id=5096, stack(0x0000006889a00000,0x0000006889b00000) (1024K)]
  0x000001af2e29f020 WorkerThread "GC Thread#3"                     [id=47324, stack(0x0000006889b00000,0x0000006889c00000) (1024K)]
  0x000001af2e379b50 WorkerThread "GC Thread#4"                     [id=35668, stack(0x0000006889c00000,0x0000006889d00000) (1024K)]
  0x000001af2e379f00 WorkerThread "GC Thread#5"                     [id=31688, stack(0x0000006889d00000,0x0000006889e00000) (1024K)]
  0x000001af2f4a59a0 WorkerThread "GC Thread#6"                     [id=48456, stack(0x000000688a400000,0x000000688a500000) (1024K)]
  0x000001af2f4a3170 WorkerThread "GC Thread#7"                     [id=45540, stack(0x000000688a500000,0x000000688a600000) (1024K)]
  0x000001af2f0b6f80 WorkerThread "GC Thread#8"                     [id=28844, stack(0x000000688a600000,0x000000688a700000) (1024K)]
  0x000001af2f0b6bd0 WorkerThread "GC Thread#9"                     [id=32372, stack(0x000000688a700000,0x000000688a800000) (1024K)]
  0x000001af2f0b60c0 WorkerThread "GC Thread#10"                    [id=35180, stack(0x000000688a800000,0x000000688a900000) (1024K)]
  0x000001af2f0b5960 WorkerThread "GC Thread#11"                    [id=33204, stack(0x000000688a900000,0x000000688aa00000) (1024K)]
  0x000001af2f0b5d10 WorkerThread "GC Thread#12"                    [id=54720, stack(0x000000688aa00000,0x000000688ab00000) (1024K)]
  0x000001af7e034b20 ConcurrentGCThread "G1 Main Marker"            [id=39896, stack(0x0000006888800000,0x0000006888900000) (1024K)]
  0x000001af7e035540 WorkerThread "G1 Conc#0"                       [id=41908, stack(0x0000006888900000,0x0000006888a00000) (1024K)]
  0x000001af2f64da90 WorkerThread "G1 Conc#1"                       [id=33260, stack(0x000000688b200000,0x000000688b300000) (1024K)]
  0x000001af2f64ae50 WorkerThread "G1 Conc#2"                       [id=41892, stack(0x000000688b300000,0x000000688b400000) (1024K)]
  0x000001af7e0ae790 ConcurrentGCThread "G1 Refine#0"               [id=16132, stack(0x0000006888a00000,0x0000006888b00000) (1024K)]
  0x000001af1431eb70 ConcurrentGCThread "G1 Service"                [id=18904, stack(0x0000006888b00000,0x0000006888c00000) (1024K)]
Total: 21

Threads with active compile tasks:
C2 CompilerThread0  304420 8676       4       org.gradle.internal.instantiation.generator.AbstractClassGenerator::inspectType (560 bytes)
Total: 1

VM state: not at safepoint (normal execution)

VM Mutex/Monitor currently owned by a thread: None

Heap address: 0x00000000e0000000, size: 512 MB, Compressed Oops mode: 32-bit

CDS archive(s) mapped at: [0x000001af15000000-0x000001af15ba0000-0x000001af15ba0000), size 12189696, SharedBaseAddress: 0x000001af15000000, ArchiveRelocationMode: 1.
Compressed class space mapped at: 0x000001af16000000-0x000001af2a000000, reserved size: 335544320
Narrow klass base: 0x000001af15000000, Narrow klass shift: 0, Narrow klass range: 0x100000000

GC Precious Log:
 CardTable entry size: 512
 Card Set container configuration: InlinePtr #cards 5 size 8 Array Of Cards #cards 12 size 40 Howl #buckets 4 coarsen threshold 1843 Howl Bitmap #cards 512 size 80 coarsen threshold 460 Card regions per heap region 1 cards per card region 2048
 CPUs: 16 total, 16 available
 Memory: 15654M
 Large Page Support: Disabled
 NUMA Support: Disabled
 Compressed Oops: Enabled (32-bit)
 Heap Region Size: 1M
 Heap Min Capacity: 256M
 Heap Initial Capacity: 256M
 Heap Max Capacity: 512M
 Pre-touch: Disabled
 Parallel Workers: 13
 Concurrent Workers: 3
 Concurrent Refinement Workers: 13
 Periodic GC: Disabled

Heap:
 garbage-first heap   total 262144K, used 162320K [0x00000000e0000000, 0x0000000100000000)
  region size 1024K, 117 young (119808K), 8 survivors (8192K)
 Metaspace       used 67722K, committed 69760K, reserved 393216K
  class space    used 9813K, committed 10816K, reserved 327680K

Heap Regions: E=young(eden), S=young(survivor), O=old, HS=humongous(starts), HC=humongous(continues), CS=collection set, F=free, TAMS=top-at-mark-start, PB=parsable bottom
|   0|0x00000000e0000000, 0x00000000e0100000, 0x00000000e0100000|100%|HS|  |TAMS 0x00000000e0000000| PB 0x00000000e0000000| Complete 
|   1|0x00000000e0100000, 0x00000000e0200000, 0x00000000e0200000|100%|HC|  |TAMS 0x00000000e0100000| PB 0x00000000e0100000| Complete 
|   2|0x00000000e0200000, 0x00000000e0300000, 0x00000000e0300000|100%|HC|  |TAMS 0x00000000e0200000| PB 0x00000000e0200000| Complete 
|   3|0x00000000e0300000, 0x00000000e0400000, 0x00000000e0400000|100%|HC|  |TAMS 0x00000000e0300000| PB 0x00000000e0300000| Complete 
|   4|0x00000000e0400000, 0x00000000e0500000, 0x00000000e0500000|100%| O|  |TAMS 0x00000000e0400000| PB 0x00000000e0400000| Untracked 
|   5|0x00000000e0500000, 0x00000000e0600000, 0x00000000e0600000|100%| O|  |TAMS 0x00000000e0500000| PB 0x00000000e0500000| Untracked 
|   6|0x00000000e0600000, 0x00000000e0700000, 0x00000000e0700000|100%| O|  |TAMS 0x00000000e0600000| PB 0x00000000e0600000| Untracked 
|   7|0x00000000e0700000, 0x00000000e0800000, 0x00000000e0800000|100%| O|  |TAMS 0x00000000e0700000| PB 0x00000000e0700000| Untracked 
|   8|0x00000000e0800000, 0x00000000e0900000, 0x00000000e0900000|100%| O|  |TAMS 0x00000000e0800000| PB 0x00000000e0800000| Untracked 
|   9|0x00000000e0900000, 0x00000000e0a00000, 0x00000000e0a00000|100%| O|  |TAMS 0x00000000e0900000| PB 0x00000000e0900000| Untracked 
|  10|0x00000000e0a00000, 0x00000000e0b00000, 0x00000000e0b00000|100%| O|  |TAMS 0x00000000e0a00000| PB 0x00000000e0a00000| Untracked 
|  11|0x00000000e0b00000, 0x00000000e0c00000, 0x00000000e0c00000|100%|HS|  |TAMS 0x00000000e0b00000| PB 0x00000000e0b00000| Complete 
|  12|0x00000000e0c00000, 0x00000000e0d00000, 0x00000000e0d00000|100%| O|  |TAMS 0x00000000e0c00000| PB 0x00000000e0c00000| Untracked 
|  13|0x00000000e0d00000, 0x00000000e0e00000, 0x00000000e0e00000|100%| O|  |TAMS 0x00000000e0d00000| PB 0x00000000e0d00000| Untracked 
|  14|0x00000000e0e00000, 0x00000000e0f00000, 0x00000000e0f00000|100%| O|  |TAMS 0x00000000e0e00000| PB 0x00000000e0e00000| Untracked 
|  15|0x00000000e0f00000, 0x00000000e1000000, 0x00000000e1000000|100%| O|  |TAMS 0x00000000e0f00000| PB 0x00000000e0f00000| Untracked 
|  16|0x00000000e1000000, 0x00000000e1100000, 0x00000000e1100000|100%| O|  |TAMS 0x00000000e1000000| PB 0x00000000e1000000| Untracked 
|  17|0x00000000e1100000, 0x00000000e1200000, 0x00000000e1200000|100%| O|  |TAMS 0x00000000e1100000| PB 0x00000000e1100000| Untracked 
|  18|0x00000000e1200000, 0x00000000e1300000, 0x00000000e1300000|100%| O|  |TAMS 0x00000000e1200000| PB 0x00000000e1200000| Untracked 
|  19|0x00000000e1300000, 0x00000000e1400000, 0x00000000e1400000|100%| O|  |TAMS 0x00000000e1300000| PB 0x00000000e1300000| Untracked 
|  20|0x00000000e1400000, 0x00000000e1500000, 0x00000000e1500000|100%| O|  |TAMS 0x00000000e1400000| PB 0x00000000e1400000| Untracked 
|  21|0x00000000e1500000, 0x00000000e1600000, 0x00000000e1600000|100%|HS|  |TAMS 0x00000000e1500000| PB 0x00000000e1500000| Complete 
|  22|0x00000000e1600000, 0x00000000e1700000, 0x00000000e1700000|100%|HC|  |TAMS 0x00000000e1600000| PB 0x00000000e1600000| Complete 
|  23|0x00000000e1700000, 0x00000000e1800000, 0x00000000e1800000|100%|HC|  |TAMS 0x00000000e1700000| PB 0x00000000e1700000| Complete 
|  24|0x00000000e1800000, 0x00000000e1900000, 0x00000000e1900000|100%|HS|  |TAMS 0x00000000e1800000| PB 0x00000000e1800000| Complete 
|  25|0x00000000e1900000, 0x00000000e1a00000, 0x00000000e1a00000|100%|HC|  |TAMS 0x00000000e1900000| PB 0x00000000e1900000| Complete 
|  26|0x00000000e1a00000, 0x00000000e1b00000, 0x00000000e1b00000|100%|HC|  |TAMS 0x00000000e1a00000| PB 0x00000000e1a00000| Complete 
|  27|0x00000000e1b00000, 0x00000000e1c00000, 0x00000000e1c00000|100%| O|  |TAMS 0x00000000e1b00000| PB 0x00000000e1b00000| Untracked 
|  28|0x00000000e1c00000, 0x00000000e1d00000, 0x00000000e1d00000|100%| O|  |TAMS 0x00000000e1c00000| PB 0x00000000e1c00000| Untracked 
|  29|0x00000000e1d00000, 0x00000000e1e00000, 0x00000000e1e00000|100%| O|  |TAMS 0x00000000e1d00000| PB 0x00000000e1d00000| Untracked 
|  30|0x00000000e1e00000, 0x00000000e1f00000, 0x00000000e1f00000|100%| O|  |TAMS 0x00000000e1e00000| PB 0x00000000e1e00000| Untracked 
|  31|0x00000000e1f00000, 0x00000000e2000000, 0x00000000e2000000|100%| O|  |TAMS 0x00000000e1f00000| PB 0x00000000e1f00000| Untracked 
|  32|0x00000000e2000000, 0x00000000e2100000, 0x00000000e2100000|100%| O|  |TAMS 0x00000000e2000000| PB 0x00000000e2000000| Untracked 
|  33|0x00000000e2100000, 0x00000000e2200000, 0x00000000e2200000|100%| O|  |TAMS 0x00000000e2100000| PB 0x00000000e2100000| Untracked 
|  34|0x00000000e2200000, 0x00000000e2300000, 0x00000000e2300000|100%| O|  |TAMS 0x00000000e2200000| PB 0x00000000e2200000| Untracked 
|  35|0x00000000e2300000, 0x00000000e2400000, 0x00000000e2400000|100%| O|  |TAMS 0x00000000e2300000| PB 0x00000000e2300000| Untracked 
|  36|0x00000000e2400000, 0x00000000e2500000, 0x00000000e2500000|100%| O|Cm|TAMS 0x00000000e2400000| PB 0x00000000e2400000| Complete 
|  37|0x00000000e2500000, 0x00000000e2600000, 0x00000000e2600000|100%| O|  |TAMS 0x00000000e2500000| PB 0x00000000e2500000| Untracked 
|  38|0x00000000e2600000, 0x00000000e2700000, 0x00000000e2700000|100%| O|  |TAMS 0x00000000e2600000| PB 0x00000000e2600000| Untracked 
|  39|0x00000000e2700000, 0x00000000e2800000, 0x00000000e2800000|100%| O|  |TAMS 0x00000000e2700000| PB 0x00000000e2700000| Untracked 
|  40|0x00000000e2800000, 0x00000000e2900000, 0x00000000e2900000|100%| O|  |TAMS 0x00000000e2800000| PB 0x00000000e2800000| Untracked 
|  41|0x00000000e2900000, 0x00000000e2a00000, 0x00000000e2a00000|100%| O|  |TAMS 0x00000000e2900000| PB 0x00000000e2900000| Untracked 
|  42|0x00000000e2a00000, 0x00000000e2ac0ad0, 0x00000000e2b00000| 75%| O|  |TAMS 0x00000000e2a00000| PB 0x00000000e2a00000| Untracked 
|  43|0x00000000e2b00000, 0x00000000e2b00000, 0x00000000e2c00000|  0%| F|  |TAMS 0x00000000e2b00000| PB 0x00000000e2b00000| Untracked 
|  44|0x00000000e2c00000, 0x00000000e2c00000, 0x00000000e2d00000|  0%| F|  |TAMS 0x00000000e2c00000| PB 0x00000000e2c00000| Untracked 
|  45|0x00000000e2d00000, 0x00000000e2d00000, 0x00000000e2e00000|  0%| F|  |TAMS 0x00000000e2d00000| PB 0x00000000e2d00000| Untracked 
|  46|0x00000000e2e00000, 0x00000000e2e00000, 0x00000000e2f00000|  0%| F|  |TAMS 0x00000000e2e00000| PB 0x00000000e2e00000| Untracked 
|  47|0x00000000e2f00000, 0x00000000e2f00000, 0x00000000e3000000|  0%| F|  |TAMS 0x00000000e2f00000| PB 0x00000000e2f00000| Untracked 
|  48|0x00000000e3000000, 0x00000000e3000000, 0x00000000e3100000|  0%| F|  |TAMS 0x00000000e3000000| PB 0x00000000e3000000| Untracked 
|  49|0x00000000e3100000, 0x00000000e3100000, 0x00000000e3200000|  0%| F|  |TAMS 0x00000000e3100000| PB 0x00000000e3100000| Untracked 
|  50|0x00000000e3200000, 0x00000000e3200000, 0x00000000e3300000|  0%| F|  |TAMS 0x00000000e3200000| PB 0x00000000e3200000| Untracked 
|  51|0x00000000e3300000, 0x00000000e3300000, 0x00000000e3400000|  0%| F|  |TAMS 0x00000000e3300000| PB 0x00000000e3300000| Untracked 
|  52|0x00000000e3400000, 0x00000000e3400000, 0x00000000e3500000|  0%| F|  |TAMS 0x00000000e3400000| PB 0x00000000e3400000| Untracked 
|  53|0x00000000e3500000, 0x00000000e3500000, 0x00000000e3600000|  0%| F|  |TAMS 0x00000000e3500000| PB 0x00000000e3500000| Untracked 
|  54|0x00000000e3600000, 0x00000000e3600000, 0x00000000e3700000|  0%| F|  |TAMS 0x00000000e3600000| PB 0x00000000e3600000| Untracked 
|  55|0x00000000e3700000, 0x00000000e3700000, 0x00000000e3800000|  0%| F|  |TAMS 0x00000000e3700000| PB 0x00000000e3700000| Untracked 
|  56|0x00000000e3800000, 0x00000000e3800000, 0x00000000e3900000|  0%| F|  |TAMS 0x00000000e3800000| PB 0x00000000e3800000| Untracked 
|  57|0x00000000e3900000, 0x00000000e3900000, 0x00000000e3a00000|  0%| F|  |TAMS 0x00000000e3900000| PB 0x00000000e3900000| Untracked 
|  58|0x00000000e3a00000, 0x00000000e3a00000, 0x00000000e3b00000|  0%| F|  |TAMS 0x00000000e3a00000| PB 0x00000000e3a00000| Untracked 
|  59|0x00000000e3b00000, 0x00000000e3b00000, 0x00000000e3c00000|  0%| F|  |TAMS 0x00000000e3b00000| PB 0x00000000e3b00000| Untracked 
|  60|0x00000000e3c00000, 0x00000000e3c00000, 0x00000000e3d00000|  0%| F|  |TAMS 0x00000000e3c00000| PB 0x00000000e3c00000| Untracked 
|  61|0x00000000e3d00000, 0x00000000e3d00000, 0x00000000e3e00000|  0%| F|  |TAMS 0x00000000e3d00000| PB 0x00000000e3d00000| Untracked 
|  62|0x00000000e3e00000, 0x00000000e3e00000, 0x00000000e3f00000|  0%| F|  |TAMS 0x00000000e3e00000| PB 0x00000000e3e00000| Untracked 
|  63|0x00000000e3f00000, 0x00000000e3f00000, 0x00000000e4000000|  0%| F|  |TAMS 0x00000000e3f00000| PB 0x00000000e3f00000| Untracked 
|  64|0x00000000e4000000, 0x00000000e4000000, 0x00000000e4100000|  0%| F|  |TAMS 0x00000000e4000000| PB 0x00000000e4000000| Untracked 
|  65|0x00000000e4100000, 0x00000000e4100000, 0x00000000e4200000|  0%| F|  |TAMS 0x00000000e4100000| PB 0x00000000e4100000| Untracked 
|  66|0x00000000e4200000, 0x00000000e4200000, 0x00000000e4300000|  0%| F|  |TAMS 0x00000000e4200000| PB 0x00000000e4200000| Untracked 
|  67|0x00000000e4300000, 0x00000000e4300000, 0x00000000e4400000|  0%| F|  |TAMS 0x00000000e4300000| PB 0x00000000e4300000| Untracked 
|  68|0x00000000e4400000, 0x00000000e4400000, 0x00000000e4500000|  0%| F|  |TAMS 0x00000000e4400000| PB 0x00000000e4400000| Untracked 
|  69|0x00000000e4500000, 0x00000000e4500000, 0x00000000e4600000|  0%| F|  |TAMS 0x00000000e4500000| PB 0x00000000e4500000| Untracked 
|  70|0x00000000e4600000, 0x00000000e4600000, 0x00000000e4700000|  0%| F|  |TAMS 0x00000000e4600000| PB 0x00000000e4600000| Untracked 
|  71|0x00000000e4700000, 0x00000000e4700000, 0x00000000e4800000|  0%| F|  |TAMS 0x00000000e4700000| PB 0x00000000e4700000| Untracked 
|  72|0x00000000e4800000, 0x00000000e4800000, 0x00000000e4900000|  0%| F|  |TAMS 0x00000000e4800000| PB 0x00000000e4800000| Untracked 
|  73|0x00000000e4900000, 0x00000000e4900000, 0x00000000e4a00000|  0%| F|  |TAMS 0x00000000e4900000| PB 0x00000000e4900000| Untracked 
|  74|0x00000000e4a00000, 0x00000000e4a00000, 0x00000000e4b00000|  0%| F|  |TAMS 0x00000000e4a00000| PB 0x00000000e4a00000| Untracked 
|  75|0x00000000e4b00000, 0x00000000e4b00000, 0x00000000e4c00000|  0%| F|  |TAMS 0x00000000e4b00000| PB 0x00000000e4b00000| Untracked 
|  76|0x00000000e4c00000, 0x00000000e4c00000, 0x00000000e4d00000|  0%| F|  |TAMS 0x00000000e4c00000| PB 0x00000000e4c00000| Untracked 
|  77|0x00000000e4d00000, 0x00000000e4d00000, 0x00000000e4e00000|  0%| F|  |TAMS 0x00000000e4d00000| PB 0x00000000e4d00000| Untracked 
|  78|0x00000000e4e00000, 0x00000000e4e00000, 0x00000000e4f00000|  0%| F|  |TAMS 0x00000000e4e00000| PB 0x00000000e4e00000| Untracked 
|  79|0x00000000e4f00000, 0x00000000e4f00000, 0x00000000e5000000|  0%| F|  |TAMS 0x00000000e4f00000| PB 0x00000000e4f00000| Untracked 
|  80|0x00000000e5000000, 0x00000000e5000000, 0x00000000e5100000|  0%| F|  |TAMS 0x00000000e5000000| PB 0x00000000e5000000| Untracked 
|  81|0x00000000e5100000, 0x00000000e5100000, 0x00000000e5200000|  0%| F|  |TAMS 0x00000000e5100000| PB 0x00000000e5100000| Untracked 
|  82|0x00000000e5200000, 0x00000000e5200000, 0x00000000e5300000|  0%| F|  |TAMS 0x00000000e5200000| PB 0x00000000e5200000| Untracked 
|  83|0x00000000e5300000, 0x00000000e5300000, 0x00000000e5400000|  0%| F|  |TAMS 0x00000000e5300000| PB 0x00000000e5300000| Untracked 
|  84|0x00000000e5400000, 0x00000000e5400000, 0x00000000e5500000|  0%| F|  |TAMS 0x00000000e5400000| PB 0x00000000e5400000| Untracked 
|  85|0x00000000e5500000, 0x00000000e5500000, 0x00000000e5600000|  0%| F|  |TAMS 0x00000000e5500000| PB 0x00000000e5500000| Untracked 
|  86|0x00000000e5600000, 0x00000000e5600000, 0x00000000e5700000|  0%| F|  |TAMS 0x00000000e5600000| PB 0x00000000e5600000| Untracked 
|  87|0x00000000e5700000, 0x00000000e5700000, 0x00000000e5800000|  0%| F|  |TAMS 0x00000000e5700000| PB 0x00000000e5700000| Untracked 
|  88|0x00000000e5800000, 0x00000000e5800000, 0x00000000e5900000|  0%| F|  |TAMS 0x00000000e5800000| PB 0x00000000e5800000| Untracked 
|  89|0x00000000e5900000, 0x00000000e5900000, 0x00000000e5a00000|  0%| F|  |TAMS 0x00000000e5900000| PB 0x00000000e5900000| Untracked 
|  90|0x00000000e5a00000, 0x00000000e5a00000, 0x00000000e5b00000|  0%| F|  |TAMS 0x00000000e5a00000| PB 0x00000000e5a00000| Untracked 
|  91|0x00000000e5b00000, 0x00000000e5b00000, 0x00000000e5c00000|  0%| F|  |TAMS 0x00000000e5b00000| PB 0x00000000e5b00000| Untracked 
|  92|0x00000000e5c00000, 0x00000000e5c00000, 0x00000000e5d00000|  0%| F|  |TAMS 0x00000000e5c00000| PB 0x00000000e5c00000| Untracked 
|  93|0x00000000e5d00000, 0x00000000e5d00000, 0x00000000e5e00000|  0%| F|  |TAMS 0x00000000e5d00000| PB 0x00000000e5d00000| Untracked 
|  94|0x00000000e5e00000, 0x00000000e5e00000, 0x00000000e5f00000|  0%| F|  |TAMS 0x00000000e5e00000| PB 0x00000000e5e00000| Untracked 
|  95|0x00000000e5f00000, 0x00000000e5f00000, 0x00000000e6000000|  0%| F|  |TAMS 0x00000000e5f00000| PB 0x00000000e5f00000| Untracked 
|  96|0x00000000e6000000, 0x00000000e6000000, 0x00000000e6100000|  0%| F|  |TAMS 0x00000000e6000000| PB 0x00000000e6000000| Untracked 
|  97|0x00000000e6100000, 0x00000000e6100000, 0x00000000e6200000|  0%| F|  |TAMS 0x00000000e6100000| PB 0x00000000e6100000| Untracked 
|  98|0x00000000e6200000, 0x00000000e6200000, 0x00000000e6300000|  0%| F|  |TAMS 0x00000000e6200000| PB 0x00000000e6200000| Untracked 
|  99|0x00000000e6300000, 0x00000000e6300000, 0x00000000e6400000|  0%| F|  |TAMS 0x00000000e6300000| PB 0x00000000e6300000| Untracked 
| 100|0x00000000e6400000, 0x00000000e6400000, 0x00000000e6500000|  0%| F|  |TAMS 0x00000000e6400000| PB 0x00000000e6400000| Untracked 
| 101|0x00000000e6500000, 0x00000000e6500000, 0x00000000e6600000|  0%| F|  |TAMS 0x00000000e6500000| PB 0x00000000e6500000| Untracked 
| 102|0x00000000e6600000, 0x00000000e6600000, 0x00000000e6700000|  0%| F|  |TAMS 0x00000000e6600000| PB 0x00000000e6600000| Untracked 
| 103|0x00000000e6700000, 0x00000000e6700000, 0x00000000e6800000|  0%| F|  |TAMS 0x00000000e6700000| PB 0x00000000e6700000| Untracked 
| 104|0x00000000e6800000, 0x00000000e6800000, 0x00000000e6900000|  0%| F|  |TAMS 0x00000000e6800000| PB 0x00000000e6800000| Untracked 
| 105|0x00000000e6900000, 0x00000000e6900000, 0x00000000e6a00000|  0%| F|  |TAMS 0x00000000e6900000| PB 0x00000000e6900000| Untracked 
| 106|0x00000000e6a00000, 0x00000000e6a00000, 0x00000000e6b00000|  0%| F|  |TAMS 0x00000000e6a00000| PB 0x00000000e6a00000| Untracked 
| 107|0x00000000e6b00000, 0x00000000e6b00000, 0x00000000e6c00000|  0%| F|  |TAMS 0x00000000e6b00000| PB 0x00000000e6b00000| Untracked 
| 108|0x00000000e6c00000, 0x00000000e6c00000, 0x00000000e6d00000|  0%| F|  |TAMS 0x00000000e6c00000| PB 0x00000000e6c00000| Untracked 
| 109|0x00000000e6d00000, 0x00000000e6d00000, 0x00000000e6e00000|  0%| F|  |TAMS 0x00000000e6d00000| PB 0x00000000e6d00000| Untracked 
| 110|0x00000000e6e00000, 0x00000000e6e00000, 0x00000000e6f00000|  0%| F|  |TAMS 0x00000000e6e00000| PB 0x00000000e6e00000| Untracked 
| 111|0x00000000e6f00000, 0x00000000e6f00000, 0x00000000e7000000|  0%| F|  |TAMS 0x00000000e6f00000| PB 0x00000000e6f00000| Untracked 
| 112|0x00000000e7000000, 0x00000000e7000000, 0x00000000e7100000|  0%| F|  |TAMS 0x00000000e7000000| PB 0x00000000e7000000| Untracked 
| 113|0x00000000e7100000, 0x00000000e7100000, 0x00000000e7200000|  0%| F|  |TAMS 0x00000000e7100000| PB 0x00000000e7100000| Untracked 
| 114|0x00000000e7200000, 0x00000000e7200000, 0x00000000e7300000|  0%| F|  |TAMS 0x00000000e7200000| PB 0x00000000e7200000| Untracked 
| 115|0x00000000e7300000, 0x00000000e7300000, 0x00000000e7400000|  0%| F|  |TAMS 0x00000000e7300000| PB 0x00000000e7300000| Untracked 
| 116|0x00000000e7400000, 0x00000000e7400000, 0x00000000e7500000|  0%| F|  |TAMS 0x00000000e7400000| PB 0x00000000e7400000| Untracked 
| 117|0x00000000e7500000, 0x00000000e7500000, 0x00000000e7600000|  0%| F|  |TAMS 0x00000000e7500000| PB 0x00000000e7500000| Untracked 
| 118|0x00000000e7600000, 0x00000000e7600000, 0x00000000e7700000|  0%| F|  |TAMS 0x00000000e7600000| PB 0x00000000e7600000| Untracked 
| 119|0x00000000e7700000, 0x00000000e7700000, 0x00000000e7800000|  0%| F|  |TAMS 0x00000000e7700000| PB 0x00000000e7700000| Untracked 
| 120|0x00000000e7800000, 0x00000000e7800000, 0x00000000e7900000|  0%| F|  |TAMS 0x00000000e7800000| PB 0x00000000e7800000| Untracked 
| 121|0x00000000e7900000, 0x00000000e7900000, 0x00000000e7a00000|  0%| F|  |TAMS 0x00000000e7900000| PB 0x00000000e7900000| Untracked 
| 122|0x00000000e7a00000, 0x00000000e7a00000, 0x00000000e7b00000|  0%| F|  |TAMS 0x00000000e7a00000| PB 0x00000000e7a00000| Untracked 
| 123|0x00000000e7b00000, 0x00000000e7b00000, 0x00000000e7c00000|  0%| F|  |TAMS 0x00000000e7b00000| PB 0x00000000e7b00000| Untracked 
| 124|0x00000000e7c00000, 0x00000000e7c00000, 0x00000000e7d00000|  0%| F|  |TAMS 0x00000000e7c00000| PB 0x00000000e7c00000| Untracked 
| 125|0x00000000e7d00000, 0x00000000e7d00000, 0x00000000e7e00000|  0%| F|  |TAMS 0x00000000e7d00000| PB 0x00000000e7d00000| Untracked 
| 126|0x00000000e7e00000, 0x00000000e7e00000, 0x00000000e7f00000|  0%| F|  |TAMS 0x00000000e7e00000| PB 0x00000000e7e00000| Untracked 
| 127|0x00000000e7f00000, 0x00000000e7f00000, 0x00000000e8000000|  0%| F|  |TAMS 0x00000000e7f00000| PB 0x00000000e7f00000| Untracked 
| 128|0x00000000e8000000, 0x00000000e8000000, 0x00000000e8100000|  0%| F|  |TAMS 0x00000000e8000000| PB 0x00000000e8000000| Untracked 
| 129|0x00000000e8100000, 0x00000000e8100000, 0x00000000e8200000|  0%| F|  |TAMS 0x00000000e8100000| PB 0x00000000e8100000| Untracked 
| 130|0x00000000e8200000, 0x00000000e8200000, 0x00000000e8300000|  0%| F|  |TAMS 0x00000000e8200000| PB 0x00000000e8200000| Untracked 
| 131|0x00000000e8300000, 0x00000000e8300000, 0x00000000e8400000|  0%| F|  |TAMS 0x00000000e8300000| PB 0x00000000e8300000| Untracked 
| 132|0x00000000e8400000, 0x00000000e8400000, 0x00000000e8500000|  0%| F|  |TAMS 0x00000000e8400000| PB 0x00000000e8400000| Untracked 
| 133|0x00000000e8500000, 0x00000000e8500000, 0x00000000e8600000|  0%| F|  |TAMS 0x00000000e8500000| PB 0x00000000e8500000| Untracked 
| 134|0x00000000e8600000, 0x00000000e8600000, 0x00000000e8700000|  0%| F|  |TAMS 0x00000000e8600000| PB 0x00000000e8600000| Untracked 
| 135|0x00000000e8700000, 0x00000000e8700000, 0x00000000e8800000|  0%| F|  |TAMS 0x00000000e8700000| PB 0x00000000e8700000| Untracked 
| 136|0x00000000e8800000, 0x00000000e8800000, 0x00000000e8900000|  0%| F|  |TAMS 0x00000000e8800000| PB 0x00000000e8800000| Untracked 
| 137|0x00000000e8900000, 0x00000000e8900000, 0x00000000e8a00000|  0%| F|  |TAMS 0x00000000e8900000| PB 0x00000000e8900000| Untracked 
| 138|0x00000000e8a00000, 0x00000000e8a00000, 0x00000000e8b00000|  0%| F|  |TAMS 0x00000000e8a00000| PB 0x00000000e8a00000| Untracked 
| 139|0x00000000e8b00000, 0x00000000e8b80000, 0x00000000e8c00000| 50%| E|  |TAMS 0x00000000e8b00000| PB 0x00000000e8b00000| Complete 
| 140|0x00000000e8c00000, 0x00000000e8d00000, 0x00000000e8d00000|100%| E|CS|TAMS 0x00000000e8c00000| PB 0x00000000e8c00000| Complete 
| 141|0x00000000e8d00000, 0x00000000e8e00000, 0x00000000e8e00000|100%| E|CS|TAMS 0x00000000e8d00000| PB 0x00000000e8d00000| Complete 
| 142|0x00000000e8e00000, 0x00000000e8f00000, 0x00000000e8f00000|100%| E|CS|TAMS 0x00000000e8e00000| PB 0x00000000e8e00000| Complete 
| 143|0x00000000e8f00000, 0x00000000e9000000, 0x00000000e9000000|100%| E|CS|TAMS 0x00000000e8f00000| PB 0x00000000e8f00000| Complete 
| 144|0x00000000e9000000, 0x00000000e9100000, 0x00000000e9100000|100%| E|CS|TAMS 0x00000000e9000000| PB 0x00000000e9000000| Complete 
| 145|0x00000000e9100000, 0x00000000e9200000, 0x00000000e9200000|100%| E|CS|TAMS 0x00000000e9100000| PB 0x00000000e9100000| Complete 
| 146|0x00000000e9200000, 0x00000000e9300000, 0x00000000e9300000|100%| E|CS|TAMS 0x00000000e9200000| PB 0x00000000e9200000| Complete 
| 147|0x00000000e9300000, 0x00000000e9400000, 0x00000000e9400000|100%| E|CS|TAMS 0x00000000e9300000| PB 0x00000000e9300000| Complete 
| 148|0x00000000e9400000, 0x00000000e9500000, 0x00000000e9500000|100%| E|CS|TAMS 0x00000000e9400000| PB 0x00000000e9400000| Complete 
| 149|0x00000000e9500000, 0x00000000e9600000, 0x00000000e9600000|100%| E|CS|TAMS 0x00000000e9500000| PB 0x00000000e9500000| Complete 
| 150|0x00000000e9600000, 0x00000000e9700000, 0x00000000e9700000|100%| E|CS|TAMS 0x00000000e9600000| PB 0x00000000e9600000| Complete 
| 151|0x00000000e9700000, 0x00000000e9800000, 0x00000000e9800000|100%| E|CS|TAMS 0x00000000e9700000| PB 0x00000000e9700000| Complete 
| 152|0x00000000e9800000, 0x00000000e9900000, 0x00000000e9900000|100%| E|CS|TAMS 0x00000000e9800000| PB 0x00000000e9800000| Complete 
| 153|0x00000000e9900000, 0x00000000e9a00000, 0x00000000e9a00000|100%| E|CS|TAMS 0x00000000e9900000| PB 0x00000000e9900000| Complete 
| 154|0x00000000e9a00000, 0x00000000e9b00000, 0x00000000e9b00000|100%| E|CS|TAMS 0x00000000e9a00000| PB 0x00000000e9a00000| Complete 
| 155|0x00000000e9b00000, 0x00000000e9c00000, 0x00000000e9c00000|100%| E|CS|TAMS 0x00000000e9b00000| PB 0x00000000e9b00000| Complete 
| 156|0x00000000e9c00000, 0x00000000e9d00000, 0x00000000e9d00000|100%| E|CS|TAMS 0x00000000e9c00000| PB 0x00000000e9c00000| Complete 
| 157|0x00000000e9d00000, 0x00000000e9e00000, 0x00000000e9e00000|100%| E|CS|TAMS 0x00000000e9d00000| PB 0x00000000e9d00000| Complete 
| 158|0x00000000e9e00000, 0x00000000e9f00000, 0x00000000e9f00000|100%| E|CS|TAMS 0x00000000e9e00000| PB 0x00000000e9e00000| Complete 
| 159|0x00000000e9f00000, 0x00000000ea000000, 0x00000000ea000000|100%| E|CS|TAMS 0x00000000e9f00000| PB 0x00000000e9f00000| Complete 
| 160|0x00000000ea000000, 0x00000000ea100000, 0x00000000ea100000|100%| E|CS|TAMS 0x00000000ea000000| PB 0x00000000ea000000| Complete 
| 161|0x00000000ea100000, 0x00000000ea200000, 0x00000000ea200000|100%| E|CS|TAMS 0x00000000ea100000| PB 0x00000000ea100000| Complete 
| 162|0x00000000ea200000, 0x00000000ea300000, 0x00000000ea300000|100%| E|CS|TAMS 0x00000000ea200000| PB 0x00000000ea200000| Complete 
| 163|0x00000000ea300000, 0x00000000ea400000, 0x00000000ea400000|100%| E|CS|TAMS 0x00000000ea300000| PB 0x00000000ea300000| Complete 
| 164|0x00000000ea400000, 0x00000000ea500000, 0x00000000ea500000|100%| E|CS|TAMS 0x00000000ea400000| PB 0x00000000ea400000| Complete 
| 165|0x00000000ea500000, 0x00000000ea600000, 0x00000000ea600000|100%| E|CS|TAMS 0x00000000ea500000| PB 0x00000000ea500000| Complete 
| 166|0x00000000ea600000, 0x00000000ea700000, 0x00000000ea700000|100%| E|CS|TAMS 0x00000000ea600000| PB 0x00000000ea600000| Complete 
| 167|0x00000000ea700000, 0x00000000ea800000, 0x00000000ea800000|100%| E|CS|TAMS 0x00000000ea700000| PB 0x00000000ea700000| Complete 
| 168|0x00000000ea800000, 0x00000000ea900000, 0x00000000ea900000|100%| E|CS|TAMS 0x00000000ea800000| PB 0x00000000ea800000| Complete 
| 169|0x00000000ea900000, 0x00000000eaa00000, 0x00000000eaa00000|100%| E|CS|TAMS 0x00000000ea900000| PB 0x00000000ea900000| Complete 
| 170|0x00000000eaa00000, 0x00000000eab00000, 0x00000000eab00000|100%| E|CS|TAMS 0x00000000eaa00000| PB 0x00000000eaa00000| Complete 
| 171|0x00000000eab00000, 0x00000000eac00000, 0x00000000eac00000|100%| E|CS|TAMS 0x00000000eab00000| PB 0x00000000eab00000| Complete 
| 172|0x00000000eac00000, 0x00000000ead00000, 0x00000000ead00000|100%| E|CS|TAMS 0x00000000eac00000| PB 0x00000000eac00000| Complete 
| 173|0x00000000ead00000, 0x00000000eae00000, 0x00000000eae00000|100%| E|CS|TAMS 0x00000000ead00000| PB 0x00000000ead00000| Complete 
| 174|0x00000000eae00000, 0x00000000eaf00000, 0x00000000eaf00000|100%| E|CS|TAMS 0x00000000eae00000| PB 0x00000000eae00000| Complete 
| 175|0x00000000eaf00000, 0x00000000eb000000, 0x00000000eb000000|100%| E|CS|TAMS 0x00000000eaf00000| PB 0x00000000eaf00000| Complete 
| 176|0x00000000eb000000, 0x00000000eb100000, 0x00000000eb100000|100%| E|CS|TAMS 0x00000000eb000000| PB 0x00000000eb000000| Complete 
| 177|0x00000000eb100000, 0x00000000eb200000, 0x00000000eb200000|100%| E|CS|TAMS 0x00000000eb100000| PB 0x00000000eb100000| Complete 
| 178|0x00000000eb200000, 0x00000000eb300000, 0x00000000eb300000|100%| E|CS|TAMS 0x00000000eb200000| PB 0x00000000eb200000| Complete 
| 179|0x00000000eb300000, 0x00000000eb400000, 0x00000000eb400000|100%| E|CS|TAMS 0x00000000eb300000| PB 0x00000000eb300000| Complete 
| 180|0x00000000eb400000, 0x00000000eb500000, 0x00000000eb500000|100%| E|CS|TAMS 0x00000000eb400000| PB 0x00000000eb400000| Complete 
| 181|0x00000000eb500000, 0x00000000eb600000, 0x00000000eb600000|100%| E|CS|TAMS 0x00000000eb500000| PB 0x00000000eb500000| Complete 
| 182|0x00000000eb600000, 0x00000000eb700000, 0x00000000eb700000|100%| E|CS|TAMS 0x00000000eb600000| PB 0x00000000eb600000| Complete 
| 183|0x00000000eb700000, 0x00000000eb800000, 0x00000000eb800000|100%| E|CS|TAMS 0x00000000eb700000| PB 0x00000000eb700000| Complete 
| 184|0x00000000eb800000, 0x00000000eb900000, 0x00000000eb900000|100%| E|CS|TAMS 0x00000000eb800000| PB 0x00000000eb800000| Complete 
| 185|0x00000000eb900000, 0x00000000eba00000, 0x00000000eba00000|100%| E|CS|TAMS 0x00000000eb900000| PB 0x00000000eb900000| Complete 
| 186|0x00000000eba00000, 0x00000000ebb00000, 0x00000000ebb00000|100%| E|CS|TAMS 0x00000000eba00000| PB 0x00000000eba00000| Complete 
| 187|0x00000000ebb00000, 0x00000000ebc00000, 0x00000000ebc00000|100%| E|CS|TAMS 0x00000000ebb00000| PB 0x00000000ebb00000| Complete 
| 188|0x00000000ebc00000, 0x00000000ebd00000, 0x00000000ebd00000|100%| E|CS|TAMS 0x00000000ebc00000| PB 0x00000000ebc00000| Complete 
| 189|0x00000000ebd00000, 0x00000000ebe00000, 0x00000000ebe00000|100%| E|CS|TAMS 0x00000000ebd00000| PB 0x00000000ebd00000| Complete 
| 190|0x00000000ebe00000, 0x00000000ebf00000, 0x00000000ebf00000|100%| E|CS|TAMS 0x00000000ebe00000| PB 0x00000000ebe00000| Complete 
| 191|0x00000000ebf00000, 0x00000000ec000000, 0x00000000ec000000|100%| E|CS|TAMS 0x00000000ebf00000| PB 0x00000000ebf00000| Complete 
| 192|0x00000000ec000000, 0x00000000ec100000, 0x00000000ec100000|100%| E|CS|TAMS 0x00000000ec000000| PB 0x00000000ec000000| Complete 
| 193|0x00000000ec100000, 0x00000000ec200000, 0x00000000ec200000|100%| E|CS|TAMS 0x00000000ec100000| PB 0x00000000ec100000| Complete 
| 194|0x00000000ec200000, 0x00000000ec300000, 0x00000000ec300000|100%| E|CS|TAMS 0x00000000ec200000| PB 0x00000000ec200000| Complete 
| 195|0x00000000ec300000, 0x00000000ec400000, 0x00000000ec400000|100%| E|CS|TAMS 0x00000000ec300000| PB 0x00000000ec300000| Complete 
| 196|0x00000000ec400000, 0x00000000ec500000, 0x00000000ec500000|100%| E|CS|TAMS 0x00000000ec400000| PB 0x00000000ec400000| Complete 
| 197|0x00000000ec500000, 0x00000000ec600000, 0x00000000ec600000|100%| E|CS|TAMS 0x00000000ec500000| PB 0x00000000ec500000| Complete 
| 198|0x00000000ec600000, 0x00000000ec700000, 0x00000000ec700000|100%| E|CS|TAMS 0x00000000ec600000| PB 0x00000000ec600000| Complete 
| 199|0x00000000ec700000, 0x00000000ec800000, 0x00000000ec800000|100%| E|CS|TAMS 0x00000000ec700000| PB 0x00000000ec700000| Complete 
| 200|0x00000000ec800000, 0x00000000ec900000, 0x00000000ec900000|100%| E|CS|TAMS 0x00000000ec800000| PB 0x00000000ec800000| Complete 
| 201|0x00000000ec900000, 0x00000000eca00000, 0x00000000eca00000|100%| E|CS|TAMS 0x00000000ec900000| PB 0x00000000ec900000| Complete 
| 202|0x00000000eca00000, 0x00000000ecb00000, 0x00000000ecb00000|100%| E|CS|TAMS 0x00000000eca00000| PB 0x00000000eca00000| Complete 
| 203|0x00000000ecb00000, 0x00000000ecc00000, 0x00000000ecc00000|100%| E|CS|TAMS 0x00000000ecb00000| PB 0x00000000ecb00000| Complete 
| 204|0x00000000ecc00000, 0x00000000ecd00000, 0x00000000ecd00000|100%| E|CS|TAMS 0x00000000ecc00000| PB 0x00000000ecc00000| Complete 
| 205|0x00000000ecd00000, 0x00000000ece00000, 0x00000000ece00000|100%| E|CS|TAMS 0x00000000ecd00000| PB 0x00000000ecd00000| Complete 
| 206|0x00000000ece00000, 0x00000000ecf00000, 0x00000000ecf00000|100%| E|CS|TAMS 0x00000000ece00000| PB 0x00000000ece00000| Complete 
| 207|0x00000000ecf00000, 0x00000000ed000000, 0x00000000ed000000|100%| E|CS|TAMS 0x00000000ecf00000| PB 0x00000000ecf00000| Complete 
| 208|0x00000000ed000000, 0x00000000ed100000, 0x00000000ed100000|100%| E|CS|TAMS 0x00000000ed000000| PB 0x00000000ed000000| Complete 
| 209|0x00000000ed100000, 0x00000000ed200000, 0x00000000ed200000|100%| E|CS|TAMS 0x00000000ed100000| PB 0x00000000ed100000| Complete 
| 210|0x00000000ed200000, 0x00000000ed300000, 0x00000000ed300000|100%| E|CS|TAMS 0x00000000ed200000| PB 0x00000000ed200000| Complete 
| 211|0x00000000ed300000, 0x00000000ed400000, 0x00000000ed400000|100%| E|CS|TAMS 0x00000000ed300000| PB 0x00000000ed300000| Complete 
| 212|0x00000000ed400000, 0x00000000ed500000, 0x00000000ed500000|100%| E|CS|TAMS 0x00000000ed400000| PB 0x00000000ed400000| Complete 
| 213|0x00000000ed500000, 0x00000000ed600000, 0x00000000ed600000|100%| E|CS|TAMS 0x00000000ed500000| PB 0x00000000ed500000| Complete 
| 214|0x00000000ed600000, 0x00000000ed700000, 0x00000000ed700000|100%| E|CS|TAMS 0x00000000ed600000| PB 0x00000000ed600000| Complete 
| 215|0x00000000ed700000, 0x00000000ed800000, 0x00000000ed800000|100%| E|CS|TAMS 0x00000000ed700000| PB 0x00000000ed700000| Complete 
| 216|0x00000000ed800000, 0x00000000ed900000, 0x00000000ed900000|100%| E|CS|TAMS 0x00000000ed800000| PB 0x00000000ed800000| Complete 
| 217|0x00000000ed900000, 0x00000000eda00000, 0x00000000eda00000|100%| E|CS|TAMS 0x00000000ed900000| PB 0x00000000ed900000| Complete 
| 218|0x00000000eda00000, 0x00000000edb00000, 0x00000000edb00000|100%| E|CS|TAMS 0x00000000eda00000| PB 0x00000000eda00000| Complete 
| 219|0x00000000edb00000, 0x00000000edc00000, 0x00000000edc00000|100%| E|CS|TAMS 0x00000000edb00000| PB 0x00000000edb00000| Complete 
| 220|0x00000000edc00000, 0x00000000edd00000, 0x00000000edd00000|100%| E|CS|TAMS 0x00000000edc00000| PB 0x00000000edc00000| Complete 
| 221|0x00000000edd00000, 0x00000000ede00000, 0x00000000ede00000|100%| E|CS|TAMS 0x00000000edd00000| PB 0x00000000edd00000| Complete 
| 222|0x00000000ede00000, 0x00000000edf00000, 0x00000000edf00000|100%| E|CS|TAMS 0x00000000ede00000| PB 0x00000000ede00000| Complete 
| 223|0x00000000edf00000, 0x00000000ee000000, 0x00000000ee000000|100%| E|CS|TAMS 0x00000000edf00000| PB 0x00000000edf00000| Complete 
| 224|0x00000000ee000000, 0x00000000ee100000, 0x00000000ee100000|100%| E|CS|TAMS 0x00000000ee000000| PB 0x00000000ee000000| Complete 
| 225|0x00000000ee100000, 0x00000000ee200000, 0x00000000ee200000|100%| E|CS|TAMS 0x00000000ee100000| PB 0x00000000ee100000| Complete 
| 226|0x00000000ee200000, 0x00000000ee300000, 0x00000000ee300000|100%| E|CS|TAMS 0x00000000ee200000| PB 0x00000000ee200000| Complete 
| 227|0x00000000ee300000, 0x00000000ee400000, 0x00000000ee400000|100%| E|CS|TAMS 0x00000000ee300000| PB 0x00000000ee300000| Complete 
| 228|0x00000000ee400000, 0x00000000ee500000, 0x00000000ee500000|100%| E|CS|TAMS 0x00000000ee400000| PB 0x00000000ee400000| Complete 
| 229|0x00000000ee500000, 0x00000000ee600000, 0x00000000ee600000|100%| E|CS|TAMS 0x00000000ee500000| PB 0x00000000ee500000| Complete 
| 230|0x00000000ee600000, 0x00000000ee700000, 0x00000000ee700000|100%| E|CS|TAMS 0x00000000ee600000| PB 0x00000000ee600000| Complete 
| 231|0x00000000ee700000, 0x00000000ee800000, 0x00000000ee800000|100%| E|CS|TAMS 0x00000000ee700000| PB 0x00000000ee700000| Complete 
| 232|0x00000000ee800000, 0x00000000ee900000, 0x00000000ee900000|100%| E|CS|TAMS 0x00000000ee800000| PB 0x00000000ee800000| Complete 
| 233|0x00000000ee900000, 0x00000000eea00000, 0x00000000eea00000|100%| E|CS|TAMS 0x00000000ee900000| PB 0x00000000ee900000| Complete 
| 234|0x00000000eea00000, 0x00000000eeac3800, 0x00000000eeb00000| 76%| S|CS|TAMS 0x00000000eea00000| PB 0x00000000eea00000| Complete 
| 235|0x00000000eeb00000, 0x00000000eec00000, 0x00000000eec00000|100%| S|CS|TAMS 0x00000000eeb00000| PB 0x00000000eeb00000| Complete 
| 236|0x00000000eec00000, 0x00000000eed00000, 0x00000000eed00000|100%| S|CS|TAMS 0x00000000eec00000| PB 0x00000000eec00000| Complete 
| 237|0x00000000eed00000, 0x00000000eee00000, 0x00000000eee00000|100%| S|CS|TAMS 0x00000000eed00000| PB 0x00000000eed00000| Complete 
| 238|0x00000000eee00000, 0x00000000eef00000, 0x00000000eef00000|100%| S|CS|TAMS 0x00000000eee00000| PB 0x00000000eee00000| Complete 
| 239|0x00000000eef00000, 0x00000000ef000000, 0x00000000ef000000|100%| S|CS|TAMS 0x00000000eef00000| PB 0x00000000eef00000| Complete 
| 240|0x00000000ef000000, 0x00000000ef100000, 0x00000000ef100000|100%| S|CS|TAMS 0x00000000ef000000| PB 0x00000000ef000000| Complete 
| 241|0x00000000ef100000, 0x00000000ef200000, 0x00000000ef200000|100%| S|CS|TAMS 0x00000000ef100000| PB 0x00000000ef100000| Complete 
| 242|0x00000000ef200000, 0x00000000ef300000, 0x00000000ef300000|100%| E|CS|TAMS 0x00000000ef200000| PB 0x00000000ef200000| Complete 
| 243|0x00000000ef300000, 0x00000000ef400000, 0x00000000ef400000|100%| E|CS|TAMS 0x00000000ef300000| PB 0x00000000ef300000| Complete 
| 244|0x00000000ef400000, 0x00000000ef500000, 0x00000000ef500000|100%| E|CS|TAMS 0x00000000ef400000| PB 0x00000000ef400000| Complete 
| 245|0x00000000ef500000, 0x00000000ef600000, 0x00000000ef600000|100%| E|CS|TAMS 0x00000000ef500000| PB 0x00000000ef500000| Complete 
| 246|0x00000000ef600000, 0x00000000ef700000, 0x00000000ef700000|100%| E|CS|TAMS 0x00000000ef600000| PB 0x00000000ef600000| Complete 
| 247|0x00000000ef700000, 0x00000000ef800000, 0x00000000ef800000|100%| E|CS|TAMS 0x00000000ef700000| PB 0x00000000ef700000| Complete 
| 248|0x00000000ef800000, 0x00000000ef900000, 0x00000000ef900000|100%| E|CS|TAMS 0x00000000ef800000| PB 0x00000000ef800000| Complete 
| 249|0x00000000ef900000, 0x00000000efa00000, 0x00000000efa00000|100%| E|CS|TAMS 0x00000000ef900000| PB 0x00000000ef900000| Complete 
| 250|0x00000000efa00000, 0x00000000efb00000, 0x00000000efb00000|100%| E|CS|TAMS 0x00000000efa00000| PB 0x00000000efa00000| Complete 
| 251|0x00000000efb00000, 0x00000000efc00000, 0x00000000efc00000|100%| E|CS|TAMS 0x00000000efb00000| PB 0x00000000efb00000| Complete 
| 252|0x00000000efc00000, 0x00000000efd00000, 0x00000000efd00000|100%| E|CS|TAMS 0x00000000efc00000| PB 0x00000000efc00000| Complete 
| 253|0x00000000efd00000, 0x00000000efe00000, 0x00000000efe00000|100%| E|CS|TAMS 0x00000000efd00000| PB 0x00000000efd00000| Complete 
| 254|0x00000000efe00000, 0x00000000eff00000, 0x00000000eff00000|100%| E|CS|TAMS 0x00000000efe00000| PB 0x00000000efe00000| Complete 
| 255|0x00000000eff00000, 0x00000000f0000000, 0x00000000f0000000|100%| E|CS|TAMS 0x00000000eff00000| PB 0x00000000eff00000| Complete 

Card table byte_map: [0x000001af7ea30000,0x000001af7eb30000] _byte_map_base: 0x000001af7e330000

Marking Bits: (CMBitMap*) 0x000001af7e030240
 Bits: [0x000001af7eb30000, 0x000001af7f330000)

Polling page: 0x000001af7bde0000

Metaspace:

Usage:
  Non-class:     56.56 MB used.
      Class:      9.58 MB used.
       Both:     66.14 MB used.

Virtual space:
  Non-class space:       64.00 MB reserved,      57.56 MB ( 90%) committed,  1 nodes.
      Class space:      320.00 MB reserved,      10.56 MB (  3%) committed,  1 nodes.
             Both:      384.00 MB reserved,      68.12 MB ( 18%) committed. 

Chunk freelists:
   Non-Class:  6.41 MB
       Class:  5.49 MB
        Both:  11.89 MB

MaxMetaspaceSize: 384.00 MB
CompressedClassSpaceSize: 320.00 MB
Initial GC threshold: 21.00 MB
Current GC threshold: 100.25 MB
CDS: on
 - commit_granule_bytes: 65536.
 - commit_granule_words: 8192.
 - virtual_space_node_default_size: 8388608.
 - enlarge_chunks_in_place: 1.
 - use_allocation_guard: 0.


Internal statistics:

num_allocs_failed_limit: 18.
num_arena_births: 3546.
num_arena_deaths: 0.
num_vsnodes_births: 2.
num_vsnodes_deaths: 0.
num_space_committed: 1090.
num_space_uncommitted: 0.
num_chunks_returned_to_freelist: 18.
num_chunks_taken_from_freelist: 6730.
num_chunk_merges: 9.
num_chunk_splits: 4377.
num_chunks_enlarged: 2695.
num_inconsistent_stats: 0.

CodeHeap 'non-profiled nmethods': size=119168Kb used=4285Kb max_used=4285Kb free=114882Kb
 bounds [0x000001af0ace0000, 0x000001af0b110000, 0x000001af12140000]
CodeHeap 'profiled nmethods': size=119104Kb used=15263Kb max_used=15263Kb free=103840Kb
 bounds [0x000001af03140000, 0x000001af04030000, 0x000001af0a590000]
CodeHeap 'non-nmethods': size=7488Kb used=2880Kb max_used=4042Kb free=4607Kb
 bounds [0x000001af0a590000, 0x000001af0a9d0000, 0x000001af0ace0000]
CodeCache: size=245760Kb, used=22428Kb, max_used=23590Kb, free=223329Kb
 total_blobs=8852, nmethods=7931, adapters=825, full_count=0
Compilation: enabled, stopped_count=0, restarted_count=0

Compilation events (20 events):
Event: 302.974 Thread 0x000001af14493e20 8693       3       com.google.common.base.Optional::absent (4 bytes)
Event: 302.975 Thread 0x000001af14493e20 nmethod 8693 0x000001af04024c10 code [0x000001af04024dc0, 0x000001af04024f10]
Event: 302.975 Thread 0x000001af14493e20 8694       3       com.google.common.base.Absent::withType (4 bytes)
Event: 302.975 Thread 0x000001af14493e20 nmethod 8694 0x000001af04025010 code [0x000001af040251a0, 0x000001af04025298]
Event: 302.975 Thread 0x000001af14493e20 8695       1       org.gradle.launcher.daemon.toolchain.DaemonJvmCriteria$JavaHome::getJavaHome (5 bytes)
Event: 302.992 Thread 0x000001af14493e20 nmethod 8695 0x000001af0b10ea10 code [0x000001af0b10eba0, 0x000001af0b10ec68]
Event: 302.994 Thread 0x000001af14493e20 8696   !   3       java.io.FileInputStream::open (26 bytes)
Event: 302.995 Thread 0x000001af14493e20 nmethod 8696 0x000001af04025310 code [0x000001af040254e0, 0x000001af04025708]
Event: 303.026 Thread 0x000001af14493e20 8697   !   3       org.gradle.internal.code.DefaultUserCodeApplicationContext$CurrentApplication$1::execute (79 bytes)
Event: 303.028 Thread 0x000001af14493e20 nmethod 8697 0x000001af04025890 code [0x000001af04025ac0, 0x000001af040261c8]
Event: 303.028 Thread 0x000001af14493e20 8700       3       org.gradle.internal.event.BroadcastDispatch::<init> (6 bytes)
Event: 303.028 Thread 0x000001af14493e20 nmethod 8700 0x000001af04026510 code [0x000001af040266c0, 0x000001af04026940]
Event: 303.028 Thread 0x000001af14493e20 8699       1       org.gradle.api.internal.provider.DefaultValueSourceProviderFactory::access$500 (5 bytes)
Event: 303.028 Thread 0x000001af14493e20 nmethod 8699 0x000001af0b10f390 code [0x000001af0b10f520, 0x000001af0b10f5d0]
Event: 303.028 Thread 0x000001af14493e20 8702       3       org.gradle.internal.event.ListenerBroadcast::getSource (35 bytes)
Event: 303.029 Thread 0x000001af14493e20 nmethod 8702 0x000001af04026a90 code [0x000001af04026c40, 0x000001af04026f58]
Event: 303.029 Thread 0x000001af14493e20 8701       3       org.gradle.internal.event.BroadcastDispatch::<init> (6 bytes)
Event: 303.029 Thread 0x000001af14493e20 nmethod 8701 0x000001af04027090 code [0x000001af04027240, 0x000001af04027460]
Event: 303.092 Thread 0x000001af14493e20 8703       3       org.gradle.plugin.use.internal.DefaultPluginId::<init> (10 bytes)
Event: 303.093 Thread 0x000001af14493e20 nmethod 8703 0x000001af04027590 code [0x000001af04027740, 0x000001af040278f8]

GC Heap History (20 events):
Event: 1.672 GC heap before
{Heap before GC invocations=0 (full 0):
 garbage-first heap   total 262144K, used 26624K [0x00000000e0000000, 0x0000000100000000)
  region size 1024K, 23 young (23552K), 0 survivors (0K)
 Metaspace       used 1132K, committed 1280K, reserved 393216K
  class space    used 80K, committed 128K, reserved 327680K
}
Event: 2.136 GC heap after
{Heap after GC invocations=1 (full 0):
 garbage-first heap   total 262144K, used 10047K [0x00000000e0000000, 0x0000000100000000)
  region size 1024K, 3 young (3072K), 3 survivors (3072K)
 Metaspace       used 1132K, committed 1280K, reserved 393216K
  class space    used 80K, committed 128K, reserved 327680K
}
Event: 4.983 GC heap before
{Heap before GC invocations=1 (full 0):
 garbage-first heap   total 262144K, used 40767K [0x00000000e0000000, 0x0000000100000000)
  region size 1024K, 33 young (33792K), 3 survivors (3072K)
 Metaspace       used 4354K, committed 4544K, reserved 393216K
  class space    used 546K, committed 640K, reserved 327680K
}
Event: 4.988 GC heap after
{Heap after GC invocations=2 (full 0):
 garbage-first heap   total 262144K, used 12047K [0x00000000e0000000, 0x0000000100000000)
  region size 1024K, 2 young (2048K), 2 survivors (2048K)
 Metaspace       used 4354K, committed 4544K, reserved 393216K
  class space    used 546K, committed 640K, reserved 327680K
}
Event: 13.404 GC heap before
{Heap before GC invocations=2 (full 0):
 garbage-first heap   total 262144K, used 75535K [0x00000000e0000000, 0x0000000100000000)
  region size 1024K, 62 young (63488K), 2 survivors (2048K)
 Metaspace       used 10361K, committed 10688K, reserved 393216K
  class space    used 1391K, committed 1536K, reserved 327680K
}
Event: 13.745 GC heap after
{Heap after GC invocations=3 (full 0):
 garbage-first heap   total 262144K, used 20458K [0x00000000e0000000, 0x0000000100000000)
  region size 1024K, 8 young (8192K), 8 survivors (8192K)
 Metaspace       used 10361K, committed 10688K, reserved 393216K
  class space    used 1391K, committed 1536K, reserved 327680K
}
Event: 32.145 GC heap before
{Heap before GC invocations=3 (full 0):
 garbage-first heap   total 262144K, used 89066K [0x00000000e0000000, 0x0000000100000000)
  region size 1024K, 77 young (78848K), 8 survivors (8192K)
 Metaspace       used 20856K, committed 21504K, reserved 393216K
  class space    used 3057K, committed 3392K, reserved 327680K
}
Event: 32.175 GC heap after
{Heap after GC invocations=4 (full 0):
 garbage-first heap   total 262144K, used 25647K [0x00000000e0000000, 0x0000000100000000)
  region size 1024K, 14 young (14336K), 14 survivors (14336K)
 Metaspace       used 20856K, committed 21504K, reserved 393216K
  class space    used 3057K, committed 3392K, reserved 327680K
}
Event: 83.602 GC heap before
{Heap before GC invocations=5 (full 0):
 garbage-first heap   total 262144K, used 122927K [0x00000000e0000000, 0x0000000100000000)
  region size 1024K, 111 young (113664K), 14 survivors (14336K)
 Metaspace       used 34692K, committed 35968K, reserved 393216K
  class space    used 5128K, committed 5760K, reserved 327680K
}
Event: 83.652 GC heap after
{Heap after GC invocations=6 (full 0):
 garbage-first heap   total 262144K, used 31514K [0x00000000e0000000, 0x0000000100000000)
  region size 1024K, 11 young (11264K), 11 survivors (11264K)
 Metaspace       used 34692K, committed 35968K, reserved 393216K
  class space    used 5128K, committed 5760K, reserved 327680K
}
Event: 83.855 GC heap before
{Heap before GC invocations=6 (full 0):
 garbage-first heap   total 262144K, used 32538K [0x00000000e0000000, 0x0000000100000000)
  region size 1024K, 13 young (13312K), 11 survivors (11264K)
 Metaspace       used 35025K, committed 36288K, reserved 393216K
  class space    used 5181K, committed 5824K, reserved 327680K
}
Event: 83.869 GC heap after
{Heap after GC invocations=7 (full 0):
 garbage-first heap   total 262144K, used 31453K [0x00000000e0000000, 0x0000000100000000)
  region size 1024K, 11 young (11264K), 11 survivors (11264K)
 Metaspace       used 35025K, committed 36288K, reserved 393216K
  class space    used 5181K, committed 5824K, reserved 327680K
}
Event: 83.993 GC heap before
{Heap before GC invocations=7 (full 0):
 garbage-first heap   total 262144K, used 32477K [0x00000000e0000000, 0x0000000100000000)
  region size 1024K, 14 young (14336K), 11 survivors (11264K)
 Metaspace       used 35364K, committed 36608K, reserved 393216K
  class space    used 5194K, committed 5824K, reserved 327680K
}
Event: 84.013 GC heap after
{Heap after GC invocations=8 (full 0):
 garbage-first heap   total 262144K, used 31317K [0x00000000e0000000, 0x0000000100000000)
  region size 1024K, 11 young (11264K), 11 survivors (11264K)
 Metaspace       used 35364K, committed 36608K, reserved 393216K
  class space    used 5194K, committed 5824K, reserved 327680K
}
Event: 167.207 GC heap before
{Heap before GC invocations=9 (full 0):
 garbage-first heap   total 262144K, used 182869K [0x00000000e0000000, 0x0000000100000000)
  region size 1024K, 153 young (156672K), 11 survivors (11264K)
 Metaspace       used 47786K, committed 49344K, reserved 393216K
  class space    used 6829K, committed 7616K, reserved 327680K
}
Event: 167.381 GC heap after
{Heap after GC invocations=10 (full 0):
 garbage-first heap   total 262144K, used 38502K [0x00000000e0000000, 0x0000000100000000)
  region size 1024K, 18 young (18432K), 18 survivors (18432K)
 Metaspace       used 47786K, committed 49344K, reserved 393216K
  class space    used 6829K, committed 7616K, reserved 327680K
}
Event: 271.622 GC heap before
{Heap before GC invocations=10 (full 0):
 garbage-first heap   total 262144K, used 181862K [0x00000000e0000000, 0x0000000100000000)
  region size 1024K, 153 young (156672K), 18 survivors (18432K)
 Metaspace       used 57481K, committed 59328K, reserved 393216K
  class space    used 8407K, committed 9344K, reserved 327680K
}
Event: 271.887 GC heap after
{Heap after GC invocations=11 (full 0):
 garbage-first heap   total 262144K, used 51090K [0x00000000e0000000, 0x0000000100000000)
  region size 1024K, 15 young (15360K), 15 survivors (15360K)
 Metaspace       used 57481K, committed 59328K, reserved 393216K
  class space    used 8407K, committed 9344K, reserved 327680K
}
Event: 278.057 GC heap before
{Heap before GC invocations=11 (full 0):
 garbage-first heap   total 262144K, used 64402K [0x00000000e0000000, 0x0000000100000000)
  region size 1024K, 29 young (29696K), 15 survivors (15360K)
 Metaspace       used 59232K, committed 61120K, reserved 393216K
  class space    used 8623K, committed 9600K, reserved 327680K
}
Event: 278.084 GC heap after
{Heap after GC invocations=12 (full 0):
 garbage-first heap   total 262144K, used 51728K [0x00000000e0000000, 0x0000000100000000)
  region size 1024K, 8 young (8192K), 8 survivors (8192K)
 Metaspace       used 59232K, committed 61120K, reserved 393216K
  class space    used 8623K, committed 9600K, reserved 327680K
}

Dll operation events (14 events):
Event: 0.017 Loaded shared library C:\Users\Anshika\.vscode\extensions\redhat.java-1.55.0-win32-x64\jre\21.0.11-win32-x86_64\bin\java.dll
Event: 0.199 Loaded shared library C:\Users\Anshika\.vscode\extensions\redhat.java-1.55.0-win32-x64\jre\21.0.11-win32-x86_64\bin\zip.dll
Event: 0.236 Loaded shared library C:\Users\Anshika\.vscode\extensions\redhat.java-1.55.0-win32-x64\jre\21.0.11-win32-x86_64\bin\instrument.dll
Event: 0.246 Loaded shared library C:\Users\Anshika\.vscode\extensions\redhat.java-1.55.0-win32-x64\jre\21.0.11-win32-x86_64\bin\net.dll
Event: 0.249 Loaded shared library C:\Users\Anshika\.vscode\extensions\redhat.java-1.55.0-win32-x64\jre\21.0.11-win32-x86_64\bin\nio.dll
Event: 0.254 Loaded shared library C:\Users\Anshika\.vscode\extensions\redhat.java-1.55.0-win32-x64\jre\21.0.11-win32-x86_64\bin\zip.dll
Event: 0.970 Loaded shared library C:\Users\Anshika\.vscode\extensions\redhat.java-1.55.0-win32-x64\jre\21.0.11-win32-x86_64\bin\jimage.dll
Event: 2.154 Loaded shared library C:\Users\Anshika\.vscode\extensions\redhat.java-1.55.0-win32-x64\jre\21.0.11-win32-x86_64\bin\verify.dll
Event: 2.473 Loaded shared library C:\Users\Anshika\.gradle\native\c067742578af261105cb4f569cf0c3c89f3d7b1fecec35dd04571415982c5e48\windows-amd64\native-platform.dll
Event: 2.484 Loaded shared library C:\Users\Anshika\.gradle\native\100fb08df4bc3b14c8652ba06237920a3bd2aa13389f12d3474272988ae205f9\windows-amd64\native-platform-file-events.dll
Event: 10.506 Loaded shared library C:\Users\Anshika\.vscode\extensions\redhat.java-1.55.0-win32-x64\jre\21.0.11-win32-x86_64\bin\management.dll
Event: 10.515 Loaded shared library C:\Users\Anshika\.vscode\extensions\redhat.java-1.55.0-win32-x64\jre\21.0.11-win32-x86_64\bin\management_ext.dll
Event: 11.550 Loaded shared library C:\Users\Anshika\.vscode\extensions\redhat.java-1.55.0-win32-x64\jre\21.0.11-win32-x86_64\bin\extnet.dll
Event: 13.038 Loaded shared library C:\Users\Anshika\.vscode\extensions\redhat.java-1.55.0-win32-x64\jre\21.0.11-win32-x86_64\bin\sunmscapi.dll

Deoptimization events (20 events):
Event: 297.798 Thread 0x000001af2f41df80 DEOPT PACKING pc=0x000001af0af0d2f0 sp=0x000000688acf8d00
Event: 297.798 Thread 0x000001af2f41df80 DEOPT UNPACKING pc=0x000001af0a5e7ba2 sp=0x000000688acf8af8 mode 2
Event: 297.814 Thread 0x000001af2f41df80 Uncommon trap: trap_request=0xffffffde fr.pc=0x000001af0af0d2f0 relative=0x00000000000059b0
Event: 297.814 Thread 0x000001af2f41df80 Uncommon trap: reason=class_check action=maybe_recompile pc=0x000001af0af0d2f0 method=java.net.URLClassLoader.defineClass(Ljava/lang/String;Ljdk/internal/loader/Resource;)Ljava/lang/Class; @ 34 c2
Event: 297.814 Thread 0x000001af2f41df80 DEOPT PACKING pc=0x000001af0af0d2f0 sp=0x000000688acf8d00
Event: 297.814 Thread 0x000001af2f41df80 DEOPT UNPACKING pc=0x000001af0a5e7ba2 sp=0x000000688acf8af8 mode 2
Event: 297.824 Thread 0x000001af2f41df80 Uncommon trap: trap_request=0xffffffde fr.pc=0x000001af0af0d2f0 relative=0x00000000000059b0
Event: 297.824 Thread 0x000001af2f41df80 Uncommon trap: reason=class_check action=maybe_recompile pc=0x000001af0af0d2f0 method=java.net.URLClassLoader.defineClass(Ljava/lang/String;Ljdk/internal/loader/Resource;)Ljava/lang/Class; @ 34 c2
Event: 297.825 Thread 0x000001af2f41df80 DEOPT PACKING pc=0x000001af0af0d2f0 sp=0x000000688acf8e40
Event: 297.825 Thread 0x000001af2f41df80 DEOPT UNPACKING pc=0x000001af0a5e7ba2 sp=0x000000688acf8c38 mode 2
Event: 298.312 Thread 0x000001af2f41df80 Uncommon trap: trap_request=0xffffff3d fr.pc=0x000001af0af96400 relative=0x0000000000000fa0
Event: 298.312 Thread 0x000001af2f41df80 Uncommon trap: reason=unstable_fused_if action=reinterpret pc=0x000001af0af96400 method=org.objectweb.asm.Frame.execute(IILorg/objectweb/asm/Symbol;Lorg/objectweb/asm/SymbolTable;)V @ 1 c2
Event: 298.313 Thread 0x000001af2f41df80 DEOPT PACKING pc=0x000001af0af96400 sp=0x000000688acf7f40
Event: 298.313 Thread 0x000001af2f41df80 DEOPT UNPACKING pc=0x000001af0a5e7ba2 sp=0x000000688acf7ec8 mode 2
Event: 301.782 Thread 0x000001af2f41df80 Uncommon trap: trap_request=0xffffffde fr.pc=0x000001af0af0d2f0 relative=0x00000000000059b0
Event: 301.782 Thread 0x000001af2f41df80 Uncommon trap: reason=class_check action=maybe_recompile pc=0x000001af0af0d2f0 method=java.net.URLClassLoader.defineClass(Ljava/lang/String;Ljdk/internal/loader/Resource;)Ljava/lang/Class; @ 34 c2
Event: 301.782 Thread 0x000001af2f41df80 DEOPT PACKING pc=0x000001af0af0d2f0 sp=0x000000688acf8e40
Event: 301.782 Thread 0x000001af2f41df80 DEOPT UNPACKING pc=0x000001af0a5e7ba2 sp=0x000000688acf8c38 mode 2
Event: 301.897 Thread 0x000001af2f41df80 DEOPT PACKING pc=0x000001af03dcc956 sp=0x000000688acf8870
Event: 301.897 Thread 0x000001af2f41df80 DEOPT UNPACKING pc=0x000001af0a5e86e2 sp=0x000000688acf7e20 mode 0

Classes loaded (20 events):
Event: 278.480 Loading class jdk/management/jfr/FlightRecorderMXBeanImpl$MXBeanListener
Event: 278.480 Loading class jdk/jfr/FlightRecorderListener
Event: 278.480 Loading class jdk/jfr/FlightRecorderListener done
Event: 278.480 Loading class jdk/management/jfr/FlightRecorderMXBeanImpl$MXBeanListener done
Event: 278.559 Loading class com/sun/jmx/mbeanserver/StandardMBeanSupport
Event: 278.559 Loading class com/sun/jmx/mbeanserver/StandardMBeanSupport done
Event: 278.559 Loading class com/sun/jmx/mbeanserver/StandardMBeanIntrospector
Event: 278.560 Loading class com/sun/jmx/mbeanserver/StandardMBeanIntrospector done
Event: 278.663 Loading class jdk/internal/reflect/MethodHandleLongFieldAccessorImpl
Event: 278.665 Loading class jdk/internal/reflect/MethodHandleLongFieldAccessorImpl done
Event: 278.668 Loading class java/io/SerialCallbackContext
Event: 278.669 Loading class java/io/SerialCallbackContext done
Event: 278.709 Loading class java/io/ObjectStreamClass$ExceptionInfo
Event: 278.709 Loading class java/io/ObjectStreamClass$ExceptionInfo done
Event: 278.715 Loading class java/util/HashMap$UnsafeHolder
Event: 278.715 Loading class java/util/HashMap$UnsafeHolder done
Event: 280.171 Loading class java/util/regex/Pattern$Pos
Event: 280.171 Loading class java/util/regex/Pattern$Pos done
Event: 280.638 Loading class java/lang/foreign/MemorySegment
Event: 280.641 Loading class java/lang/foreign/MemorySegment done

Classes unloaded (0 events):
No events

Classes redefined (0 events):
No events

Internal exceptions (20 events):
Event: 277.950 Thread 0x000001af2f41df80 Exception <a 'java/lang/NoSuchMethodError'{0x00000000ef363c40}: static Lorg/jetbrains/kotlin/gradle/plugin/internal/DefaultConfigurationCacheStartParameterAccessorVariantFactory;.<clinit>()V> (0x00000000ef363c40) 
thrown [s\src\hotspot\share\prims\jni.cpp, line 1111]
Event: 277.956 Thread 0x000001af2f41df80 Exception <a 'java/lang/NoSuchMethodError'{0x00000000ef36bda8}: 'void java.lang.invoke.DirectMethodHandle$Holder.invokeSpecial(java.lang.Object, java.lang.Object, java.lang.Object, int)'> (0x00000000ef36bda8) 
thrown [s\src\hotspot\share\interpreter\linkResolver.cpp, line 773]
Event: 278.108 Thread 0x000001af2f41df80 Exception <a 'java/lang/IncompatibleClassChangeError'{0x00000000eff42c38}: Found class java.lang.Object, but interface was expected> (0x00000000eff42c38) 
thrown [s\src\hotspot\share\interpreter\linkResolver.cpp, line 840]
Event: 278.662 Thread 0x000001af2f41df80 Exception <a 'java/lang/NoSuchMethodError'{0x00000000ef566448}: static Ljava/lang/Object;.<clinit>()V> (0x00000000ef566448) 
thrown [s\src\hotspot\share\prims\jni.cpp, line 1111]
Event: 278.665 Thread 0x000001af2f41df80 Exception <a 'java/lang/NoSuchMethodError'{0x00000000ef56b420}: 'long java.lang.invoke.DirectMethodHandle$Holder.invokeSpecial(java.lang.Object, java.lang.Object)'> (0x00000000ef56b420) 
thrown [s\src\hotspot\share\interpreter\linkResolver.cpp, line 773]
Event: 278.665 Thread 0x000001af2f41df80 Exception <a 'java/lang/NoSuchMethodError'{0x00000000ef56f870}: 'long java.lang.invoke.Invokers$Holder.invokeExact_MT(java.lang.Object, java.lang.Object)'> (0x00000000ef56f870) 
thrown [s\src\hotspot\share\interpreter\linkResolver.cpp, line 773]
Event: 278.707 Thread 0x000001af2f41df80 Exception <a 'java/lang/NoSuchMethodError'{0x00000000ef467228}: static Lorg/jetbrains/kotlin/gradle/plugin/statistics/MetricContainer;.<clinit>()V> (0x00000000ef467228) 
thrown [s\src\hotspot\share\prims\jni.cpp, line 1111]
Event: 283.226 Thread 0x000001af2f41df80 Exception <a 'java/lang/ClassNotFoundException'{0x00000000eb5f6668}: org/jetbrains/kotlin/gradle/targets/js/npm/DefaultNpmDependencyExtensionBeanInfo> (0x00000000eb5f6668) 
thrown [s\src\hotspot\share\classfile\systemDictionary.cpp, line 313]
Event: 283.230 Thread 0x000001af2f41df80 Exception <a 'java/lang/ClassNotFoundException'{0x00000000eb4001b0}: org/jetbrains/kotlin/gradle/targets/js/npm/DefaultNpmDependencyExtensionCustomizer> (0x00000000eb4001b0) 
thrown [s\src\hotspot\share\classfile\systemDictionary.cpp, line 313]
Event: 283.370 Thread 0x000001af2f41df80 Exception <a 'java/lang/ClassNotFoundException'{0x00000000eb4869a0}: org/jetbrains/kotlin/gradle/targets/js/npm/NpmDependencyExtensionKt$defaultNpmDependencyDelegate$1BeanInfo> (0x00000000eb4869a0) 
thrown [s\src\hotspot\share\classfile\systemDictionary.cpp, line 313]
Event: 283.371 Thread 0x000001af2f41df80 Exception <a 'java/lang/ClassNotFoundException'{0x00000000eb4912d0}: org/jetbrains/kotlin/gradle/targets/js/npm/NpmDependencyExtensionDelegateBeanInfo> (0x00000000eb4912d0) 
thrown [s\src\hotspot\share\classfile\systemDictionary.cpp, line 313]
Event: 283.372 Thread 0x000001af2f41df80 Exception <a 'java/lang/ClassNotFoundException'{0x00000000eb49bbd0}: org/jetbrains/kotlin/gradle/targets/js/npm/NpmDependencyExtensionDelegateCustomizer> (0x00000000eb49bbd0) 
thrown [s\src\hotspot\share\classfile\systemDictionary.cpp, line 313]
Event: 283.380 Thread 0x000001af2f41df80 Exception <a 'java/lang/ClassNotFoundException'{0x00000000eb4ca300}: org/jetbrains/kotlin/gradle/targets/js/npm/NpmDependencyExtensionKt$defaultNpmDependencyDelegate$1Customizer> (0x00000000eb4ca300) 
thrown [s\src\hotspot\share\classfile\systemDictionary.cpp, line 313]
Event: 283.620 Thread 0x000001af2f41df80 Exception <a 'java/lang/ClassNotFoundException'{0x00000000eb305a60}: org/jetbrains/kotlin/gradle/targets/js/npm/DefaultDevNpmDependencyExtensionBeanInfo> (0x00000000eb305a60) 
thrown [s\src\hotspot\share\classfile\systemDictionary.cpp, line 313]
Event: 283.623 Thread 0x000001af2f41df80 Exception <a 'java/lang/ClassNotFoundException'{0x00000000eb30f348}: org/jetbrains/kotlin/gradle/targets/js/npm/DefaultDevNpmDependencyExtensionCustomizer> (0x00000000eb30f348) 
thrown [s\src\hotspot\share\classfile\systemDictionary.cpp, line 313]
Event: 283.640 Thread 0x000001af2f41df80 Exception <a 'java/lang/ClassNotFoundException'{0x00000000eb351f18}: org/jetbrains/kotlin/gradle/targets/js/npm/DefaultPeerNpmDependencyExtensionBeanInfo> (0x00000000eb351f18) 
thrown [s\src\hotspot\share\classfile\systemDictionary.cpp, line 313]
Event: 283.739 Thread 0x000001af2f41df80 Exception <a 'java/lang/ClassNotFoundException'{0x00000000eb35b810}: org/jetbrains/kotlin/gradle/targets/js/npm/DefaultPeerNpmDependencyExtensionCustomizer> (0x00000000eb35b810) 
thrown [s\src\hotspot\share\classfile\systemDictionary.cpp, line 313]
Event: 283.766 Thread 0x000001af2f41df80 Exception <a 'java/lang/ClassNotFoundException'{0x00000000eb3a8438}: org/jetbrains/kotlin/gradle/targets/js/npm/DefaultPeerNpmDependencyExtension$delegate$1BeanInfo> (0x00000000eb3a8438) 
thrown [s\src\hotspot\share\classfile\systemDictionary.cpp, line 313]
Event: 283.768 Thread 0x000001af2f41df80 Exception <a 'java/lang/ClassNotFoundException'{0x00000000eb3b26a8}: org/jetbrains/kotlin/gradle/targets/js/npm/DefaultPeerNpmDependencyExtension$delegate$1Customizer> (0x00000000eb3b26a8) 
thrown [s\src\hotspot\share\classfile\systemDictionary.cpp, line 313]
Event: 297.764 Thread 0x000001af2f41df80 Exception <a 'java/lang/NoSuchMethodError'{0x00000000e9b44b20}: 'java.lang.Object java.lang.invoke.DirectMethodHandle$Holder.newInvokeSpecial(java.lang.Object, java.lang.Object, java.lang.Object, int, java.lang.Object)'> (0x00000000e9b44b20) 
thrown [s\src\hotspot\share\interpreter\linkResolver.cpp, line 773]

ZGC Phase Switch (0 events):
No events

VM Operations (20 events):
Event: 292.623 Executing safepoint VM operation: Cleanup
Event: 292.623 Executing safepoint VM operation: Cleanup done
Event: 295.658 Executing safepoint VM operation: Cleanup
Event: 295.658 Executing safepoint VM operation: Cleanup done
Event: 296.665 Executing safepoint VM operation: Cleanup
Event: 296.665 Executing safepoint VM operation: Cleanup done
Event: 297.677 Executing safepoint VM operation: Cleanup
Event: 297.678 Executing safepoint VM operation: Cleanup done
Event: 298.691 Executing safepoint VM operation: Cleanup
Event: 298.770 Executing safepoint VM operation: Cleanup done
Event: 300.557 Executing non-safepoint VM operation: HandshakeAllThreads (HandshakeForDeflation)
Event: 300.558 Executing non-safepoint VM operation: HandshakeAllThreads (HandshakeForDeflation) done
Event: 300.558 Executing non-safepoint VM operation: RendezvousGCThreads
Event: 300.558 Executing non-safepoint VM operation: RendezvousGCThreads done
Event: 301.572 Executing safepoint VM operation: Cleanup
Event: 301.572 Executing safepoint VM operation: Cleanup done
Event: 302.583 Executing safepoint VM operation: Cleanup
Event: 302.583 Executing safepoint VM operation: Cleanup done
Event: 303.594 Executing safepoint VM operation: Cleanup
Event: 303.594 Executing safepoint VM operation: Cleanup done

Memory protections (0 events):
No events

Nmethod flushes (20 events):
Event: 278.206 Thread 0x000001af14469350 flushing  nmethod 0x000001af03511e10
Event: 278.206 Thread 0x000001af14469350 flushing  nmethod 0x000001af03516410
Event: 278.206 Thread 0x000001af14469350 flushing  nmethod 0x000001af03640d10
Event: 278.206 Thread 0x000001af14469350 flushing  nmethod 0x000001af03641590
Event: 278.206 Thread 0x000001af14469350 flushing  nmethod 0x000001af03656010
Event: 278.206 Thread 0x000001af14469350 flushing  nmethod 0x000001af0365ce90
Event: 278.206 Thread 0x000001af14469350 flushing  nmethod 0x000001af0369da10
Event: 278.206 Thread 0x000001af14469350 flushing  nmethod 0x000001af0369eb10
Event: 278.206 Thread 0x000001af14469350 flushing  nmethod 0x000001af036a0f10
Event: 278.206 Thread 0x000001af14469350 flushing  nmethod 0x000001af036c8710
Event: 278.206 Thread 0x000001af14469350 flushing  nmethod 0x000001af0376d190
Event: 278.206 Thread 0x000001af14469350 flushing  nmethod 0x000001af03835910
Event: 278.206 Thread 0x000001af14469350 flushing  nmethod 0x000001af03862710
Event: 278.206 Thread 0x000001af14469350 flushing  nmethod 0x000001af0386b210
Event: 278.206 Thread 0x000001af14469350 flushing  nmethod 0x000001af039f7990
Event: 278.206 Thread 0x000001af14469350 flushing  nmethod 0x000001af0ae05090
Event: 278.206 Thread 0x000001af14469350 flushing  nmethod 0x000001af03283110
Event: 278.207 Thread 0x000001af14469350 flushing  nmethod 0x000001af03463410
Event: 278.207 Thread 0x000001af14469350 flushing  nmethod 0x000001af03465490
Event: 278.207 Thread 0x000001af14469350 flushing  nmethod 0x000001af0346f790

Events (20 events):
Event: 213.995 Thread 0x000001af2f41df80 Thread added: 0x000001af317c1390
Event: 213.997 Thread 0x000001af2f41df80 Thread added: 0x000001af317c0670
Event: 213.999 Thread 0x000001af2f41df80 Thread added: 0x000001af317c0d00
Event: 214.002 Thread 0x000001af2f41df80 Thread added: 0x000001af317c2dd0
Event: 214.004 Thread 0x000001af2f41df80 Thread added: 0x000001af317c20b0
Event: 214.006 Thread 0x000001af2f41df80 Thread added: 0x000001af317c3460
Event: 214.009 Thread 0x000001af2f41df80 Thread added: 0x000001af317c2740
Event: 214.009 Thread 0x000001af2f41df80 Thread added: 0x000001af317bffe0
Event: 214.013 Thread 0x000001af2f41df80 Thread added: 0x000001af2fe76330
Event: 214.015 Thread 0x000001af2f41df80 Thread added: 0x000001af2fe75ca0
Event: 214.016 Thread 0x000001af2f41df80 Thread added: 0x000001af2fe74f80
Event: 214.022 Thread 0x000001af2f41df80 Thread added: 0x000001af2fe769c0
Event: 244.139 Thread 0x000001af2f41df80 Thread added: 0x000001af2fe77d70
Event: 278.405 Thread 0x000001af14493e20 Thread added: 0x000001af30db7850
Event: 278.413 Thread 0x000001af14493e20 Thread added: 0x000001af2f812fc0
Event: 278.426 Thread 0x000001af30db7850 Thread added: 0x000001af30b1ee70
Event: 278.592 Thread 0x000001af30b1ee70 Thread exited: 0x000001af30b1ee70
Event: 278.778 Thread 0x000001af2f41df80 Thread added: 0x000001af2fe78400
Event: 283.048 Thread 0x000001af2f812fc0 Thread exited: 0x000001af2f812fc0
Event: 283.742 Thread 0x000001af30db7850 Thread exited: 0x000001af30db7850


Dynamic libraries:
0x00007ff792d60000 - 0x00007ff792d6e000 	C:\Users\Anshika\.vscode\extensions\redhat.java-1.55.0-win32-x64\jre\21.0.11-win32-x86_64\bin\java.exe
0x00007ff8fd860000 - 0x00007ff8fdac6000 	C:\windows\SYSTEM32\ntdll.dll
0x00007ff8fc5b0000 - 0x00007ff8fc679000 	C:\windows\System32\KERNEL32.DLL
0x00007ff8fae30000 - 0x00007ff8fb22a000 	C:\windows\System32\KERNELBASE.dll
0x00007ff8f7760000 - 0x00007ff8f7800000 	C:\windows\SYSTEM32\apphelp.dll
0x00007ff8fb230000 - 0x00007ff8fb37c000 	C:\windows\System32\ucrtbase.dll
0x00007ff8eed10000 - 0x00007ff8eed28000 	C:\Users\Anshika\.vscode\extensions\redhat.java-1.55.0-win32-x64\jre\21.0.11-win32-x86_64\bin\jli.dll
0x00007ff8fc320000 - 0x00007ff8fc4e7000 	C:\windows\System32\USER32.dll
0x00007ff8fb5a0000 - 0x00007ff8fb5c7000 	C:\windows\System32\win32u.dll
0x00007ff8fb5d0000 - 0x00007ff8fb5fb000 	C:\windows\System32\GDI32.dll
0x00007ff8fac70000 - 0x00007ff8fad9b000 	C:\windows\System32\gdi32full.dll
0x00007ff8fb4f0000 - 0x00007ff8fb593000 	C:\windows\System32\msvcp_win.dll
0x00007ff8d7b30000 - 0x00007ff8d7b4e000 	C:\Users\Anshika\.vscode\extensions\redhat.java-1.55.0-win32-x64\jre\21.0.11-win32-x86_64\bin\VCRUNTIME140.dll
0x00007ff8df2c0000 - 0x00007ff8df552000 	C:\windows\WinSxS\amd64_microsoft.windows.common-controls_6595b64144ccf1df_6.0.26100.8521_none_3e08b75ce33403b3\COMCTL32.dll
0x00007ff8fca10000 - 0x00007ff8fcab9000 	C:\windows\System32\msvcrt.dll
0x00007ff8fb600000 - 0x00007ff8fb632000 	C:\windows\System32\IMM32.DLL
0x00007ff8eeeb0000 - 0x00007ff8eeebc000 	C:\Users\Anshika\.vscode\extensions\redhat.java-1.55.0-win32-x64\jre\21.0.11-win32-x86_64\bin\vcruntime140_1.dll
0x00007ff820ff0000 - 0x00007ff82107d000 	C:\Users\Anshika\.vscode\extensions\redhat.java-1.55.0-win32-x64\jre\21.0.11-win32-x86_64\bin\msvcp140.dll
0x00007fffdb6a0000 - 0x00007fffdc442000 	C:\Users\Anshika\.vscode\extensions\redhat.java-1.55.0-win32-x64\jre\21.0.11-win32-x86_64\bin\server\jvm.dll
0x00007ff8fb810000 - 0x00007ff8fb8c6000 	C:\windows\System32\ADVAPI32.dll
0x00007ff8fc680000 - 0x00007ff8fc72a000 	C:\windows\System32\sechost.dll
0x00007ff8fb6f0000 - 0x00007ff8fb808000 	C:\windows\System32\RPCRT4.dll
0x00007ff8fb660000 - 0x00007ff8fb6e0000 	C:\windows\System32\WS2_32.dll
0x00007ff8fa950000 - 0x00007ff8fa9ae000 	C:\windows\SYSTEM32\POWRPROF.dll
0x00007ff8ef1c0000 - 0x00007ff8ef1f6000 	C:\windows\SYSTEM32\WINMM.dll
0x00007ff8ed210000 - 0x00007ff8ed21b000 	C:\windows\SYSTEM32\VERSION.dll
0x00007ff8fa930000 - 0x00007ff8fa944000 	C:\windows\SYSTEM32\UMPDC.dll
0x00007ff8f9880000 - 0x00007ff8f989b000 	C:\windows\SYSTEM32\kernel.appcore.dll
0x00007ff8eeba0000 - 0x00007ff8eebaa000 	C:\Users\Anshika\.vscode\extensions\redhat.java-1.55.0-win32-x64\jre\21.0.11-win32-x86_64\bin\jimage.dll
0x00007ff8ec120000 - 0x00007ff8ec362000 	C:\windows\SYSTEM32\DBGHELP.DLL
0x00007ff8fb8d0000 - 0x00007ff8fbc53000 	C:\windows\System32\combase.dll
0x00007ff8fc100000 - 0x00007ff8fc1d9000 	C:\windows\System32\OLEAUT32.dll
0x00007ff8db1d0000 - 0x00007ff8db20b000 	C:\windows\SYSTEM32\dbgcore.DLL
0x00007ff8fb440000 - 0x00007ff8fb4e8000 	C:\windows\System32\bcryptPrimitives.dll
0x00007ff8d7c90000 - 0x00007ff8d7c9f000 	C:\Users\Anshika\.vscode\extensions\redhat.java-1.55.0-win32-x64\jre\21.0.11-win32-x86_64\bin\instrument.dll
0x00007ff8d7870000 - 0x00007ff8d7890000 	C:\Users\Anshika\.vscode\extensions\redhat.java-1.55.0-win32-x64\jre\21.0.11-win32-x86_64\bin\java.dll
0x00007ff8fcdd0000 - 0x00007ff8fd554000 	C:\windows\System32\SHELL32.dll
0x00007ff8f8690000 - 0x00007ff8f8f10000 	C:\windows\SYSTEM32\windows.storage.dll
0x00007ff8fccd0000 - 0x00007ff8fcdc6000 	C:\windows\System32\SHCORE.dll
0x00007ff8fc1e0000 - 0x00007ff8fc247000 	C:\windows\System32\shlwapi.dll
0x00007ff8faa10000 - 0x00007ff8faa39000 	C:\windows\SYSTEM32\profapi.dll
0x00007ff8d7850000 - 0x00007ff8d7868000 	C:\Users\Anshika\.vscode\extensions\redhat.java-1.55.0-win32-x64\jre\21.0.11-win32-x86_64\bin\zip.dll
0x00007ff8d7b20000 - 0x00007ff8d7b30000 	C:\Users\Anshika\.vscode\extensions\redhat.java-1.55.0-win32-x64\jre\21.0.11-win32-x86_64\bin\net.dll
0x00007ff8f3390000 - 0x00007ff8f34b9000 	C:\windows\SYSTEM32\WINHTTP.dll
0x00007ff8f9df0000 - 0x00007ff8f9e5c000 	C:\windows\system32\mswsock.dll
0x00007ff8d6560000 - 0x00007ff8d6576000 	C:\Users\Anshika\.vscode\extensions\redhat.java-1.55.0-win32-x64\jre\21.0.11-win32-x86_64\bin\nio.dll
0x00007ff8d7840000 - 0x00007ff8d7850000 	C:\Users\Anshika\.vscode\extensions\redhat.java-1.55.0-win32-x64\jre\21.0.11-win32-x86_64\bin\verify.dll
0x00007ff88d730000 - 0x00007ff88d757000 	C:\Users\Anshika\.gradle\native\c067742578af261105cb4f569cf0c3c89f3d7b1fecec35dd04571415982c5e48\windows-amd64\native-platform.dll
0x00007ffff76c0000 - 0x00007ffff7804000 	C:\Users\Anshika\.gradle\native\100fb08df4bc3b14c8652ba06237920a3bd2aa13389f12d3474272988ae205f9\windows-amd64\native-platform-file-events.dll
0x00007ff8d5790000 - 0x00007ff8d579a000 	C:\Users\Anshika\.vscode\extensions\redhat.java-1.55.0-win32-x64\jre\21.0.11-win32-x86_64\bin\management.dll
0x00007ff8d5780000 - 0x00007ff8d578c000 	C:\Users\Anshika\.vscode\extensions\redhat.java-1.55.0-win32-x64\jre\21.0.11-win32-x86_64\bin\management_ext.dll
0x00007ff8fcc60000 - 0x00007ff8fcc68000 	C:\windows\System32\PSAPI.DLL
0x00007ff8fa0e0000 - 0x00007ff8fa0fb000 	C:\windows\SYSTEM32\CRYPTSP.dll
0x00007ff8f97e0000 - 0x00007ff8f9819000 	C:\windows\system32\rsaenh.dll
0x00007ff8f9ea0000 - 0x00007ff8f9ed3000 	C:\windows\SYSTEM32\USERENV.dll
0x00007ff8fa9e0000 - 0x00007ff8faa0a000 	C:\windows\SYSTEM32\bcrypt.dll
0x00007ff8fa0d0000 - 0x00007ff8fa0dc000 	C:\windows\SYSTEM32\CRYPTBASE.dll
0x00007ff8f92a0000 - 0x00007ff8f92d3000 	C:\windows\SYSTEM32\IPHLPAPI.DLL
0x00007ff8fbc60000 - 0x00007ff8fbc6a000 	C:\windows\System32\NSI.dll
0x00007ff8d3a20000 - 0x00007ff8d3a29000 	C:\Users\Anshika\.vscode\extensions\redhat.java-1.55.0-win32-x64\jre\21.0.11-win32-x86_64\bin\extnet.dll
0x00007ff8d5420000 - 0x00007ff8d542e000 	C:\Users\Anshika\.vscode\extensions\redhat.java-1.55.0-win32-x64\jre\21.0.11-win32-x86_64\bin\sunmscapi.dll
0x00007ff8faaf0000 - 0x00007ff8fac68000 	C:\windows\System32\CRYPT32.dll
0x00007ff8fa2f0000 - 0x00007ff8fa320000 	C:\windows\SYSTEM32\ncrypt.dll
0x00007ff8fa2a0000 - 0x00007ff8fa2df000 	C:\windows\SYSTEM32\NTASN1.dll
0x00007ff8bdb00000 - 0x00007ff8bdb08000 	C:\windows\system32\wshunix.dll

JVMTI agents:
C:\Users\Anshika\.gradle\wrapper\dists\gradle-8.9-bin\90cnw93cvbtalezasaz0blq0a\gradle-8.9\lib\agents\gradle-instrumentation-agent-8.9.jar path:C:\Users\Anshika\.vscode\extensions\redhat.java-1.55.0-win32-x64\jre\21.0.11-win32-x86_64\bin\instrument.dll, loaded, initialized, instrumentlib options:none

dbghelp: loaded successfully - version: 4.0.5 - missing functions: none
symbol engine: initialized successfully - sym options: 0x614 - pdb path: .;C:\Users\Anshika\.vscode\extensions\redhat.java-1.55.0-win32-x64\jre\21.0.11-win32-x86_64\bin;C:\windows\SYSTEM32;C:\windows\WinSxS\amd64_microsoft.windows.common-controls_6595b64144ccf1df_6.0.26100.8521_none_3e08b75ce33403b3;C:\Users\Anshika\.vscode\extensions\redhat.java-1.55.0-win32-x64\jre\21.0.11-win32-x86_64\bin\server;C:\Users\Anshika\.gradle\native\c067742578af261105cb4f569cf0c3c89f3d7b1fecec35dd04571415982c5e48\windows-amd64;C:\Users\Anshika\.gradle\native\100fb08df4bc3b14c8652ba06237920a3bd2aa13389f12d3474272988ae205f9\windows-amd64

VM Arguments:
jvm_args: --add-opens=java.base/java.util=ALL-UNNAMED --add-opens=java.base/java.lang=ALL-UNNAMED --add-opens=java.base/java.lang.invoke=ALL-UNNAMED --add-opens=java.prefs/java.util.prefs=ALL-UNNAMED --add-exports=jdk.compiler/com.sun.tools.javac.api=ALL-UNNAMED --add-exports=jdk.compiler/com.sun.tools.javac.util=ALL-UNNAMED --add-opens=java.base/java.nio.charset=ALL-UNNAMED --add-opens=java.base/java.net=ALL-UNNAMED --add-opens=java.base/java.util.concurrent.atomic=ALL-UNNAMED -XX:MaxMetaspaceSize=384m -XX:+HeapDumpOnOutOfMemoryError -Xms256m -Xmx512m -Dfile.encoding=utf8 -Duser.country=IN -Duser.language=en -Duser.variant -javaagent:C:\Users\Anshika\.gradle\wrapper\dists\gradle-8.9-bin\90cnw93cvbtalezasaz0blq0a\gradle-8.9\lib\agents\gradle-instrumentation-agent-8.9.jar 
java_command: org.gradle.launcher.daemon.bootstrap.GradleDaemon 8.9
java_class_path (initial): C:\Users\Anshika\.gradle\wrapper\dists\gradle-8.9-bin\90cnw93cvbtalezasaz0blq0a\gradle-8.9\lib\gradle-daemon-main-8.9.jar
Launcher Type: SUN_STANDARD

[Global flags]
     intx CICompilerCount                          = 12                                        {product} {ergonomic}
   size_t CompressedClassSpaceSize                 = 335544320                                 {product} {ergonomic}
     uint ConcGCThreads                            = 3                                         {product} {ergonomic}
     uint G1ConcRefinementThreads                  = 13                                        {product} {ergonomic}
   size_t G1HeapRegionSize                         = 1048576                                   {product} {ergonomic}
    uintx GCDrainStackTargetSize                   = 64                                        {product} {ergonomic}
     bool HeapDumpOnOutOfMemoryError               = true                                   {manageable} {command line}
   size_t InitialHeapSize                          = 268435456                                 {product} {command line}
   size_t MarkStackSize                            = 4194304                                   {product} {ergonomic}
   size_t MaxHeapSize                              = 536870912                                 {product} {command line}
   size_t MaxMetaspaceSize                         = 402653184                                 {product} {command line}
   size_t MaxNewSize                               = 321912832                                 {product} {ergonomic}
   size_t MinHeapDeltaBytes                        = 1048576                                   {product} {ergonomic}
   size_t MinHeapSize                              = 268435456                                 {product} {command line}
    uintx NonNMethodCodeHeapSize                   = 7602480                                {pd product} {ergonomic}
    uintx NonProfiledCodeHeapSize                  = 122027880                              {pd product} {ergonomic}
    uintx ProfiledCodeHeapSize                     = 122027880                              {pd product} {ergonomic}
    uintx ReservedCodeCacheSize                    = 251658240                              {pd product} {ergonomic}
     bool SegmentedCodeCache                       = true                                      {product} {ergonomic}
   size_t SoftMaxHeapSize                          = 536870912                              {manageable} {ergonomic}
     bool UseCompressedOops                        = true                           {product lp64_product} {ergonomic}
     bool UseG1GC                                  = true                                      {product} {ergonomic}
     bool UseLargePagesIndividualAllocation        = false                                  {pd product} {ergonomic}

Logging:
Log output configuration:
 #0: stdout all=warning uptime,level,tags foldmultilines=false
 #1: stderr all=off uptime,level,tags foldmultilines=false

Release file:
JAVA_VERSION="21.0.11" 
MODULES="java.base java.compiler java.datatransfer java.xml java.prefs java.desktop java.instrument java.logging java.management java.security.sasl java.naming java.rmi java.management.rmi java.net.http java.scripting java.security.jgss java.transaction.xa java.sql java.sql.rowset java.xml.crypto java.se java.smartcardio jdk.accessibility jdk.internal.jvmstat jdk.attach jdk.charsets jdk.internal.opt jdk.zipfs jdk.compiler jdk.crypto.ec jdk.crypto.cryptoki jdk.crypto.mscapi jdk.dynalink jdk.internal.ed jdk.editpad jdk.hotspot.agent jdk.httpserver jdk.internal.le jdk.internal.vm.ci jdk.internal.vm.compiler jdk.internal.vm.compiler.management jdk.jartool jdk.javadoc jdk.jcmd jdk.management jdk.management.agent jdk.jconsole jdk.jdeps jdk.jdwp.agent jdk.jdi jdk.jfr jdk.jshell jdk.jsobject jdk.jstatd jdk.localedata jdk.management.jfr jdk.naming.dns jdk.naming.rmi jdk.net jdk.nio.mapmode jdk.random jdk.sctp jdk.security.auth jdk.security.jgss jdk.unsupported jdk.unsupported.desktop jdk.xml.dom" 

Environment Variables:
JAVA_HOME=C:\Program Files\Android\Android Studio\jbr

PATH=C:\Program Files\Microsoft SDKs\Azure\CLI2\wbin;C:\Program Files\Common Files\Oracle\Java\javapath;C:\Program Files\Python313\Scripts\;C:\Program Files\Python313\;C:\windows\system32;C:\windows;C:\windows\System32\Wbem;C:\windows\System32\WindowsPowerShell\v1.0\;C:\windows\System32\OpenSSH\;C:\Program Files (x86)\NVIDIA Corporation\PhysX\Common;C:\Program Files\NVIDIA Corporation\NVIDIA NvDLISR;C:\Users\Administrator\AppData\Local\Microsoft\WindowsApps;C:\Program Files\HP\OMEN-Broadcast\Common;C:\Program Files\Java\jdk-24\bin;C:\ffmpeg\bin;C:\Program Files (x86)\QuickTime\QTSystem\;C:\Program Files\dotnet\;C:\Program Files\PuTTY\;C:\Program Files\Git\cmd;C:\Program Files\Git\bin;C:\Program Files\Git\cmd;C:\Users\Anshika\Downloads\apache-maven-3.9.14-bin\apache-maven-3.9.14\bin;C:\Users\Anshika\AppData\Roaming\Python\Python313\Scripts;C:\Users\Anshika\Downloads\terraform_1.14.7_windows_386;C:\Users\Anshika\Downloads\terraform_1.14.7_windows_386\terraform.exe;C:\Program Files\Docker\Docker\resources\bin;C:\Program Files\eSpeak NG;C:\Program Files\eSpeak NG\bin;C:\Program Files\nodejs\;C:\Users\Anshika\AppData\Local\agy\bin;C:\Users\Anshika\Downloads\Piper\piper1-gpl-main\.venv\Scripts;c:\Users\Anshika\AppData\Roaming\Code\User\globalStorage\github.copilot-chat\debugCommand;c:\Users\Anshika\AppData\Roaming\Code\User\globalStorage\github.copilot-chat\copilotCli;C:\Users\Anshika\AppData\Local\Programs\Microsoft VS Code;C:\Program Files\Microsoft SDKs\Azure\CLI2\wbin;C:\Program Files\Common Files\Oracle\Java\javapath;C:\Program Files\Python313\Scripts\;C:\Program Files\Python313\;C:\windows\system32;C:\windows;C:\windows\System32\Wbem;C:\windows\System32\WindowsPowerShell\v1.0\;C:\windows\System32\OpenSSH\;C:\Program Files (x86)\NVIDIA Corporation\PhysX\Common;C:\Program Files\NVIDIA Corporation\NVIDIA NvDLISR;C:\Users\Administrator\AppData\Local\Microsoft\WindowsApps;C:\Program Files\HP\OMEN-Broadcast\Common;C:\Program Files\HP\HP One Agent;C:\Program Files\Java\jdk-24\bin;C:\ffmpeg\bin;C:\Program Files (x86)\QuickTime\QTSystem\;C:\Program Files\dotnet\;C:\Program Files\PuTTY\;C:\Program Files\Git\cmd;C:\Program Files\Git\bin;C:\P;C:\Users\Anshika\AppData\Local\Programs\Antigravity\bin;C:\Users\Anshika\AppData\Local\Programs\Microsoft VS Code\bin;C:\Users\Anshika\AppData\Local\Programs\Antigravity IDE\bin;C:\Users\Anshika\AppData\Roaming\npm;C:\Users\Anshika\AppData\Local\Programs\cursor\resources\app\bin
USERNAME=Anshika
OS=Windows_NT
PROCESSOR_IDENTIFIER=AMD64 Family 25 Model 116 Stepping 1, AuthenticAMD
TMP=C:\Users\Anshika\AppData\Local\Temp
TEMP=C:\Users\Anshika\AppData\Local\Temp




Periodic native trim disabled

---------------  S Y S T E M  ---------------

OS:
 Windows 11 , 64 bit Build 26100 (10.0.26100.8521)
OS uptime: 2 days 8:44 hours
Hyper-V role detected

CPU: total 16 (initial active 16) (16 cores per cpu, 2 threads per core) family 25 model 116 stepping 1 microcode 0xa704109, cx8, cmov, fxsr, ht, mmx, 3dnowpref, sse, sse2, sse3, ssse3, sse4a, sse4.1, sse4.2, popcnt, lzcnt, tsc, tscinvbit, avx, avx2, aes, erms, clmul, bmi1, bmi2, adx, avx512f, avx512dq, avx512cd, avx512bw, avx512vl, sha, fma, vzeroupper, avx512_vpopcntdq, avx512_vpclmulqdq, avx512_vaes, avx512_vnni, clflush, clflushopt, avx512_vbmi2, avx512_vbmi, hv, rdtscp, rdpid, fsrm, gfni, avx512_bitalg, f16c, cet_ss, avx512_ifma
Processor Information for the first 16 processors :
  Max Mhz: 3801, Current Mhz: 2516, Mhz Limit: 3801

Memory: 4k page, system-wide physical 15654M (140M free)
TotalPageFile size 56315M (AvailPageFile size 25M)
current process WorkingSet (physical memory assigned to process): 162M, peak: 308M
current process commit charge ("private bytes"): 513M, peak: 516M

vm_info: OpenJDK 64-Bit Server VM (21.0.11+10-LTS) for windows-amd64 JRE (21.0.11+10-LTS), built on 2026-04-21T00:00:00Z by "admin" with MS VC++ 17.12 (VS2022)

END.
