#
# There is insufficient memory for the Java Runtime Environment to continue.
# Native memory allocation (malloc) failed to allocate 2362416 bytes. Error detail: Chunk::new
# Possible reasons:
#   The system is out of physical RAM or swap space
#   This process is running with CompressedOops enabled, and the Java Heap may be blocking the growth of the native heap
# Possible solutions:
#   Reduce memory load on the system
#   Increase physical memory or swap space
#   Check if swap backing store is full
#   Decrease Java heap size (-Xmx/-Xms)
#   Decrease number of Java threads
#   Decrease Java thread stack sizes (-Xss)
#   Set larger code cache with -XX:ReservedCodeCacheSize=
#   JVM is running with Unscaled Compressed Oops mode in which the Java heap is
#     placed in the first 4GB address space. The Java Heap base address is the
#     maximum limit for the native heap growth. Please use -XX:HeapBaseMinAddress
#     to set the Java Heap base and to place the Java Heap above 4GB virtual address.
# This output file may be truncated or incomplete.
#
#  Out of Memory Error (arena.cpp:168), pid=15108, tid=54852
#
# JRE version: OpenJDK Runtime Environment Temurin-21.0.11+10 (21.0.11+10) (build 21.0.11+10-LTS)
# Java VM: OpenJDK 64-Bit Server VM Temurin-21.0.11+10 (21.0.11+10-LTS, mixed mode, sharing, tiered, compressed oops, compressed class ptrs, g1 gc, windows-amd64)
# No core dump will be written. Minidumps are not enabled by default on client versions of Windows
#

---------------  S U M M A R Y ------------

Command Line: --add-opens=java.base/java.util=ALL-UNNAMED --add-opens=java.base/java.lang=ALL-UNNAMED --add-opens=java.base/java.lang.invoke=ALL-UNNAMED --add-opens=java.prefs/java.util.prefs=ALL-UNNAMED --add-exports=jdk.compiler/com.sun.tools.javac.api=ALL-UNNAMED --add-exports=jdk.compiler/com.sun.tools.javac.util=ALL-UNNAMED --add-opens=java.base/java.nio.charset=ALL-UNNAMED --add-opens=java.base/java.net=ALL-UNNAMED --add-opens=java.base/java.util.concurrent.atomic=ALL-UNNAMED -XX:MaxMetaspaceSize=384m -XX:+HeapDumpOnOutOfMemoryError -Xms256m -Xmx512m -Dfile.encoding=utf8 -Duser.country=IN -Duser.language=en -Duser.variant -javaagent:C:\Users\Anshika\.gradle\wrapper\dists\gradle-8.9-bin\90cnw93cvbtalezasaz0blq0a\gradle-8.9\lib\agents\gradle-instrumentation-agent-8.9.jar org.gradle.launcher.daemon.bootstrap.GradleDaemon 8.9

Host: AMD Ryzen 7 7840HS w/ Radeon 780M Graphics     , 16 cores, 15G,  Windows 11 , 64 bit Build 26100 (10.0.26100.8521)
Time: Sat Jun 27 00:54:22 2026 India Standard Time elapsed time: 567.624694 seconds (0d 0h 9m 27s)

---------------  T H R E A D  ---------------

Current thread (0x000001d093165bb0):  JavaThread "C2 CompilerThread0" daemon [_thread_in_native, id=54852, stack(0x0000000ebd000000,0x0000000ebd100000) (1024K)]


Current CompileTask:
C2:567624 9886       4       java.beans.MethodRef::set (58 bytes)

Stack: [0x0000000ebd000000,0x0000000ebd100000]
Native frames: (J=compiled Java code, j=interpreted, Vv=VM code, C=native code)
V  [jvm.dll+0x6d7e19]
V  [jvm.dll+0x8b5096]
V  [jvm.dll+0x8b764e]
V  [jvm.dll+0x8b7d33]
V  [jvm.dll+0x284596]
V  [jvm.dll+0xc685d]
V  [jvm.dll+0xc6da1]
V  [jvm.dll+0x3bed31]
V  [jvm.dll+0x38b2b2]
V  [jvm.dll+0x38a6fa]
V  [jvm.dll+0x24c700]
V  [jvm.dll+0x24bce0]
V  [jvm.dll+0x1cb4ae]
V  [jvm.dll+0x25baad]
V  [jvm.dll+0x25a03a]
V  [jvm.dll+0x3f868e]
V  [jvm.dll+0x85fb0d]
V  [jvm.dll+0x6d664d]
C  [ucrtbase.dll+0x2cd30]
C  [KERNEL32.DLL+0x2e957]
C  [ntdll.dll+0x87c1c]


---------------  P R O C E S S  ---------------

Threads class SMR info:
_java_thread_list=0x000001d0fcd28b80, length=123, elements={
0x000001d0fcca2430, 0x000001d09315e1a0, 0x000001d09315f770, 0x000001d093162f00,
0x000001d093163960, 0x000001d0931643c0, 0x000001d093164e20, 0x000001d093165bb0,
0x000001d093170190, 0x000001d093427fc0, 0x000001d09339d580, 0x000001d0adb7a280,
0x000001d0adb447c0, 0x000001d0ad32e2e0, 0x000001d0ad5a7090, 0x000001d0ad5a7700,
0x000001d0adc22b40, 0x000001d0adc21100, 0x000001d0adc224b0, 0x000001d0adc231d0,
0x000001d0adc203e0, 0x000001d0adc21e20, 0x000001d0adc1fd50, 0x000001d0adc21790,
0x000001d0ae41d080, 0x000001d0ae420b90, 0x000001d0ae41e430, 0x000001d0ae41d710,
0x000001d0ae41eac0, 0x000001d0ae41f7e0, 0x000001d0ae421220, 0x000001d0ae41fe70,
0x000001d0ae420500, 0x000001d0ae41dda0, 0x000001d0ae424010, 0x000001d0afa1ee20,
0x000001d0afa1f4b0, 0x000001d0afa1c6c0, 0x000001d0afa1c030, 0x000001d0afa1fb40,
0x000001d0afa201d0, 0x000001d0afa1cd50, 0x000001d0afa1e790, 0x000001d0afa20860,
0x000001d0afa1d3e0, 0x000001d0afa20ef0, 0x000001d0afa1da70, 0x000001d0afa21580,
0x000001d0afa1e100, 0x000001d0afa23650, 0x000001d0afa21c10, 0x000001d0afa222a0,
0x000001d0afa22930, 0x000001d0afa22fc0, 0x000001d0ae559390, 0x000001d0ae55b460,
0x000001d0ae558d00, 0x000001d0ae559a20, 0x000001d0ae55a0b0, 0x000001d0ae557fe0,
0x000001d0ae55a740, 0x000001d0ae55add0, 0x000001d0ae55baf0, 0x000001d0ae558670,
0x000001d0ae55e8e0, 0x000001d0ae55d530, 0x000001d0ae55e250, 0x000001d0ae55ef70,
0x000001d0ae55dbc0, 0x000001d0ae55f600, 0x000001d0ae55c180, 0x000001d0ae55c810,
0x000001d0ae55cea0, 0x000001d0aebc2a70, 0x000001d0aebc3e20, 0x000001d0aebc3790,
0x000001d0aebc3100, 0x000001d0aebc44b0, 0x000001d0aebc4b40, 0x000001d0aebc16c0,
0x000001d0aebc51d0, 0x000001d0aebc6c10, 0x000001d0aebc7fc0, 0x000001d0aebc7930,
0x000001d0aebc5860, 0x000001d0aebc8650, 0x000001d0aebc8ce0, 0x000001d0adc20a70,
0x000001d0ae4232f0, 0x000001d0b136b6c0, 0x000001d0b136ca70, 0x000001d0b136d790,
0x000001d0b136e4b0, 0x000001d0b136de20, 0x000001d0b136c3e0, 0x000001d0b136bd50,
0x000001d0b1370580, 0x000001d0b136fef0, 0x000001d0b136d100, 0x000001d0b136f860,
0x000001d0b1370c10, 0x000001d0b1371fc0, 0x000001d0b136f1d0, 0x000001d0b13712a0,
0x000001d0b1371930, 0x000001d0b136eb40, 0x000001d0b1372650, 0x000001d0b1372ce0,
0x000001d0b137d7c0, 0x000001d0b137d130, 0x000001d0b137c410, 0x000001d0b137de50,
0x000001d0b137e4e0, 0x000001d0b137caa0, 0x000001d0b137eb70, 0x000001d0b137b6f0,
0x000001d0b137bd80, 0x000001d0b08ca180, 0x000001d0b08c8dd0, 0x000001d0b08c9af0,
0x000001d0b08c9460, 0x000001d0b08ca810, 0x000001d0b08cb530
}

Java Threads: ( => current thread )
  0x000001d0fcca2430 JavaThread "main"                              [_thread_blocked, id=26132, stack(0x0000000ebc200000,0x0000000ebc300000) (1024K)]
  0x000001d09315e1a0 JavaThread "Reference Handler"          daemon [_thread_blocked, id=54616, stack(0x0000000ebca00000,0x0000000ebcb00000) (1024K)]
  0x000001d09315f770 JavaThread "Finalizer"                  daemon [_thread_blocked, id=53492, stack(0x0000000ebcb00000,0x0000000ebcc00000) (1024K)]
  0x000001d093162f00 JavaThread "Signal Dispatcher"          daemon [_thread_blocked, id=51800, stack(0x0000000ebcc00000,0x0000000ebcd00000) (1024K)]
  0x000001d093163960 JavaThread "Attach Listener"            daemon [_thread_blocked, id=46520, stack(0x0000000ebcd00000,0x0000000ebce00000) (1024K)]
  0x000001d0931643c0 JavaThread "Service Thread"             daemon [_thread_blocked, id=7736, stack(0x0000000ebce00000,0x0000000ebcf00000) (1024K)]
  0x000001d093164e20 JavaThread "Monitor Deflation Thread"   daemon [_thread_blocked, id=50908, stack(0x0000000ebcf00000,0x0000000ebd000000) (1024K)]
=>0x000001d093165bb0 JavaThread "C2 CompilerThread0"         daemon [_thread_in_native, id=54852, stack(0x0000000ebd000000,0x0000000ebd100000) (1024K)]
  0x000001d093170190 JavaThread "C1 CompilerThread0"         daemon [_thread_blocked, id=25780, stack(0x0000000ebd100000,0x0000000ebd200000) (1024K)]
  0x000001d093427fc0 JavaThread "Common-Cleaner"             daemon [_thread_blocked, id=50764, stack(0x0000000ebd300000,0x0000000ebd400000) (1024K)]
  0x000001d09339d580 JavaThread "Notification Thread"        daemon [_thread_blocked, id=50220, stack(0x0000000ebd400000,0x0000000ebd500000) (1024K)]
  0x000001d0adb7a280 JavaThread "Daemon health stats"               [_thread_blocked, id=44464, stack(0x0000000ebdb00000,0x0000000ebdc00000) (1024K)]
  0x000001d0adb447c0 JavaThread "Incoming local TCP Connector on port 65344"        [_thread_in_native, id=54364, stack(0x0000000ebdc00000,0x0000000ebdd00000) (1024K)]
  0x000001d0ad32e2e0 JavaThread "Daemon periodic checks"            [_thread_blocked, id=51376, stack(0x0000000ebdd00000,0x0000000ebde00000) (1024K)]
  0x000001d0ad5a7090 JavaThread "Daemon"                            [_thread_blocked, id=49752, stack(0x0000000ebdf00000,0x0000000ebe000000) (1024K)]
  0x000001d0ad5a7700 JavaThread "Handler for socket connection from /127.0.0.1:65344 to /127.0.0.1:65346"        [_thread_in_native, id=51316, stack(0x0000000ebe000000,0x0000000ebe100000) (1024K)]
  0x000001d0adc22b40 JavaThread "Cancel handler"                    [_thread_blocked, id=49952, stack(0x0000000ebe700000,0x0000000ebe800000) (1024K)]
  0x000001d0adc21100 JavaThread "Daemon worker"                     [_thread_blocked, id=52348, stack(0x0000000ebe800000,0x0000000ebe900000) (1024K)]
  0x000001d0adc224b0 JavaThread "Asynchronous log dispatcher for DefaultDaemonConnection: socket connection from /127.0.0.1:65344 to /127.0.0.1:65346"        [_thread_blocked, id=15716, stack(0x0000000ebe900000,0x0000000ebea00000) (1024K)]
  0x000001d0adc231d0 JavaThread "Stdin handler"                     [_thread_blocked, id=3324, stack(0x0000000ebea00000,0x0000000ebeb00000) (1024K)]
  0x000001d0adc203e0 JavaThread "Daemon client event forwarder"        [_thread_blocked, id=51900, stack(0x0000000ebeb00000,0x0000000ebec00000) (1024K)]
  0x000001d0adc21e20 JavaThread "Cache worker for journal cache (C:\Users\Anshika\.gradle\caches\journal-1)"        [_thread_blocked, id=53096, stack(0x0000000ebec00000,0x0000000ebed00000) (1024K)]
  0x000001d0adc1fd50 JavaThread "File lock request listener"        [_thread_in_native, id=17508, stack(0x0000000ebed00000,0x0000000ebee00000) (1024K)]
  0x000001d0adc21790 JavaThread "Cache worker for file hash cache (C:\Users\Anshika\.gradle\caches\8.9\fileHashes)"        [_thread_blocked, id=41152, stack(0x0000000ebef00000,0x0000000ebf000000) (1024K)]
  0x000001d0ae41d080 JavaThread "Cache worker for file hash cache (C:\Users\Anshika\Documents\Pull-Up\Pull-up\pullup\node_modules\expo-modules-autolinking\android\expo-gradle-plugin\.gradle\8.9\fileHashes)"        [_thread_blocked, id=50872, stack(0x0000000ebf100000,0x0000000ebf200000) (1024K)]
  0x000001d0ae420b90 JavaThread "Cache worker for Build Output Cleanup Cache (C:\Users\Anshika\Documents\Pull-Up\Pull-up\pullup\node_modules\expo-modules-autolinking\android\expo-gradle-plugin\.gradle\buildOutputCleanup)"        [_thread_blocked, id=45628, stack(0x0000000ebf200000,0x0000000ebf300000) (1024K)]
  0x000001d0ae41e430 JavaThread "File watcher server"        daemon [_thread_in_native, id=52756, stack(0x0000000ebf300000,0x0000000ebf400000) (1024K)]
  0x000001d0ae41d710 JavaThread "File watcher consumer"      daemon [_thread_blocked, id=37992, stack(0x0000000ebf400000,0x0000000ebf500000) (1024K)]
  0x000001d0ae41eac0 JavaThread "Cache worker for checksums cache (C:\Users\Anshika\Documents\Pull-Up\Pull-up\pullup\node_modules\expo-modules-autolinking\android\expo-gradle-plugin\.gradle\8.9\checksums)"        [_thread_blocked, id=51528, stack(0x0000000ebf500000,0x0000000ebf600000) (1024K)]
  0x000001d0ae41f7e0 JavaThread "Cache worker for file content cache (C:\Users\Anshika\.gradle\caches\8.9\fileContent)"        [_thread_blocked, id=51404, stack(0x0000000ebf600000,0x0000000ebf700000) (1024K)]
  0x000001d0ae421220 JavaThread "Cache worker for cache directory md-rule (C:\Users\Anshika\.gradle\caches\8.9\md-rule)"        [_thread_blocked, id=33372, stack(0x0000000ebf700000,0x0000000ebf800000) (1024K)]
  0x000001d0ae41fe70 JavaThread "Cache worker for cache directory md-supplier (C:\Users\Anshika\.gradle\caches\8.9\md-supplier)"        [_thread_blocked, id=48168, stack(0x0000000ebf800000,0x0000000ebf900000) (1024K)]
  0x000001d0ae420500 JavaThread "jar transforms"                    [_thread_blocked, id=52968, stack(0x0000000ebf900000,0x0000000ebfa00000) (1024K)]
  0x000001d0ae41dda0 JavaThread "jar transforms Thread 2"           [_thread_blocked, id=45084, stack(0x0000000ebc000000,0x0000000ebc100000) (1024K)]
  0x000001d0ae424010 JavaThread "Unconstrained build operations"        [_thread_blocked, id=11696, stack(0x0000000ebfa00000,0x0000000ebfb00000) (1024K)]
  0x000001d0afa1ee20 JavaThread "Unconstrained build operations Thread 2"        [_thread_blocked, id=35548, stack(0x0000000ebfb00000,0x0000000ebfc00000) (1024K)]
  0x000001d0afa1f4b0 JavaThread "Unconstrained build operations Thread 3"        [_thread_blocked, id=29944, stack(0x0000000ebfc00000,0x0000000ebfd00000) (1024K)]
  0x000001d0afa1c6c0 JavaThread "Unconstrained build operations Thread 4"        [_thread_blocked, id=2132, stack(0x0000000ebfd00000,0x0000000ebfe00000) (1024K)]
  0x000001d0afa1c030 JavaThread "Unconstrained build operations Thread 5"        [_thread_blocked, id=54756, stack(0x0000000ebfe00000,0x0000000ebff00000) (1024K)]
  0x000001d0afa1fb40 JavaThread "Unconstrained build operations Thread 6"        [_thread_blocked, id=15900, stack(0x0000000ebff00000,0x0000000ec0000000) (1024K)]
  0x000001d0afa201d0 JavaThread "Unconstrained build operations Thread 7"        [_thread_blocked, id=50604, stack(0x0000000ec0000000,0x0000000ec0100000) (1024K)]
  0x000001d0afa1cd50 JavaThread "Unconstrained build operations Thread 8"        [_thread_blocked, id=24856, stack(0x0000000ec0100000,0x0000000ec0200000) (1024K)]
  0x000001d0afa1e790 JavaThread "Unconstrained build operations Thread 9"        [_thread_blocked, id=31388, stack(0x0000000ec0200000,0x0000000ec0300000) (1024K)]
  0x000001d0afa20860 JavaThread "Unconstrained build operations Thread 10"        [_thread_blocked, id=6236, stack(0x0000000ec0300000,0x0000000ec0400000) (1024K)]
  0x000001d0afa1d3e0 JavaThread "Unconstrained build operations Thread 11"        [_thread_blocked, id=6264, stack(0x0000000ec0400000,0x0000000ec0500000) (1024K)]
  0x000001d0afa20ef0 JavaThread "Unconstrained build operations Thread 12"        [_thread_blocked, id=5904, stack(0x0000000ec0500000,0x0000000ec0600000) (1024K)]
  0x000001d0afa1da70 JavaThread "Unconstrained build operations Thread 13"        [_thread_blocked, id=32644, stack(0x0000000ec0600000,0x0000000ec0700000) (1024K)]
  0x000001d0afa21580 JavaThread "Unconstrained build operations Thread 14"        [_thread_blocked, id=32056, stack(0x0000000ec0700000,0x0000000ec0800000) (1024K)]
  0x000001d0afa1e100 JavaThread "Unconstrained build operations Thread 15"        [_thread_blocked, id=22136, stack(0x0000000ec0800000,0x0000000ec0900000) (1024K)]
  0x000001d0afa23650 JavaThread "Unconstrained build operations Thread 16"        [_thread_blocked, id=13204, stack(0x0000000ebc100000,0x0000000ebc200000) (1024K)]
  0x000001d0afa21c10 JavaThread "Unconstrained build operations Thread 17"        [_thread_blocked, id=51016, stack(0x0000000ebde00000,0x0000000ebdf00000) (1024K)]
  0x000001d0afa222a0 JavaThread "Unconstrained build operations Thread 18"        [_thread_blocked, id=38904, stack(0x0000000ec0900000,0x0000000ec0a00000) (1024K)]
  0x000001d0afa22930 JavaThread "Unconstrained build operations Thread 19"        [_thread_blocked, id=43356, stack(0x0000000ec0a00000,0x0000000ec0b00000) (1024K)]
  0x000001d0afa22fc0 JavaThread "Unconstrained build operations Thread 20"        [_thread_blocked, id=50460, stack(0x0000000ec0b00000,0x0000000ec0c00000) (1024K)]
  0x000001d0ae559390 JavaThread "Unconstrained build operations Thread 21"        [_thread_blocked, id=10236, stack(0x0000000ec0c00000,0x0000000ec0d00000) (1024K)]
  0x000001d0ae55b460 JavaThread "Unconstrained build operations Thread 22"        [_thread_blocked, id=14112, stack(0x0000000ec0d00000,0x0000000ec0e00000) (1024K)]
  0x000001d0ae558d00 JavaThread "Unconstrained build operations Thread 23"        [_thread_blocked, id=13532, stack(0x0000000ec0e00000,0x0000000ec0f00000) (1024K)]
  0x000001d0ae559a20 JavaThread "Unconstrained build operations Thread 24"        [_thread_blocked, id=46652, stack(0x0000000ec0f00000,0x0000000ec1000000) (1024K)]
  0x000001d0ae55a0b0 JavaThread "Unconstrained build operations Thread 25"        [_thread_blocked, id=46352, stack(0x0000000ec1000000,0x0000000ec1100000) (1024K)]
  0x000001d0ae557fe0 JavaThread "Unconstrained build operations Thread 26"        [_thread_blocked, id=53632, stack(0x0000000ec1100000,0x0000000ec1200000) (1024K)]
  0x000001d0ae55a740 JavaThread "Unconstrained build operations Thread 27"        [_thread_blocked, id=54484, stack(0x0000000ec1200000,0x0000000ec1300000) (1024K)]
  0x000001d0ae55add0 JavaThread "Unconstrained build operations Thread 28"        [_thread_blocked, id=17640, stack(0x0000000ec1300000,0x0000000ec1400000) (1024K)]
  0x000001d0ae55baf0 JavaThread "Unconstrained build operations Thread 29"        [_thread_blocked, id=18524, stack(0x0000000ec1400000,0x0000000ec1500000) (1024K)]
  0x000001d0ae558670 JavaThread "Unconstrained build operations Thread 30"        [_thread_blocked, id=48636, stack(0x0000000ec1500000,0x0000000ec1600000) (1024K)]
  0x000001d0ae55e8e0 JavaThread "Unconstrained build operations Thread 31"        [_thread_blocked, id=16912, stack(0x0000000ec1600000,0x0000000ec1700000) (1024K)]
  0x000001d0ae55d530 JavaThread "Unconstrained build operations Thread 32"        [_thread_blocked, id=25544, stack(0x0000000ec1700000,0x0000000ec1800000) (1024K)]
  0x000001d0ae55e250 JavaThread "Unconstrained build operations Thread 33"        [_thread_blocked, id=33532, stack(0x0000000ec1800000,0x0000000ec1900000) (1024K)]
  0x000001d0ae55ef70 JavaThread "Unconstrained build operations Thread 34"        [_thread_blocked, id=20320, stack(0x0000000ec1900000,0x0000000ec1a00000) (1024K)]
  0x000001d0ae55dbc0 JavaThread "Unconstrained build operations Thread 35"        [_thread_blocked, id=39812, stack(0x0000000ec1a00000,0x0000000ec1b00000) (1024K)]
  0x000001d0ae55f600 JavaThread "Unconstrained build operations Thread 36"        [_thread_blocked, id=53828, stack(0x0000000ec1b00000,0x0000000ec1c00000) (1024K)]
  0x000001d0ae55c180 JavaThread "Unconstrained build operations Thread 37"        [_thread_blocked, id=53936, stack(0x0000000ec1c00000,0x0000000ec1d00000) (1024K)]
  0x000001d0ae55c810 JavaThread "Unconstrained build operations Thread 38"        [_thread_blocked, id=24304, stack(0x0000000ec1d00000,0x0000000ec1e00000) (1024K)]
  0x000001d0ae55cea0 JavaThread "Unconstrained build operations Thread 39"        [_thread_blocked, id=55196, stack(0x0000000ec1e00000,0x0000000ec1f00000) (1024K)]
  0x000001d0aebc2a70 JavaThread "Unconstrained build operations Thread 40"        [_thread_blocked, id=54520, stack(0x0000000ec1f00000,0x0000000ec2000000) (1024K)]
  0x000001d0aebc3e20 JavaThread "Unconstrained build operations Thread 41"        [_thread_blocked, id=53496, stack(0x0000000ec2000000,0x0000000ec2100000) (1024K)]
  0x000001d0aebc3790 JavaThread "Unconstrained build operations Thread 42"        [_thread_blocked, id=37184, stack(0x0000000ec2100000,0x0000000ec2200000) (1024K)]
  0x000001d0aebc3100 JavaThread "Unconstrained build operations Thread 43"        [_thread_blocked, id=40832, stack(0x0000000ec2200000,0x0000000ec2300000) (1024K)]
  0x000001d0aebc44b0 JavaThread "Unconstrained build operations Thread 44"        [_thread_blocked, id=48640, stack(0x0000000ec2300000,0x0000000ec2400000) (1024K)]
  0x000001d0aebc4b40 JavaThread "Unconstrained build operations Thread 45"        [_thread_blocked, id=46876, stack(0x0000000ec2400000,0x0000000ec2500000) (1024K)]
  0x000001d0aebc16c0 JavaThread "File lock release action executor Thread 2"        [_thread_blocked, id=50972, stack(0x0000000ebee00000,0x0000000ebef00000) (1024K)]
  0x000001d0aebc51d0 JavaThread "Memory manager"                    [_thread_blocked, id=23268, stack(0x0000000ec2700000,0x0000000ec2800000) (1024K)]
  0x000001d0aebc6c10 JavaThread "build event listener"              [_thread_blocked, id=53408, stack(0x0000000ec2800000,0x0000000ec2900000) (1024K)]
  0x000001d0aebc7fc0 JavaThread "Unconstrained build operations Thread 46"        [_thread_blocked, id=54780, stack(0x0000000ec2900000,0x0000000ec2a00000) (1024K)]
  0x000001d0aebc7930 JavaThread "Unconstrained build operations Thread 47"        [_thread_blocked, id=54180, stack(0x0000000ec2a00000,0x0000000ec2b00000) (1024K)]
  0x000001d0aebc5860 JavaThread "Unconstrained build operations Thread 48"        [_thread_blocked, id=51796, stack(0x0000000ec2b00000,0x0000000ec2c00000) (1024K)]
  0x000001d0aebc8650 JavaThread "Unconstrained build operations Thread 49"        [_thread_blocked, id=13404, stack(0x0000000ec2c00000,0x0000000ec2d00000) (1024K)]
  0x000001d0aebc8ce0 JavaThread "Unconstrained build operations Thread 50"        [_thread_blocked, id=53608, stack(0x0000000ec2d00000,0x0000000ec2e00000) (1024K)]
  0x000001d0adc20a70 JavaThread "Unconstrained build operations Thread 51"        [_thread_blocked, id=24948, stack(0x0000000ec2e00000,0x0000000ec2f00000) (1024K)]
  0x000001d0ae4232f0 JavaThread "Unconstrained build operations Thread 52"        [_thread_blocked, id=47588, stack(0x0000000ec2f00000,0x0000000ec3000000) (1024K)]
  0x000001d0b136b6c0 JavaThread "Unconstrained build operations Thread 53"        [_thread_blocked, id=51676, stack(0x0000000ec3000000,0x0000000ec3100000) (1024K)]
  0x000001d0b136ca70 JavaThread "Unconstrained build operations Thread 54"        [_thread_blocked, id=42972, stack(0x0000000ec2500000,0x0000000ec2600000) (1024K)]
  0x000001d0b136d790 JavaThread "Unconstrained build operations Thread 55"        [_thread_blocked, id=53824, stack(0x0000000ec2600000,0x0000000ec2700000) (1024K)]
  0x000001d0b136e4b0 JavaThread "Unconstrained build operations Thread 56"        [_thread_blocked, id=3012, stack(0x0000000ec3100000,0x0000000ec3200000) (1024K)]
  0x000001d0b136de20 JavaThread "Unconstrained build operations Thread 57"        [_thread_blocked, id=29424, stack(0x0000000ec3200000,0x0000000ec3300000) (1024K)]
  0x000001d0b136c3e0 JavaThread "Unconstrained build operations Thread 58"        [_thread_blocked, id=25384, stack(0x0000000ec3300000,0x0000000ec3400000) (1024K)]
  0x000001d0b136bd50 JavaThread "Unconstrained build operations Thread 59"        [_thread_blocked, id=51252, stack(0x0000000ec3400000,0x0000000ec3500000) (1024K)]
  0x000001d0b1370580 JavaThread "Unconstrained build operations Thread 60"        [_thread_blocked, id=13012, stack(0x0000000ec3500000,0x0000000ec3600000) (1024K)]
  0x000001d0b136fef0 JavaThread "Unconstrained build operations Thread 61"        [_thread_blocked, id=18660, stack(0x0000000ec3600000,0x0000000ec3700000) (1024K)]
  0x000001d0b136d100 JavaThread "Unconstrained build operations Thread 62"        [_thread_blocked, id=49872, stack(0x0000000ec3700000,0x0000000ec3800000) (1024K)]
  0x000001d0b136f860 JavaThread "Unconstrained build operations Thread 63"        [_thread_blocked, id=51344, stack(0x0000000ec3800000,0x0000000ec3900000) (1024K)]
  0x000001d0b1370c10 JavaThread "Unconstrained build operations Thread 64"        [_thread_blocked, id=54668, stack(0x0000000ec3900000,0x0000000ec3a00000) (1024K)]
  0x000001d0b1371fc0 JavaThread "Unconstrained build operations Thread 65"        [_thread_blocked, id=51156, stack(0x0000000ec3a00000,0x0000000ec3b00000) (1024K)]
  0x000001d0b136f1d0 JavaThread "Unconstrained build operations Thread 66"        [_thread_blocked, id=6020, stack(0x0000000ec3b00000,0x0000000ec3c00000) (1024K)]
  0x000001d0b13712a0 JavaThread "Unconstrained build operations Thread 67"        [_thread_blocked, id=37216, stack(0x0000000ec3c00000,0x0000000ec3d00000) (1024K)]
  0x000001d0b1371930 JavaThread "Unconstrained build operations Thread 68"        [_thread_blocked, id=49496, stack(0x0000000ec3d00000,0x0000000ec3e00000) (1024K)]
  0x000001d0b136eb40 JavaThread "Unconstrained build operations Thread 69"        [_thread_blocked, id=31828, stack(0x0000000ec3e00000,0x0000000ec3f00000) (1024K)]
  0x000001d0b1372650 JavaThread "included builds"                   [_thread_blocked, id=37828, stack(0x0000000ec3f00000,0x0000000ec4000000) (1024K)]
  0x000001d0b1372ce0 JavaThread "Execution worker"                  [_thread_blocked, id=24700, stack(0x0000000ec4000000,0x0000000ec4100000) (1024K)]
  0x000001d0b137d7c0 JavaThread "Execution worker Thread 2"         [_thread_in_vm, id=42296, stack(0x0000000ec4100000,0x0000000ec4200000) (1024K)]
  0x000001d0b137d130 JavaThread "Execution worker Thread 3"         [_thread_blocked, id=7996, stack(0x0000000ec4200000,0x0000000ec4300000) (1024K)]
  0x000001d0b137c410 JavaThread "Execution worker Thread 4"         [_thread_blocked, id=49836, stack(0x0000000ec4300000,0x0000000ec4400000) (1024K)]
  0x000001d0b137de50 JavaThread "Execution worker Thread 5"         [_thread_blocked, id=42428, stack(0x0000000ec4400000,0x0000000ec4500000) (1024K)]
  0x000001d0b137e4e0 JavaThread "Execution worker Thread 6"         [_thread_blocked, id=4692, stack(0x0000000ec4500000,0x0000000ec4600000) (1024K)]
  0x000001d0b137caa0 JavaThread "Execution worker Thread 7"         [_thread_blocked, id=28684, stack(0x0000000ec4600000,0x0000000ec4700000) (1024K)]
  0x000001d0b137eb70 JavaThread "Execution worker Thread 8"         [_thread_blocked, id=11340, stack(0x0000000ec4700000,0x0000000ec4800000) (1024K)]
  0x000001d0b137b6f0 JavaThread "Execution worker Thread 9"         [_thread_blocked, id=37876, stack(0x0000000ec4800000,0x0000000ec4900000) (1024K)]
  0x000001d0b137bd80 JavaThread "Execution worker Thread 10"        [_thread_blocked, id=55036, stack(0x0000000ec4900000,0x0000000ec4a00000) (1024K)]
  0x000001d0b08ca180 JavaThread "Execution worker Thread 11"        [_thread_blocked, id=5432, stack(0x0000000ec4a00000,0x0000000ec4b00000) (1024K)]
  0x000001d0b08c8dd0 JavaThread "Execution worker Thread 12"        [_thread_blocked, id=9984, stack(0x0000000ec4b00000,0x0000000ec4c00000) (1024K)]
  0x000001d0b08c9af0 JavaThread "Execution worker Thread 13"        [_thread_blocked, id=21412, stack(0x0000000ec4c00000,0x0000000ec4d00000) (1024K)]
  0x000001d0b08c9460 JavaThread "Execution worker Thread 14"        [_thread_blocked, id=6892, stack(0x0000000ec4d00000,0x0000000ec4e00000) (1024K)]
  0x000001d0b08ca810 JavaThread "Execution worker Thread 15"        [_thread_blocked, id=50352, stack(0x0000000ec4e00000,0x0000000ec4f00000) (1024K)]
  0x000001d0b08cb530 JavaThread "Cache worker for execution history cache (C:\Users\Anshika\Documents\Pull-Up\Pull-up\pullup\node_modules\expo-modules-autolinking\android\expo-gradle-plugin\.gradle\8.9\executionHistory)"        [_thread_blocked, id=49276, stack(0x0000000ec4f00000,0x0000000ec5000000) (1024K)]
Total: 123

Other Threads:
  0x000001d09313b800 VMThread "VM Thread"                           [id=50548, stack(0x0000000ebc900000,0x0000000ebca00000) (1024K)]
  0x000001d09312e520 WatcherThread "VM Periodic Task Thread"        [id=23084, stack(0x0000000ebc800000,0x0000000ebc900000) (1024K)]
  0x000001d0fcccf410 WorkerThread "GC Thread#0"                     [id=26536, stack(0x0000000ebc300000,0x0000000ebc400000) (1024K)]
  0x000001d0935590c0 WorkerThread "GC Thread#1"                     [id=50868, stack(0x0000000ebd500000,0x0000000ebd600000) (1024K)]
  0x000001d0935be7b0 WorkerThread "GC Thread#2"                     [id=43048, stack(0x0000000ebd600000,0x0000000ebd700000) (1024K)]
  0x000001d0935beb60 WorkerThread "GC Thread#3"                     [id=47948, stack(0x0000000ebd700000,0x0000000ebd800000) (1024K)]
  0x000001d0935bef10 WorkerThread "GC Thread#4"                     [id=49984, stack(0x0000000ebd800000,0x0000000ebd900000) (1024K)]
  0x000001d0938b3790 WorkerThread "GC Thread#5"                     [id=50500, stack(0x0000000ebd900000,0x0000000ebda00000) (1024K)]
  0x000001d0adbacb30 WorkerThread "GC Thread#6"                     [id=22420, stack(0x0000000ebda00000,0x0000000ebdb00000) (1024K)]
  0x000001d0adbad290 WorkerThread "GC Thread#7"                     [id=25868, stack(0x0000000ebe100000,0x0000000ebe200000) (1024K)]
  0x000001d0adbadda0 WorkerThread "GC Thread#8"                     [id=51984, stack(0x0000000ebe200000,0x0000000ebe300000) (1024K)]
  0x000001d0adbac780 WorkerThread "GC Thread#9"                     [id=52124, stack(0x0000000ebe300000,0x0000000ebe400000) (1024K)]
  0x000001d0adbacee0 WorkerThread "GC Thread#10"                    [id=52252, stack(0x0000000ebe400000,0x0000000ebe500000) (1024K)]
  0x000001d0adbad640 WorkerThread "GC Thread#11"                    [id=54052, stack(0x0000000ebe500000,0x0000000ebe600000) (1024K)]
  0x000001d0adbad9f0 WorkerThread "GC Thread#12"                    [id=52580, stack(0x0000000ebe600000,0x0000000ebe700000) (1024K)]
  0x000001d0fccd4b20 ConcurrentGCThread "G1 Main Marker"            [id=51488, stack(0x0000000ebc400000,0x0000000ebc500000) (1024K)]
  0x000001d0fccd5540 WorkerThread "G1 Conc#0"                       [id=35636, stack(0x0000000ebc500000,0x0000000ebc600000) (1024K)]
  0x000001d0ad5e88a0 WorkerThread "G1 Conc#1"                       [id=12704, stack(0x0000000ebd200000,0x0000000ebd300000) (1024K)]
  0x000001d0ad5e6770 WorkerThread "G1 Conc#2"                       [id=53672, stack(0x0000000ebf000000,0x0000000ebf100000) (1024K)]
  0x000001d092ffc1c0 ConcurrentGCThread "G1 Refine#0"               [id=28896, stack(0x0000000ebc600000,0x0000000ebc700000) (1024K)]
  0x000001d092ffcb50 ConcurrentGCThread "G1 Service"                [id=26936, stack(0x0000000ebc700000,0x0000000ebc800000) (1024K)]
Total: 21

Threads with active compile tasks:
C2 CompilerThread0  568099 9886       4       java.beans.MethodRef::set (58 bytes)
Total: 1

VM state: not at safepoint (normal execution)

VM Mutex/Monitor currently owned by a thread: None

Heap address: 0x00000000e0000000, size: 512 MB, Compressed Oops mode: 32-bit

CDS archive(s) mapped at: [0x000001d094000000-0x000001d094ba0000-0x000001d094ba0000), size 12189696, SharedBaseAddress: 0x000001d094000000, ArchiveRelocationMode: 1.
Compressed class space mapped at: 0x000001d095000000-0x000001d0a9000000, reserved size: 335544320
Narrow klass base: 0x000001d094000000, Narrow klass shift: 0, Narrow klass range: 0x100000000

GC Precious Log:
 CardTable entry size: 512
 Card Set container configuration: InlinePtr #cards 5 size 8 Array Of Cards #cards 12 size 40 Howl #buckets 4 coarsen threshold 1843 Howl Bitmap #cards 512 size 80 coarsen threshold 460 Card regions per heap region 1 cards per card region 2048
 CPUs: 16 total, 16 available
 Memory: 15654M
 Large Page Support: Disabled
 NUMA Support: Disabled
 Compressed Oops: Enabled (32-bit)
 Heap Region Size: 1M
 Heap Min Capacity: 256M
 Heap Initial Capacity: 256M
 Heap Max Capacity: 512M
 Pre-touch: Disabled
 Parallel Workers: 13
 Concurrent Workers: 3
 Concurrent Refinement Workers: 13
 Periodic GC: Disabled

Heap:
 garbage-first heap   total 262144K, used 110807K [0x00000000e0000000, 0x0000000100000000)
  region size 1024K, 55 young (56320K), 4 survivors (4096K)
 Metaspace       used 70396K, committed 72448K, reserved 393216K
  class space    used 10219K, committed 11200K, reserved 327680K

Heap Regions: E=young(eden), S=young(survivor), O=old, HS=humongous(starts), HC=humongous(continues), CS=collection set, F=free, TAMS=top-at-mark-start, PB=parsable bottom
|   0|0x00000000e0000000, 0x00000000e0100000, 0x00000000e0100000|100%|HS|  |TAMS 0x00000000e0000000| PB 0x00000000e0000000| Complete 
|   1|0x00000000e0100000, 0x00000000e0200000, 0x00000000e0200000|100%|HC|  |TAMS 0x00000000e0100000| PB 0x00000000e0100000| Complete 
|   2|0x00000000e0200000, 0x00000000e0300000, 0x00000000e0300000|100%|HC|  |TAMS 0x00000000e0200000| PB 0x00000000e0200000| Complete 
|   3|0x00000000e0300000, 0x00000000e0400000, 0x00000000e0400000|100%|HC|  |TAMS 0x00000000e0300000| PB 0x00000000e0300000| Complete 
|   4|0x00000000e0400000, 0x00000000e0500000, 0x00000000e0500000|100%| O|  |TAMS 0x00000000e0400000| PB 0x00000000e0400000| Untracked 
|   5|0x00000000e0500000, 0x00000000e0600000, 0x00000000e0600000|100%| O|  |TAMS 0x00000000e0500000| PB 0x00000000e0500000| Untracked 
|   6|0x00000000e0600000, 0x00000000e0700000, 0x00000000e0700000|100%| O|  |TAMS 0x00000000e0600000| PB 0x00000000e0600000| Untracked 
|   7|0x00000000e0700000, 0x00000000e0800000, 0x00000000e0800000|100%| O|  |TAMS 0x00000000e0700000| PB 0x00000000e0700000| Untracked 
|   8|0x00000000e0800000, 0x00000000e0900000, 0x00000000e0900000|100%| O|  |TAMS 0x00000000e0800000| PB 0x00000000e0800000| Untracked 
|   9|0x00000000e0900000, 0x00000000e0a00000, 0x00000000e0a00000|100%| O|  |TAMS 0x00000000e0900000| PB 0x00000000e0900000| Untracked 
|  10|0x00000000e0a00000, 0x00000000e0b00000, 0x00000000e0b00000|100%|HS|  |TAMS 0x00000000e0a00000| PB 0x00000000e0a00000| Complete 
|  11|0x00000000e0b00000, 0x00000000e0c00000, 0x00000000e0c00000|100%| O|  |TAMS 0x00000000e0b00000| PB 0x00000000e0b00000| Untracked 
|  12|0x00000000e0c00000, 0x00000000e0d00000, 0x00000000e0d00000|100%| O|  |TAMS 0x00000000e0c00000| PB 0x00000000e0c00000| Untracked 
|  13|0x00000000e0d00000, 0x00000000e0e00000, 0x00000000e0e00000|100%| O|  |TAMS 0x00000000e0d00000| PB 0x00000000e0d00000| Untracked 
|  14|0x00000000e0e00000, 0x00000000e0f00000, 0x00000000e0f00000|100%| O|  |TAMS 0x00000000e0e00000| PB 0x00000000e0e00000| Untracked 
|  15|0x00000000e0f00000, 0x00000000e1000000, 0x00000000e1000000|100%| O|  |TAMS 0x00000000e0f00000| PB 0x00000000e0f00000| Untracked 
|  16|0x00000000e1000000, 0x00000000e1100000, 0x00000000e1100000|100%| O|  |TAMS 0x00000000e1000000| PB 0x00000000e1000000| Untracked 
|  17|0x00000000e1100000, 0x00000000e1200000, 0x00000000e1200000|100%| O|  |TAMS 0x00000000e1100000| PB 0x00000000e1100000| Untracked 
|  18|0x00000000e1200000, 0x00000000e1300000, 0x00000000e1300000|100%| O|  |TAMS 0x00000000e1200000| PB 0x00000000e1200000| Untracked 
|  19|0x00000000e1300000, 0x00000000e1400000, 0x00000000e1400000|100%| O|  |TAMS 0x00000000e1300000| PB 0x00000000e1300000| Untracked 
|  20|0x00000000e1400000, 0x00000000e1500000, 0x00000000e1500000|100%| O|  |TAMS 0x00000000e1400000| PB 0x00000000e1400000| Untracked 
|  21|0x00000000e1500000, 0x00000000e1600000, 0x00000000e1600000|100%| O|  |TAMS 0x00000000e1500000| PB 0x00000000e1500000| Untracked 
|  22|0x00000000e1600000, 0x00000000e1700000, 0x00000000e1700000|100%| O|  |TAMS 0x00000000e1600000| PB 0x00000000e1600000| Untracked 
|  23|0x00000000e1700000, 0x00000000e1800000, 0x00000000e1800000|100%| O|  |TAMS 0x00000000e1700000| PB 0x00000000e1700000| Untracked 
|  24|0x00000000e1800000, 0x00000000e1900000, 0x00000000e1900000|100%| O|  |TAMS 0x00000000e1800000| PB 0x00000000e1800000| Untracked 
|  25|0x00000000e1900000, 0x00000000e1a00000, 0x00000000e1a00000|100%| O|  |TAMS 0x00000000e1900000| PB 0x00000000e1900000| Untracked 
|  26|0x00000000e1a00000, 0x00000000e1b00000, 0x00000000e1b00000|100%| O|  |TAMS 0x00000000e1a00000| PB 0x00000000e1a00000| Untracked 
|  27|0x00000000e1b00000, 0x00000000e1c00000, 0x00000000e1c00000|100%| O|  |TAMS 0x00000000e1b00000| PB 0x00000000e1b00000| Untracked 
|  28|0x00000000e1c00000, 0x00000000e1d00000, 0x00000000e1d00000|100%| O|  |TAMS 0x00000000e1c00000| PB 0x00000000e1c00000| Untracked 
|  29|0x00000000e1d00000, 0x00000000e1d00000, 0x00000000e1e00000|  0%| F|  |TAMS 0x00000000e1d00000| PB 0x00000000e1d00000| Untracked 
|  30|0x00000000e1e00000, 0x00000000e1f00000, 0x00000000e1f00000|100%|HS|  |TAMS 0x00000000e1e00000| PB 0x00000000e1e00000| Complete 
|  31|0x00000000e1f00000, 0x00000000e2000000, 0x00000000e2000000|100%|HC|  |TAMS 0x00000000e1f00000| PB 0x00000000e1f00000| Complete 
|  32|0x00000000e2000000, 0x00000000e2100000, 0x00000000e2100000|100%|HC|  |TAMS 0x00000000e2000000| PB 0x00000000e2000000| Complete 
|  33|0x00000000e2100000, 0x00000000e2200000, 0x00000000e2200000|100%|HS|  |TAMS 0x00000000e2100000| PB 0x00000000e2100000| Complete 
|  34|0x00000000e2200000, 0x00000000e2300000, 0x00000000e2300000|100%|HC|  |TAMS 0x00000000e2200000| PB 0x00000000e2200000| Complete 
|  35|0x00000000e2300000, 0x00000000e2400000, 0x00000000e2400000|100%|HC|  |TAMS 0x00000000e2300000| PB 0x00000000e2300000| Complete 
|  36|0x00000000e2400000, 0x00000000e2500000, 0x00000000e2500000|100%| O|  |TAMS 0x00000000e2400000| PB 0x00000000e2400000| Untracked 
|  37|0x00000000e2500000, 0x00000000e2600000, 0x00000000e2600000|100%| O|  |TAMS 0x00000000e2500000| PB 0x00000000e2500000| Untracked 
|  38|0x00000000e2600000, 0x00000000e2700000, 0x00000000e2700000|100%| O|  |TAMS 0x00000000e2600000| PB 0x00000000e2600000| Untracked 
|  39|0x00000000e2700000, 0x00000000e2800000, 0x00000000e2800000|100%| O|  |TAMS 0x00000000e2700000| PB 0x00000000e2700000| Untracked 
|  40|0x00000000e2800000, 0x00000000e2900000, 0x00000000e2900000|100%| O|  |TAMS 0x00000000e2800000| PB 0x00000000e2800000| Untracked 
|  41|0x00000000e2900000, 0x00000000e2a00000, 0x00000000e2a00000|100%| O|  |TAMS 0x00000000e2900000| PB 0x00000000e2900000| Untracked 
|  42|0x00000000e2a00000, 0x00000000e2b00000, 0x00000000e2b00000|100%| O|  |TAMS 0x00000000e2a00000| PB 0x00000000e2a00000| Untracked 
|  43|0x00000000e2b00000, 0x00000000e2c00000, 0x00000000e2c00000|100%| O|  |TAMS 0x00000000e2b00000| PB 0x00000000e2b00000| Untracked 
|  44|0x00000000e2c00000, 0x00000000e2d00000, 0x00000000e2d00000|100%| O|  |TAMS 0x00000000e2c00000| PB 0x00000000e2c00000| Untracked 
|  45|0x00000000e2d00000, 0x00000000e2e00000, 0x00000000e2e00000|100%| O|  |TAMS 0x00000000e2d00000| PB 0x00000000e2d00000| Untracked 
|  46|0x00000000e2e00000, 0x00000000e2f00000, 0x00000000e2f00000|100%| O|  |TAMS 0x00000000e2e00000| PB 0x00000000e2e00000| Untracked 
|  47|0x00000000e2f00000, 0x00000000e3000000, 0x00000000e3000000|100%| O|  |TAMS 0x00000000e2f00000| PB 0x00000000e2f00000| Untracked 
|  48|0x00000000e3000000, 0x00000000e3100000, 0x00000000e3100000|100%| O|  |TAMS 0x00000000e3000000| PB 0x00000000e3000000| Untracked 
|  49|0x00000000e3100000, 0x00000000e3200000, 0x00000000e3200000|100%| O|  |TAMS 0x00000000e3100000| PB 0x00000000e3100000| Untracked 
|  50|0x00000000e3200000, 0x00000000e3300000, 0x00000000e3300000|100%| O|  |TAMS 0x00000000e3200000| PB 0x00000000e3200000| Untracked 
|  51|0x00000000e3300000, 0x00000000e3400000, 0x00000000e3400000|100%| O|  |TAMS 0x00000000e3300000| PB 0x00000000e3300000| Untracked 
|  52|0x00000000e3400000, 0x00000000e3500000, 0x00000000e3500000|100%| O|  |TAMS 0x00000000e3400000| PB 0x00000000e3400000| Untracked 
|  53|0x00000000e3500000, 0x00000000e3600000, 0x00000000e3600000|100%| O|  |TAMS 0x00000000e3500000| PB 0x00000000e3500000| Untracked 
|  54|0x00000000e3600000, 0x00000000e3700000, 0x00000000e3700000|100%| O|  |TAMS 0x00000000e3600000| PB 0x00000000e3600000| Untracked 
|  55|0x00000000e3700000, 0x00000000e3800000, 0x00000000e3800000|100%| O|  |TAMS 0x00000000e3700000| PB 0x00000000e3700000| Untracked 
|  56|0x00000000e3800000, 0x00000000e3878510, 0x00000000e3900000| 46%| O|  |TAMS 0x00000000e3800000| PB 0x00000000e3800000| Untracked 
|  57|0x00000000e3900000, 0x00000000e3900000, 0x00000000e3a00000|  0%| F|  |TAMS 0x00000000e3900000| PB 0x00000000e3900000| Untracked 
|  58|0x00000000e3a00000, 0x00000000e3a00000, 0x00000000e3b00000|  0%| F|  |TAMS 0x00000000e3a00000| PB 0x00000000e3a00000| Untracked 
|  59|0x00000000e3b00000, 0x00000000e3b00000, 0x00000000e3c00000|  0%| F|  |TAMS 0x00000000e3b00000| PB 0x00000000e3b00000| Untracked 
|  60|0x00000000e3c00000, 0x00000000e3c00000, 0x00000000e3d00000|  0%| F|  |TAMS 0x00000000e3c00000| PB 0x00000000e3c00000| Untracked 
|  61|0x00000000e3d00000, 0x00000000e3d00000, 0x00000000e3e00000|  0%| F|  |TAMS 0x00000000e3d00000| PB 0x00000000e3d00000| Untracked 
|  62|0x00000000e3e00000, 0x00000000e3e00000, 0x00000000e3f00000|  0%| F|  |TAMS 0x00000000e3e00000| PB 0x00000000e3e00000| Untracked 
|  63|0x00000000e3f00000, 0x00000000e3f00000, 0x00000000e4000000|  0%| F|  |TAMS 0x00000000e3f00000| PB 0x00000000e3f00000| Untracked 
|  64|0x00000000e4000000, 0x00000000e4000000, 0x00000000e4100000|  0%| F|  |TAMS 0x00000000e4000000| PB 0x00000000e4000000| Untracked 
|  65|0x00000000e4100000, 0x00000000e4100000, 0x00000000e4200000|  0%| F|  |TAMS 0x00000000e4100000| PB 0x00000000e4100000| Untracked 
|  66|0x00000000e4200000, 0x00000000e4200000, 0x00000000e4300000|  0%| F|  |TAMS 0x00000000e4200000| PB 0x00000000e4200000| Untracked 
|  67|0x00000000e4300000, 0x00000000e4300000, 0x00000000e4400000|  0%| F|  |TAMS 0x00000000e4300000| PB 0x00000000e4300000| Untracked 
|  68|0x00000000e4400000, 0x00000000e4400000, 0x00000000e4500000|  0%| F|  |TAMS 0x00000000e4400000| PB 0x00000000e4400000| Untracked 
|  69|0x00000000e4500000, 0x00000000e4500000, 0x00000000e4600000|  0%| F|  |TAMS 0x00000000e4500000| PB 0x00000000e4500000| Untracked 
|  70|0x00000000e4600000, 0x00000000e4600000, 0x00000000e4700000|  0%| F|  |TAMS 0x00000000e4600000| PB 0x00000000e4600000| Untracked 
|  71|0x00000000e4700000, 0x00000000e4700000, 0x00000000e4800000|  0%| F|  |TAMS 0x00000000e4700000| PB 0x00000000e4700000| Untracked 
|  72|0x00000000e4800000, 0x00000000e4800000, 0x00000000e4900000|  0%| F|  |TAMS 0x00000000e4800000| PB 0x00000000e4800000| Untracked 
|  73|0x00000000e4900000, 0x00000000e4900000, 0x00000000e4a00000|  0%| F|  |TAMS 0x00000000e4900000| PB 0x00000000e4900000| Untracked 
|  74|0x00000000e4a00000, 0x00000000e4a00000, 0x00000000e4b00000|  0%| F|  |TAMS 0x00000000e4a00000| PB 0x00000000e4a00000| Untracked 
|  75|0x00000000e4b00000, 0x00000000e4b00000, 0x00000000e4c00000|  0%| F|  |TAMS 0x00000000e4b00000| PB 0x00000000e4b00000| Untracked 
|  76|0x00000000e4c00000, 0x00000000e4c00000, 0x00000000e4d00000|  0%| F|  |TAMS 0x00000000e4c00000| PB 0x00000000e4c00000| Untracked 
|  77|0x00000000e4d00000, 0x00000000e4d00000, 0x00000000e4e00000|  0%| F|  |TAMS 0x00000000e4d00000| PB 0x00000000e4d00000| Untracked 
|  78|0x00000000e4e00000, 0x00000000e4e00000, 0x00000000e4f00000|  0%| F|  |TAMS 0x00000000e4e00000| PB 0x00000000e4e00000| Untracked 
|  79|0x00000000e4f00000, 0x00000000e4f00000, 0x00000000e5000000|  0%| F|  |TAMS 0x00000000e4f00000| PB 0x00000000e4f00000| Untracked 
|  80|0x00000000e5000000, 0x00000000e5000000, 0x00000000e5100000|  0%| F|  |TAMS 0x00000000e5000000| PB 0x00000000e5000000| Untracked 
|  81|0x00000000e5100000, 0x00000000e5100000, 0x00000000e5200000|  0%| F|  |TAMS 0x00000000e5100000| PB 0x00000000e5100000| Untracked 
|  82|0x00000000e5200000, 0x00000000e5200000, 0x00000000e5300000|  0%| F|  |TAMS 0x00000000e5200000| PB 0x00000000e5200000| Untracked 
|  83|0x00000000e5300000, 0x00000000e5300000, 0x00000000e5400000|  0%| F|  |TAMS 0x00000000e5300000| PB 0x00000000e5300000| Untracked 
|  84|0x00000000e5400000, 0x00000000e5400000, 0x00000000e5500000|  0%| F|  |TAMS 0x00000000e5400000| PB 0x00000000e5400000| Untracked 
|  85|0x00000000e5500000, 0x00000000e5500000, 0x00000000e5600000|  0%| F|  |TAMS 0x00000000e5500000| PB 0x00000000e5500000| Untracked 
|  86|0x00000000e5600000, 0x00000000e5600000, 0x00000000e5700000|  0%| F|  |TAMS 0x00000000e5600000| PB 0x00000000e5600000| Untracked 
|  87|0x00000000e5700000, 0x00000000e5700000, 0x00000000e5800000|  0%| F|  |TAMS 0x00000000e5700000| PB 0x00000000e5700000| Untracked 
|  88|0x00000000e5800000, 0x00000000e5800000, 0x00000000e5900000|  0%| F|  |TAMS 0x00000000e5800000| PB 0x00000000e5800000| Untracked 
|  89|0x00000000e5900000, 0x00000000e5900000, 0x00000000e5a00000|  0%| F|  |TAMS 0x00000000e5900000| PB 0x00000000e5900000| Untracked 
|  90|0x00000000e5a00000, 0x00000000e5a00000, 0x00000000e5b00000|  0%| F|  |TAMS 0x00000000e5a00000| PB 0x00000000e5a00000| Untracked 
|  91|0x00000000e5b00000, 0x00000000e5b00000, 0x00000000e5c00000|  0%| F|  |TAMS 0x00000000e5b00000| PB 0x00000000e5b00000| Untracked 
|  92|0x00000000e5c00000, 0x00000000e5c00000, 0x00000000e5d00000|  0%| F|  |TAMS 0x00000000e5c00000| PB 0x00000000e5c00000| Untracked 
|  93|0x00000000e5d00000, 0x00000000e5d00000, 0x00000000e5e00000|  0%| F|  |TAMS 0x00000000e5d00000| PB 0x00000000e5d00000| Untracked 
|  94|0x00000000e5e00000, 0x00000000e5e00000, 0x00000000e5f00000|  0%| F|  |TAMS 0x00000000e5e00000| PB 0x00000000e5e00000| Untracked 
|  95|0x00000000e5f00000, 0x00000000e5f00000, 0x00000000e6000000|  0%| F|  |TAMS 0x00000000e5f00000| PB 0x00000000e5f00000| Untracked 
|  96|0x00000000e6000000, 0x00000000e6000000, 0x00000000e6100000|  0%| F|  |TAMS 0x00000000e6000000| PB 0x00000000e6000000| Untracked 
|  97|0x00000000e6100000, 0x00000000e6100000, 0x00000000e6200000|  0%| F|  |TAMS 0x00000000e6100000| PB 0x00000000e6100000| Untracked 
|  98|0x00000000e6200000, 0x00000000e6200000, 0x00000000e6300000|  0%| F|  |TAMS 0x00000000e6200000| PB 0x00000000e6200000| Untracked 
|  99|0x00000000e6300000, 0x00000000e6300000, 0x00000000e6400000|  0%| F|  |TAMS 0x00000000e6300000| PB 0x00000000e6300000| Untracked 
| 100|0x00000000e6400000, 0x00000000e6400000, 0x00000000e6500000|  0%| F|  |TAMS 0x00000000e6400000| PB 0x00000000e6400000| Untracked 
| 101|0x00000000e6500000, 0x00000000e6500000, 0x00000000e6600000|  0%| F|  |TAMS 0x00000000e6500000| PB 0x00000000e6500000| Untracked 
| 102|0x00000000e6600000, 0x00000000e6600000, 0x00000000e6700000|  0%| F|  |TAMS 0x00000000e6600000| PB 0x00000000e6600000| Untracked 
| 103|0x00000000e6700000, 0x00000000e6700000, 0x00000000e6800000|  0%| F|  |TAMS 0x00000000e6700000| PB 0x00000000e6700000| Untracked 
| 104|0x00000000e6800000, 0x00000000e6800000, 0x00000000e6900000|  0%| F|  |TAMS 0x00000000e6800000| PB 0x00000000e6800000| Untracked 
| 105|0x00000000e6900000, 0x00000000e6900000, 0x00000000e6a00000|  0%| F|  |TAMS 0x00000000e6900000| PB 0x00000000e6900000| Untracked 
| 106|0x00000000e6a00000, 0x00000000e6a00000, 0x00000000e6b00000|  0%| F|  |TAMS 0x00000000e6a00000| PB 0x00000000e6a00000| Untracked 
| 107|0x00000000e6b00000, 0x00000000e6b00000, 0x00000000e6c00000|  0%| F|  |TAMS 0x00000000e6b00000| PB 0x00000000e6b00000| Untracked 
| 108|0x00000000e6c00000, 0x00000000e6c00000, 0x00000000e6d00000|  0%| F|  |TAMS 0x00000000e6c00000| PB 0x00000000e6c00000| Untracked 
| 109|0x00000000e6d00000, 0x00000000e6d00000, 0x00000000e6e00000|  0%| F|  |TAMS 0x00000000e6d00000| PB 0x00000000e6d00000| Untracked 
| 110|0x00000000e6e00000, 0x00000000e6e00000, 0x00000000e6f00000|  0%| F|  |TAMS 0x00000000e6e00000| PB 0x00000000e6e00000| Untracked 
| 111|0x00000000e6f00000, 0x00000000e6f00000, 0x00000000e7000000|  0%| F|  |TAMS 0x00000000e6f00000| PB 0x00000000e6f00000| Untracked 
| 112|0x00000000e7000000, 0x00000000e7000000, 0x00000000e7100000|  0%| F|  |TAMS 0x00000000e7000000| PB 0x00000000e7000000| Untracked 
| 113|0x00000000e7100000, 0x00000000e7100000, 0x00000000e7200000|  0%| F|  |TAMS 0x00000000e7100000| PB 0x00000000e7100000| Untracked 
| 114|0x00000000e7200000, 0x00000000e7200000, 0x00000000e7300000|  0%| F|  |TAMS 0x00000000e7200000| PB 0x00000000e7200000| Untracked 
| 115|0x00000000e7300000, 0x00000000e7300000, 0x00000000e7400000|  0%| F|  |TAMS 0x00000000e7300000| PB 0x00000000e7300000| Untracked 
| 116|0x00000000e7400000, 0x00000000e7400000, 0x00000000e7500000|  0%| F|  |TAMS 0x00000000e7400000| PB 0x00000000e7400000| Untracked 
| 117|0x00000000e7500000, 0x00000000e7500000, 0x00000000e7600000|  0%| F|  |TAMS 0x00000000e7500000| PB 0x00000000e7500000| Untracked 
| 118|0x00000000e7600000, 0x00000000e7600000, 0x00000000e7700000|  0%| F|  |TAMS 0x00000000e7600000| PB 0x00000000e7600000| Untracked 
| 119|0x00000000e7700000, 0x00000000e7700000, 0x00000000e7800000|  0%| F|  |TAMS 0x00000000e7700000| PB 0x00000000e7700000| Untracked 
| 120|0x00000000e7800000, 0x00000000e7800000, 0x00000000e7900000|  0%| F|  |TAMS 0x00000000e7800000| PB 0x00000000e7800000| Untracked 
| 121|0x00000000e7900000, 0x00000000e7900000, 0x00000000e7a00000|  0%| F|  |TAMS 0x00000000e7900000| PB 0x00000000e7900000| Untracked 
| 122|0x00000000e7a00000, 0x00000000e7a00000, 0x00000000e7b00000|  0%| F|  |TAMS 0x00000000e7a00000| PB 0x00000000e7a00000| Untracked 
| 123|0x00000000e7b00000, 0x00000000e7b00000, 0x00000000e7c00000|  0%| F|  |TAMS 0x00000000e7b00000| PB 0x00000000e7b00000| Untracked 
| 124|0x00000000e7c00000, 0x00000000e7c00000, 0x00000000e7d00000|  0%| F|  |TAMS 0x00000000e7c00000| PB 0x00000000e7c00000| Untracked 
| 125|0x00000000e7d00000, 0x00000000e7d00000, 0x00000000e7e00000|  0%| F|  |TAMS 0x00000000e7d00000| PB 0x00000000e7d00000| Untracked 
| 126|0x00000000e7e00000, 0x00000000e7e00000, 0x00000000e7f00000|  0%| F|  |TAMS 0x00000000e7e00000| PB 0x00000000e7e00000| Untracked 
| 127|0x00000000e7f00000, 0x00000000e7f00000, 0x00000000e8000000|  0%| F|  |TAMS 0x00000000e7f00000| PB 0x00000000e7f00000| Untracked 
| 128|0x00000000e8000000, 0x00000000e8000000, 0x00000000e8100000|  0%| F|  |TAMS 0x00000000e8000000| PB 0x00000000e8000000| Untracked 
| 129|0x00000000e8100000, 0x00000000e8100000, 0x00000000e8200000|  0%| F|  |TAMS 0x00000000e8100000| PB 0x00000000e8100000| Untracked 
| 130|0x00000000e8200000, 0x00000000e8200000, 0x00000000e8300000|  0%| F|  |TAMS 0x00000000e8200000| PB 0x00000000e8200000| Untracked 
| 131|0x00000000e8300000, 0x00000000e8300000, 0x00000000e8400000|  0%| F|  |TAMS 0x00000000e8300000| PB 0x00000000e8300000| Untracked 
| 132|0x00000000e8400000, 0x00000000e8400000, 0x00000000e8500000|  0%| F|  |TAMS 0x00000000e8400000| PB 0x00000000e8400000| Untracked 
| 133|0x00000000e8500000, 0x00000000e8500000, 0x00000000e8600000|  0%| F|  |TAMS 0x00000000e8500000| PB 0x00000000e8500000| Untracked 
| 134|0x00000000e8600000, 0x00000000e8600000, 0x00000000e8700000|  0%| F|  |TAMS 0x00000000e8600000| PB 0x00000000e8600000| Untracked 
| 135|0x00000000e8700000, 0x00000000e8700000, 0x00000000e8800000|  0%| F|  |TAMS 0x00000000e8700000| PB 0x00000000e8700000| Untracked 
| 136|0x00000000e8800000, 0x00000000e8800000, 0x00000000e8900000|  0%| F|  |TAMS 0x00000000e8800000| PB 0x00000000e8800000| Untracked 
| 137|0x00000000e8900000, 0x00000000e8900000, 0x00000000e8a00000|  0%| F|  |TAMS 0x00000000e8900000| PB 0x00000000e8900000| Untracked 
| 138|0x00000000e8a00000, 0x00000000e8a00000, 0x00000000e8b00000|  0%| F|  |TAMS 0x00000000e8a00000| PB 0x00000000e8a00000| Untracked 
| 139|0x00000000e8b00000, 0x00000000e8b00000, 0x00000000e8c00000|  0%| F|  |TAMS 0x00000000e8b00000| PB 0x00000000e8b00000| Untracked 
| 140|0x00000000e8c00000, 0x00000000e8c00000, 0x00000000e8d00000|  0%| F|  |TAMS 0x00000000e8c00000| PB 0x00000000e8c00000| Untracked 
| 141|0x00000000e8d00000, 0x00000000e8d00000, 0x00000000e8e00000|  0%| F|  |TAMS 0x00000000e8d00000| PB 0x00000000e8d00000| Untracked 
| 142|0x00000000e8e00000, 0x00000000e8e00000, 0x00000000e8f00000|  0%| F|  |TAMS 0x00000000e8e00000| PB 0x00000000e8e00000| Untracked 
| 143|0x00000000e8f00000, 0x00000000e8f00000, 0x00000000e9000000|  0%| F|  |TAMS 0x00000000e8f00000| PB 0x00000000e8f00000| Untracked 
| 144|0x00000000e9000000, 0x00000000e9000000, 0x00000000e9100000|  0%| F|  |TAMS 0x00000000e9000000| PB 0x00000000e9000000| Untracked 
| 145|0x00000000e9100000, 0x00000000e9100000, 0x00000000e9200000|  0%| F|  |TAMS 0x00000000e9100000| PB 0x00000000e9100000| Untracked 
| 146|0x00000000e9200000, 0x00000000e9200000, 0x00000000e9300000|  0%| F|  |TAMS 0x00000000e9200000| PB 0x00000000e9200000| Untracked 
| 147|0x00000000e9300000, 0x00000000e9300000, 0x00000000e9400000|  0%| F|  |TAMS 0x00000000e9300000| PB 0x00000000e9300000| Untracked 
| 148|0x00000000e9400000, 0x00000000e9400000, 0x00000000e9500000|  0%| F|  |TAMS 0x00000000e9400000| PB 0x00000000e9400000| Untracked 
| 149|0x00000000e9500000, 0x00000000e9500000, 0x00000000e9600000|  0%| F|  |TAMS 0x00000000e9500000| PB 0x00000000e9500000| Untracked 
| 150|0x00000000e9600000, 0x00000000e9600000, 0x00000000e9700000|  0%| F|  |TAMS 0x00000000e9600000| PB 0x00000000e9600000| Untracked 
| 151|0x00000000e9700000, 0x00000000e9700000, 0x00000000e9800000|  0%| F|  |TAMS 0x00000000e9700000| PB 0x00000000e9700000| Untracked 
| 152|0x00000000e9800000, 0x00000000e9800000, 0x00000000e9900000|  0%| F|  |TAMS 0x00000000e9800000| PB 0x00000000e9800000| Untracked 
| 153|0x00000000e9900000, 0x00000000e9900000, 0x00000000e9a00000|  0%| F|  |TAMS 0x00000000e9900000| PB 0x00000000e9900000| Untracked 
| 154|0x00000000e9a00000, 0x00000000e9a00000, 0x00000000e9b00000|  0%| F|  |TAMS 0x00000000e9a00000| PB 0x00000000e9a00000| Untracked 
| 155|0x00000000e9b00000, 0x00000000e9b00000, 0x00000000e9c00000|  0%| F|  |TAMS 0x00000000e9b00000| PB 0x00000000e9b00000| Untracked 
| 156|0x00000000e9c00000, 0x00000000e9c00000, 0x00000000e9d00000|  0%| F|  |TAMS 0x00000000e9c00000| PB 0x00000000e9c00000| Untracked 
| 157|0x00000000e9d00000, 0x00000000e9d00000, 0x00000000e9e00000|  0%| F|  |TAMS 0x00000000e9d00000| PB 0x00000000e9d00000| Untracked 
| 158|0x00000000e9e00000, 0x00000000e9e00000, 0x00000000e9f00000|  0%| F|  |TAMS 0x00000000e9e00000| PB 0x00000000e9e00000| Untracked 
| 159|0x00000000e9f00000, 0x00000000e9f00000, 0x00000000ea000000|  0%| F|  |TAMS 0x00000000e9f00000| PB 0x00000000e9f00000| Untracked 
| 160|0x00000000ea000000, 0x00000000ea000000, 0x00000000ea100000|  0%| F|  |TAMS 0x00000000ea000000| PB 0x00000000ea000000| Untracked 
| 161|0x00000000ea100000, 0x00000000ea100000, 0x00000000ea200000|  0%| F|  |TAMS 0x00000000ea100000| PB 0x00000000ea100000| Untracked 
| 162|0x00000000ea200000, 0x00000000ea200000, 0x00000000ea300000|  0%| F|  |TAMS 0x00000000ea200000| PB 0x00000000ea200000| Untracked 
| 163|0x00000000ea300000, 0x00000000ea300000, 0x00000000ea400000|  0%| F|  |TAMS 0x00000000ea300000| PB 0x00000000ea300000| Untracked 
| 164|0x00000000ea400000, 0x00000000ea400000, 0x00000000ea500000|  0%| F|  |TAMS 0x00000000ea400000| PB 0x00000000ea400000| Untracked 
| 165|0x00000000ea500000, 0x00000000ea500000, 0x00000000ea600000|  0%| F|  |TAMS 0x00000000ea500000| PB 0x00000000ea500000| Untracked 
| 166|0x00000000ea600000, 0x00000000ea600000, 0x00000000ea700000|  0%| F|  |TAMS 0x00000000ea600000| PB 0x00000000ea600000| Untracked 
| 167|0x00000000ea700000, 0x00000000ea700000, 0x00000000ea800000|  0%| F|  |TAMS 0x00000000ea700000| PB 0x00000000ea700000| Untracked 
| 168|0x00000000ea800000, 0x00000000ea800000, 0x00000000ea900000|  0%| F|  |TAMS 0x00000000ea800000| PB 0x00000000ea800000| Untracked 
| 169|0x00000000ea900000, 0x00000000ea900000, 0x00000000eaa00000|  0%| F|  |TAMS 0x00000000ea900000| PB 0x00000000ea900000| Untracked 
| 170|0x00000000eaa00000, 0x00000000eaa00000, 0x00000000eab00000|  0%| F|  |TAMS 0x00000000eaa00000| PB 0x00000000eaa00000| Untracked 
| 171|0x00000000eab00000, 0x00000000eab00000, 0x00000000eac00000|  0%| F|  |TAMS 0x00000000eab00000| PB 0x00000000eab00000| Untracked 
| 172|0x00000000eac00000, 0x00000000eac00000, 0x00000000ead00000|  0%| F|  |TAMS 0x00000000eac00000| PB 0x00000000eac00000| Untracked 
| 173|0x00000000ead00000, 0x00000000ead00000, 0x00000000eae00000|  0%| F|  |TAMS 0x00000000ead00000| PB 0x00000000ead00000| Untracked 
| 174|0x00000000eae00000, 0x00000000eae00000, 0x00000000eaf00000|  0%| F|  |TAMS 0x00000000eae00000| PB 0x00000000eae00000| Untracked 
| 175|0x00000000eaf00000, 0x00000000eaf00000, 0x00000000eb000000|  0%| F|  |TAMS 0x00000000eaf00000| PB 0x00000000eaf00000| Untracked 
| 176|0x00000000eb000000, 0x00000000eb000000, 0x00000000eb100000|  0%| F|  |TAMS 0x00000000eb000000| PB 0x00000000eb000000| Untracked 
| 177|0x00000000eb100000, 0x00000000eb100000, 0x00000000eb200000|  0%| F|  |TAMS 0x00000000eb100000| PB 0x00000000eb100000| Untracked 
| 178|0x00000000eb200000, 0x00000000eb200000, 0x00000000eb300000|  0%| F|  |TAMS 0x00000000eb200000| PB 0x00000000eb200000| Untracked 
| 179|0x00000000eb300000, 0x00000000eb300000, 0x00000000eb400000|  0%| F|  |TAMS 0x00000000eb300000| PB 0x00000000eb300000| Untracked 
| 180|0x00000000eb400000, 0x00000000eb400000, 0x00000000eb500000|  0%| F|  |TAMS 0x00000000eb400000| PB 0x00000000eb400000| Untracked 
| 181|0x00000000eb500000, 0x00000000eb500000, 0x00000000eb600000|  0%| F|  |TAMS 0x00000000eb500000| PB 0x00000000eb500000| Untracked 
| 182|0x00000000eb600000, 0x00000000eb600000, 0x00000000eb700000|  0%| F|  |TAMS 0x00000000eb600000| PB 0x00000000eb600000| Untracked 
| 183|0x00000000eb700000, 0x00000000eb700000, 0x00000000eb800000|  0%| F|  |TAMS 0x00000000eb700000| PB 0x00000000eb700000| Untracked 
| 184|0x00000000eb800000, 0x00000000eb800000, 0x00000000eb900000|  0%| F|  |TAMS 0x00000000eb800000| PB 0x00000000eb800000| Untracked 
| 185|0x00000000eb900000, 0x00000000eb900000, 0x00000000eba00000|  0%| F|  |TAMS 0x00000000eb900000| PB 0x00000000eb900000| Untracked 
| 186|0x00000000eba00000, 0x00000000eba00000, 0x00000000ebb00000|  0%| F|  |TAMS 0x00000000eba00000| PB 0x00000000eba00000| Untracked 
| 187|0x00000000ebb00000, 0x00000000ebb00000, 0x00000000ebc00000|  0%| F|  |TAMS 0x00000000ebb00000| PB 0x00000000ebb00000| Untracked 
| 188|0x00000000ebc00000, 0x00000000ebc00000, 0x00000000ebd00000|  0%| F|  |TAMS 0x00000000ebc00000| PB 0x00000000ebc00000| Untracked 
| 189|0x00000000ebd00000, 0x00000000ebd00000, 0x00000000ebe00000|  0%| F|  |TAMS 0x00000000ebd00000| PB 0x00000000ebd00000| Untracked 
| 190|0x00000000ebe00000, 0x00000000ebe00000, 0x00000000ebf00000|  0%| F|  |TAMS 0x00000000ebe00000| PB 0x00000000ebe00000| Untracked 
| 191|0x00000000ebf00000, 0x00000000ebf00000, 0x00000000ec000000|  0%| F|  |TAMS 0x00000000ebf00000| PB 0x00000000ebf00000| Untracked 
| 192|0x00000000ec000000, 0x00000000ec000000, 0x00000000ec100000|  0%| F|  |TAMS 0x00000000ec000000| PB 0x00000000ec000000| Untracked 
| 193|0x00000000ec100000, 0x00000000ec100000, 0x00000000ec200000|  0%| F|  |TAMS 0x00000000ec100000| PB 0x00000000ec100000| Untracked 
| 194|0x00000000ec200000, 0x00000000ec200000, 0x00000000ec300000|  0%| F|  |TAMS 0x00000000ec200000| PB 0x00000000ec200000| Untracked 
| 195|0x00000000ec300000, 0x00000000ec300000, 0x00000000ec400000|  0%| F|  |TAMS 0x00000000ec300000| PB 0x00000000ec300000| Untracked 
| 196|0x00000000ec400000, 0x00000000ec400000, 0x00000000ec500000|  0%| F|  |TAMS 0x00000000ec400000| PB 0x00000000ec400000| Untracked 
| 197|0x00000000ec500000, 0x00000000ec500000, 0x00000000ec600000|  0%| F|  |TAMS 0x00000000ec500000| PB 0x00000000ec500000| Untracked 
| 198|0x00000000ec600000, 0x00000000ec600000, 0x00000000ec700000|  0%| F|  |TAMS 0x00000000ec600000| PB 0x00000000ec600000| Untracked 
| 199|0x00000000ec700000, 0x00000000ec700000, 0x00000000ec800000|  0%| F|  |TAMS 0x00000000ec700000| PB 0x00000000ec700000| Untracked 
| 200|0x00000000ec800000, 0x00000000ec800000, 0x00000000ec900000|  0%| F|  |TAMS 0x00000000ec800000| PB 0x00000000ec800000| Untracked 
| 201|0x00000000ec900000, 0x00000000ec927ab8, 0x00000000eca00000| 15%| E|  |TAMS 0x00000000ec900000| PB 0x00000000ec900000| Complete 
| 202|0x00000000eca00000, 0x00000000ecb00000, 0x00000000ecb00000|100%| E|  |TAMS 0x00000000eca00000| PB 0x00000000eca00000| Complete 
| 203|0x00000000ecb00000, 0x00000000ecc00000, 0x00000000ecc00000|100%| E|CS|TAMS 0x00000000ecb00000| PB 0x00000000ecb00000| Complete 
| 204|0x00000000ecc00000, 0x00000000ecd00000, 0x00000000ecd00000|100%| E|CS|TAMS 0x00000000ecc00000| PB 0x00000000ecc00000| Complete 
| 205|0x00000000ecd00000, 0x00000000ece00000, 0x00000000ece00000|100%| E|CS|TAMS 0x00000000ecd00000| PB 0x00000000ecd00000| Complete 
| 206|0x00000000ece00000, 0x00000000ecf00000, 0x00000000ecf00000|100%| E|CS|TAMS 0x00000000ece00000| PB 0x00000000ece00000| Complete 
| 207|0x00000000ecf00000, 0x00000000ed000000, 0x00000000ed000000|100%| E|CS|TAMS 0x00000000ecf00000| PB 0x00000000ecf00000| Complete 
| 208|0x00000000ed000000, 0x00000000ed100000, 0x00000000ed100000|100%| E|CS|TAMS 0x00000000ed000000| PB 0x00000000ed000000| Complete 
| 209|0x00000000ed100000, 0x00000000ed200000, 0x00000000ed200000|100%| E|CS|TAMS 0x00000000ed100000| PB 0x00000000ed100000| Complete 
| 210|0x00000000ed200000, 0x00000000ed300000, 0x00000000ed300000|100%| E|CS|TAMS 0x00000000ed200000| PB 0x00000000ed200000| Complete 
| 211|0x00000000ed300000, 0x00000000ed400000, 0x00000000ed400000|100%| E|CS|TAMS 0x00000000ed300000| PB 0x00000000ed300000| Complete 
| 212|0x00000000ed400000, 0x00000000ed500000, 0x00000000ed500000|100%| E|CS|TAMS 0x00000000ed400000| PB 0x00000000ed400000| Complete 
| 213|0x00000000ed500000, 0x00000000ed600000, 0x00000000ed600000|100%| E|CS|TAMS 0x00000000ed500000| PB 0x00000000ed500000| Complete 
| 214|0x00000000ed600000, 0x00000000ed700000, 0x00000000ed700000|100%| E|CS|TAMS 0x00000000ed600000| PB 0x00000000ed600000| Complete 
| 215|0x00000000ed700000, 0x00000000ed800000, 0x00000000ed800000|100%| E|CS|TAMS 0x00000000ed700000| PB 0x00000000ed700000| Complete 
| 216|0x00000000ed800000, 0x00000000ed900000, 0x00000000ed900000|100%| E|CS|TAMS 0x00000000ed800000| PB 0x00000000ed800000| Complete 
| 217|0x00000000ed900000, 0x00000000eda00000, 0x00000000eda00000|100%| E|CS|TAMS 0x00000000ed900000| PB 0x00000000ed900000| Complete 
| 218|0x00000000eda00000, 0x00000000edb00000, 0x00000000edb00000|100%| E|CS|TAMS 0x00000000eda00000| PB 0x00000000eda00000| Complete 
| 219|0x00000000edb00000, 0x00000000edc00000, 0x00000000edc00000|100%| E|CS|TAMS 0x00000000edb00000| PB 0x00000000edb00000| Complete 
| 220|0x00000000edc00000, 0x00000000edd00000, 0x00000000edd00000|100%| E|CS|TAMS 0x00000000edc00000| PB 0x00000000edc00000| Complete 
| 221|0x00000000edd00000, 0x00000000ede00000, 0x00000000ede00000|100%| E|CS|TAMS 0x00000000edd00000| PB 0x00000000edd00000| Complete 
| 222|0x00000000ede00000, 0x00000000edf00000, 0x00000000edf00000|100%| E|CS|TAMS 0x00000000ede00000| PB 0x00000000ede00000| Complete 
| 223|0x00000000edf00000, 0x00000000ee000000, 0x00000000ee000000|100%| E|CS|TAMS 0x00000000edf00000| PB 0x00000000edf00000| Complete 
| 224|0x00000000ee000000, 0x00000000ee100000, 0x00000000ee100000|100%| E|CS|TAMS 0x00000000ee000000| PB 0x00000000ee000000| Complete 
| 225|0x00000000ee100000, 0x00000000ee200000, 0x00000000ee200000|100%| E|CS|TAMS 0x00000000ee100000| PB 0x00000000ee100000| Complete 
| 226|0x00000000ee200000, 0x00000000ee300000, 0x00000000ee300000|100%| E|CS|TAMS 0x00000000ee200000| PB 0x00000000ee200000| Complete 
| 227|0x00000000ee300000, 0x00000000ee400000, 0x00000000ee400000|100%| E|CS|TAMS 0x00000000ee300000| PB 0x00000000ee300000| Complete 
| 228|0x00000000ee400000, 0x00000000ee500000, 0x00000000ee500000|100%| E|CS|TAMS 0x00000000ee400000| PB 0x00000000ee400000| Complete 
| 229|0x00000000ee500000, 0x00000000ee600000, 0x00000000ee600000|100%| E|CS|TAMS 0x00000000ee500000| PB 0x00000000ee500000| Complete 
| 230|0x00000000ee600000, 0x00000000ee700000, 0x00000000ee700000|100%| E|CS|TAMS 0x00000000ee600000| PB 0x00000000ee600000| Complete 
| 231|0x00000000ee700000, 0x00000000ee800000, 0x00000000ee800000|100%| E|CS|TAMS 0x00000000ee700000| PB 0x00000000ee700000| Complete 
| 232|0x00000000ee800000, 0x00000000ee900000, 0x00000000ee900000|100%| E|CS|TAMS 0x00000000ee800000| PB 0x00000000ee800000| Complete 
| 233|0x00000000ee900000, 0x00000000eea00000, 0x00000000eea00000|100%| E|CS|TAMS 0x00000000ee900000| PB 0x00000000ee900000| Complete 
| 234|0x00000000eea00000, 0x00000000eeb00000, 0x00000000eeb00000|100%| E|CS|TAMS 0x00000000eea00000| PB 0x00000000eea00000| Complete 
| 235|0x00000000eeb00000, 0x00000000eec00000, 0x00000000eec00000|100%| E|CS|TAMS 0x00000000eeb00000| PB 0x00000000eeb00000| Complete 
| 236|0x00000000eec00000, 0x00000000eed00000, 0x00000000eed00000|100%| E|CS|TAMS 0x00000000eec00000| PB 0x00000000eec00000| Complete 
| 237|0x00000000eed00000, 0x00000000eedbd980, 0x00000000eee00000| 74%| S|CS|TAMS 0x00000000eed00000| PB 0x00000000eed00000| Complete 
| 238|0x00000000eee00000, 0x00000000eef00000, 0x00000000eef00000|100%| S|CS|TAMS 0x00000000eee00000| PB 0x00000000eee00000| Complete 
| 239|0x00000000eef00000, 0x00000000ef000000, 0x00000000ef000000|100%| S|CS|TAMS 0x00000000eef00000| PB 0x00000000eef00000| Complete 
| 240|0x00000000ef000000, 0x00000000ef100000, 0x00000000ef100000|100%| S|CS|TAMS 0x00000000ef000000| PB 0x00000000ef000000| Complete 
| 241|0x00000000ef100000, 0x00000000ef200000, 0x00000000ef200000|100%| E|CS|TAMS 0x00000000ef100000| PB 0x00000000ef100000| Complete 
| 242|0x00000000ef200000, 0x00000000ef300000, 0x00000000ef300000|100%| E|CS|TAMS 0x00000000ef200000| PB 0x00000000ef200000| Complete 
| 243|0x00000000ef300000, 0x00000000ef400000, 0x00000000ef400000|100%| E|CS|TAMS 0x00000000ef300000| PB 0x00000000ef300000| Complete 
| 244|0x00000000ef400000, 0x00000000ef500000, 0x00000000ef500000|100%| E|CS|TAMS 0x00000000ef400000| PB 0x00000000ef400000| Complete 
| 245|0x00000000ef500000, 0x00000000ef600000, 0x00000000ef600000|100%| E|CS|TAMS 0x00000000ef500000| PB 0x00000000ef500000| Complete 
| 246|0x00000000ef600000, 0x00000000ef700000, 0x00000000ef700000|100%| E|CS|TAMS 0x00000000ef600000| PB 0x00000000ef600000| Complete 
| 247|0x00000000ef700000, 0x00000000ef800000, 0x00000000ef800000|100%| E|CS|TAMS 0x00000000ef700000| PB 0x00000000ef700000| Complete 
| 248|0x00000000ef800000, 0x00000000ef900000, 0x00000000ef900000|100%| E|CS|TAMS 0x00000000ef800000| PB 0x00000000ef800000| Complete 
| 249|0x00000000ef900000, 0x00000000efa00000, 0x00000000efa00000|100%| E|CS|TAMS 0x00000000ef900000| PB 0x00000000ef900000| Complete 
| 250|0x00000000efa00000, 0x00000000efb00000, 0x00000000efb00000|100%| E|CS|TAMS 0x00000000efa00000| PB 0x00000000efa00000| Complete 
| 251|0x00000000efb00000, 0x00000000efc00000, 0x00000000efc00000|100%| E|CS|TAMS 0x00000000efb00000| PB 0x00000000efb00000| Complete 
| 252|0x00000000efc00000, 0x00000000efd00000, 0x00000000efd00000|100%| E|CS|TAMS 0x00000000efc00000| PB 0x00000000efc00000| Complete 
| 253|0x00000000efd00000, 0x00000000efe00000, 0x00000000efe00000|100%| E|CS|TAMS 0x00000000efd00000| PB 0x00000000efd00000| Complete 
| 254|0x00000000efe00000, 0x00000000eff00000, 0x00000000eff00000|100%| E|CS|TAMS 0x00000000efe00000| PB 0x00000000efe00000| Complete 
| 255|0x00000000eff00000, 0x00000000f0000000, 0x00000000f0000000|100%| E|CS|TAMS 0x00000000eff00000| PB 0x00000000eff00000| Complete 

Card table byte_map: [0x000001d08f870000,0x000001d08f970000] _byte_map_base: 0x000001d08f170000

Marking Bits: (CMBitMap*) 0x000001d0fccd0240
 Bits: [0x000001d08f970000, 0x000001d090170000)

Polling page: 0x000001d0faad0000

Metaspace:

Usage:
  Non-class:     58.77 MB used.
      Class:      9.98 MB used.
       Both:     68.75 MB used.

Virtual space:
  Non-class space:       64.00 MB reserved,      59.81 MB ( 93%) committed,  1 nodes.
      Class space:      320.00 MB reserved,      10.94 MB (  3%) committed,  1 nodes.
             Both:      384.00 MB reserved,      70.75 MB ( 18%) committed. 

Chunk freelists:
   Non-Class:  4.04 MB
       Class:  5.08 MB
        Both:  9.12 MB

MaxMetaspaceSize: 384.00 MB
CompressedClassSpaceSize: 320.00 MB
Initial GC threshold: 21.00 MB
Current GC threshold: 98.12 MB
CDS: on
 - commit_granule_bytes: 65536.
 - commit_granule_words: 8192.
 - virtual_space_node_default_size: 8388608.
 - enlarge_chunks_in_place: 1.
 - use_allocation_guard: 0.


Internal statistics:

num_allocs_failed_limit: 9.
num_arena_births: 3650.
num_arena_deaths: 0.
num_vsnodes_births: 2.
num_vsnodes_deaths: 0.
num_space_committed: 1132.
num_space_uncommitted: 0.
num_chunks_returned_to_freelist: 9.
num_chunks_taken_from_freelist: 7036.
num_chunk_merges: 9.
num_chunk_splits: 4537.
num_chunks_enlarged: 2751.
num_inconsistent_stats: 0.

CodeHeap 'non-profiled nmethods': size=119168Kb used=5556Kb max_used=5556Kb free=113611Kb
 bounds [0x000001d087ba0000, 0x000001d088110000, 0x000001d08f000000]
CodeHeap 'profiled nmethods': size=119104Kb used=17391Kb max_used=17391Kb free=101712Kb
 bounds [0x000001d080000000, 0x000001d081100000, 0x000001d087450000]
CodeHeap 'non-nmethods': size=7488Kb used=2881Kb max_used=4538Kb free=4606Kb
 bounds [0x000001d087450000, 0x000001d0878d0000, 0x000001d087ba0000]
CodeCache: size=245760Kb, used=25828Kb, max_used=27485Kb, free=219929Kb
 total_blobs=10032, nmethods=9110, adapters=826, full_count=0
Compilation: enabled, stopped_count=0, restarted_count=0

Compilation events (20 events):
Event: 566.513 Thread 0x000001d093170190 nmethod 9954 0x000001d08810b310 code [0x000001d08810b4a0, 0x000001d08810b568]
Event: 566.513 Thread 0x000001d093170190 9956       3       org.gradle.internal.component.external.model.DefaultConfigurationMetadata::mutate (9 bytes)
Event: 566.513 Thread 0x000001d093170190 nmethod 9956 0x000001d0810f1c90 code [0x000001d0810f1e60, 0x000001d0810f2248]
Event: 566.513 Thread 0x000001d093170190 9957       3       org.gradle.internal.component.external.model.DefaultConfigurationMetadata$Builder::<init> (28 bytes)
Event: 566.513 Thread 0x000001d093170190 nmethod 9957 0x000001d0810f2390 code [0x000001d0810f2540, 0x000001d0810f2870]
Event: 566.514 Thread 0x000001d093170190 9958       3       org.gradle.internal.component.external.model.DefaultConfigurationMetadata$Builder::withAttributes (7 bytes)
Event: 566.514 Thread 0x000001d093170190 nmethod 9958 0x000001d0810f2990 code [0x000001d0810f2b20, 0x000001d0810f2c78]
Event: 566.514 Thread 0x000001d093170190 9959       3       org.gradle.internal.component.external.model.DefaultConfigurationMetadata$Builder::build (136 bytes)
Event: 566.515 Thread 0x000001d093170190 nmethod 9959 0x000001d0810f2d10 code [0x000001d0810f2f40, 0x000001d0810f3ab8]
Event: 566.515 Thread 0x000001d093170190 9960       3       org.gradle.internal.component.external.model.DefaultConfigurationMetadata::access$400 (5 bytes)
Event: 566.515 Thread 0x000001d093170190 nmethod 9960 0x000001d0810f3d90 code [0x000001d0810f3f40, 0x000001d0810f4208]
Event: 566.515 Thread 0x000001d093170190 9955       1       org.gradle.internal.component.model.DefaultIvyArtifactName::hashCode (5 bytes)
Event: 566.515 Thread 0x000001d093170190 nmethod 9955 0x000001d08810b610 code [0x000001d08810b7a0, 0x000001d08810b868]
Event: 566.521 Thread 0x000001d093170190 9961       3       org.gradle.internal.component.external.model.ModuleComponentFileArtifactIdentifier::getComponentIdentifier (8 bytes)
Event: 566.521 Thread 0x000001d093170190 nmethod 9961 0x000001d0810f4390 code [0x000001d0810f4540, 0x000001d0810f4770]
Event: 566.527 Thread 0x000001d093170190 9962       3       org.gradle.api.internal.artifacts.ivyservice.resolveengine.graph.builder.EdgeState::getTargetComponent (27 bytes)
Event: 566.528 Thread 0x000001d093170190 nmethod 9962 0x000001d0810f4810 code [0x000001d0810f49e0, 0x000001d0810f4c78]
Event: 566.528 Thread 0x000001d093170190 9964       3       org.gradle.internal.component.external.model.ExternalModuleDependencyMetadata::isConstraint (8 bytes)
Event: 566.528 Thread 0x000001d093170190 nmethod 9964 0x000001d0810f4d90 code [0x000001d0810f4f40, 0x000001d0810f51a8]
Event: 566.529 Thread 0x000001d093170190 9965       3       org.gradle.api.internal.artifacts.ivyservice.resolveengine.graph.builder.EdgeState::getFailure (104 bytes)

GC Heap History (20 events):
Event: 2.110 GC heap before
{Heap before GC invocations=0 (full 0):
 garbage-first heap   total 262144K, used 26624K [0x00000000e0000000, 0x0000000100000000)
  region size 1024K, 23 young (23552K), 0 survivors (0K)
 Metaspace       used 1133K, committed 1280K, reserved 393216K
  class space    used 80K, committed 128K, reserved 327680K
}
Event: 2.243 GC heap after
{Heap after GC invocations=1 (full 0):
 garbage-first heap   total 262144K, used 10086K [0x00000000e0000000, 0x0000000100000000)
  region size 1024K, 3 young (3072K), 3 survivors (3072K)
 Metaspace       used 1133K, committed 1280K, reserved 393216K
  class space    used 80K, committed 128K, reserved 327680K
}
Event: 4.977 GC heap before
{Heap before GC invocations=1 (full 0):
 garbage-first heap   total 262144K, used 39782K [0x00000000e0000000, 0x0000000100000000)
  region size 1024K, 33 young (33792K), 3 survivors (3072K)
 Metaspace       used 4355K, committed 4544K, reserved 393216K
  class space    used 544K, committed 640K, reserved 327680K
}
Event: 4.981 GC heap after
{Heap after GC invocations=2 (full 0):
 garbage-first heap   total 262144K, used 11946K [0x00000000e0000000, 0x0000000100000000)
  region size 1024K, 2 young (2048K), 2 survivors (2048K)
 Metaspace       used 4355K, committed 4544K, reserved 393216K
  class space    used 544K, committed 640K, reserved 327680K
}
Event: 12.674 GC heap before
{Heap before GC invocations=2 (full 0):
 garbage-first heap   total 262144K, used 74410K [0x00000000e0000000, 0x0000000100000000)
  region size 1024K, 62 young (63488K), 2 survivors (2048K)
 Metaspace       used 10320K, committed 10688K, reserved 393216K
  class space    used 1386K, committed 1536K, reserved 327680K
}
Event: 12.850 GC heap after
{Heap after GC invocations=3 (full 0):
 garbage-first heap   total 262144K, used 20253K [0x00000000e0000000, 0x0000000100000000)
  region size 1024K, 8 young (8192K), 8 survivors (8192K)
 Metaspace       used 10320K, committed 10688K, reserved 393216K
  class space    used 1386K, committed 1536K, reserved 327680K
}
Event: 31.528 GC heap before
{Heap before GC invocations=3 (full 0):
 garbage-first heap   total 262144K, used 90909K [0x00000000e0000000, 0x0000000100000000)
  region size 1024K, 78 young (79872K), 8 survivors (8192K)
 Metaspace       used 20843K, committed 21504K, reserved 393216K
  class space    used 3047K, committed 3392K, reserved 327680K
}
Event: 31.538 GC heap after
{Heap after GC invocations=4 (full 0):
 garbage-first heap   total 262144K, used 25163K [0x00000000e0000000, 0x0000000100000000)
  region size 1024K, 13 young (13312K), 13 survivors (13312K)
 Metaspace       used 20843K, committed 21504K, reserved 393216K
  class space    used 3047K, committed 3392K, reserved 327680K
}
Event: 79.276 GC heap before
{Heap before GC invocations=5 (full 0):
 garbage-first heap   total 262144K, used 122443K [0x00000000e0000000, 0x0000000100000000)
  region size 1024K, 110 young (112640K), 13 survivors (13312K)
 Metaspace       used 34783K, committed 35968K, reserved 393216K
  class space    used 5135K, committed 5696K, reserved 327680K
}
Event: 79.338 GC heap after
{Heap after GC invocations=6 (full 0):
 garbage-first heap   total 262144K, used 31475K [0x00000000e0000000, 0x0000000100000000)
  region size 1024K, 11 young (11264K), 11 survivors (11264K)
 Metaspace       used 34783K, committed 35968K, reserved 393216K
  class space    used 5135K, committed 5696K, reserved 327680K
}
Event: 149.195 GC heap before
{Heap before GC invocations=7 (full 0):
 garbage-first heap   total 262144K, used 183027K [0x00000000e0000000, 0x0000000100000000)
  region size 1024K, 153 young (156672K), 11 survivors (11264K)
 Metaspace       used 47766K, committed 49408K, reserved 393216K
  class space    used 6824K, committed 7616K, reserved 327680K
}
Event: 149.280 GC heap after
{Heap after GC invocations=8 (full 0):
 garbage-first heap   total 262144K, used 38425K [0x00000000e0000000, 0x0000000100000000)
  region size 1024K, 18 young (18432K), 18 survivors (18432K)
 Metaspace       used 47766K, committed 49408K, reserved 393216K
  class space    used 6824K, committed 7616K, reserved 327680K
}
Event: 383.132 GC heap before
{Heap before GC invocations=8 (full 0):
 garbage-first heap   total 262144K, used 175641K [0x00000000e0000000, 0x0000000100000000)
  region size 1024K, 153 young (156672K), 18 survivors (18432K)
 Metaspace       used 56647K, committed 58560K, reserved 393216K
  class space    used 8321K, committed 9280K, reserved 327680K
}
Event: 383.370 GC heap after
{Heap after GC invocations=9 (full 0):
 garbage-first heap   total 262144K, used 43320K [0x00000000e0000000, 0x0000000100000000)
  region size 1024K, 13 young (13312K), 13 survivors (13312K)
 Metaspace       used 56647K, committed 58560K, reserved 393216K
  class space    used 8321K, committed 9280K, reserved 327680K
}
Event: 406.127 GC heap before
{Heap before GC invocations=9 (full 0):
 garbage-first heap   total 262144K, used 77112K [0x00000000e0000000, 0x0000000100000000)
  region size 1024K, 42 young (43008K), 13 survivors (13312K)
 Metaspace       used 58252K, committed 60096K, reserved 393216K
  class space    used 8540K, committed 9472K, reserved 327680K
}
Event: 406.160 GC heap after
{Heap after GC invocations=10 (full 0):
 garbage-first heap   total 262144K, used 52030K [0x00000000e0000000, 0x0000000100000000)
  region size 1024K, 8 young (8192K), 8 survivors (8192K)
 Metaspace       used 58252K, committed 60096K, reserved 393216K
  class space    used 8540K, committed 9472K, reserved 327680K
}
Event: 521.619 GC heap before
{Heap before GC invocations=11 (full 0):
 garbage-first heap   total 262144K, used 199486K [0x00000000e0000000, 0x0000000100000000)
  region size 1024K, 153 young (156672K), 8 survivors (8192K)
 Metaspace       used 68127K, committed 70080K, reserved 393216K
  class space    used 9879K, committed 10880K, reserved 327680K
}
Event: 521.896 GC heap after
{Heap after GC invocations=12 (full 0):
 garbage-first heap   total 262144K, used 59972K [0x00000000e0000000, 0x0000000100000000)
  region size 1024K, 16 young (16384K), 16 survivors (16384K)
 Metaspace       used 68127K, committed 70080K, reserved 393216K
  class space    used 9879K, committed 10880K, reserved 327680K
}
Event: 546.453 GC heap before
{Heap before GC invocations=12 (full 0):
 garbage-first heap   total 262144K, used 75332K [0x00000000e0000000, 0x0000000100000000)
  region size 1024K, 31 young (31744K), 16 survivors (16384K)
 Metaspace       used 68225K, committed 70208K, reserved 393216K
  class space    used 9881K, committed 10880K, reserved 327680K
}
Event: 546.478 GC heap after
{Heap after GC invocations=13 (full 0):
 garbage-first heap   total 262144K, used 60631K [0x00000000e0000000, 0x0000000100000000)
  region size 1024K, 4 young (4096K), 4 survivors (4096K)
 Metaspace       used 68225K, committed 70208K, reserved 393216K
  class space    used 9881K, committed 10880K, reserved 327680K
}

Dll operation events (14 events):
Event: 0.053 Loaded shared library C:\Users\Anshika\.vscode\extensions\redhat.java-1.55.0-win32-x64\jre\21.0.11-win32-x86_64\bin\java.dll
Event: 0.249 Loaded shared library C:\Users\Anshika\.vscode\extensions\redhat.java-1.55.0-win32-x64\jre\21.0.11-win32-x86_64\bin\zip.dll
Event: 0.368 Loaded shared library C:\Users\Anshika\.vscode\extensions\redhat.java-1.55.0-win32-x64\jre\21.0.11-win32-x86_64\bin\instrument.dll
Event: 0.406 Loaded shared library C:\Users\Anshika\.vscode\extensions\redhat.java-1.55.0-win32-x64\jre\21.0.11-win32-x86_64\bin\net.dll
Event: 0.546 Loaded shared library C:\Users\Anshika\.vscode\extensions\redhat.java-1.55.0-win32-x64\jre\21.0.11-win32-x86_64\bin\nio.dll
Event: 0.572 Loaded shared library C:\Users\Anshika\.vscode\extensions\redhat.java-1.55.0-win32-x64\jre\21.0.11-win32-x86_64\bin\zip.dll
Event: 1.784 Loaded shared library C:\Users\Anshika\.vscode\extensions\redhat.java-1.55.0-win32-x64\jre\21.0.11-win32-x86_64\bin\jimage.dll
Event: 2.408 Loaded shared library C:\Users\Anshika\.vscode\extensions\redhat.java-1.55.0-win32-x64\jre\21.0.11-win32-x86_64\bin\verify.dll
Event: 2.762 Loaded shared library C:\Users\Anshika\.gradle\native\c067742578af261105cb4f569cf0c3c89f3d7b1fecec35dd04571415982c5e48\windows-amd64\native-platform.dll
Event: 2.771 Loaded shared library C:\Users\Anshika\.gradle\native\100fb08df4bc3b14c8652ba06237920a3bd2aa13389f12d3474272988ae205f9\windows-amd64\native-platform-file-events.dll
Event: 10.026 Loaded shared library C:\Users\Anshika\.vscode\extensions\redhat.java-1.55.0-win32-x64\jre\21.0.11-win32-x86_64\bin\management.dll
Event: 10.032 Loaded shared library C:\Users\Anshika\.vscode\extensions\redhat.java-1.55.0-win32-x64\jre\21.0.11-win32-x86_64\bin\management_ext.dll
Event: 11.151 Loaded shared library C:\Users\Anshika\.vscode\extensions\redhat.java-1.55.0-win32-x64\jre\21.0.11-win32-x86_64\bin\extnet.dll
Event: 12.013 Loaded shared library C:\Users\Anshika\.vscode\extensions\redhat.java-1.55.0-win32-x64\jre\21.0.11-win32-x86_64\bin\sunmscapi.dll

Deoptimization events (20 events):
Event: 561.866 Thread 0x000001d0b137d7c0 Uncommon trap: trap_request=0xffffff45 fr.pc=0x000001d0880bc4e8 relative=0x0000000000000d28
Event: 561.866 Thread 0x000001d0b137d7c0 Uncommon trap: reason=unstable_if action=reinterpret pc=0x000001d0880bc4e8 method=sun.reflect.generics.parser.SignatureParser.parseZeroOrMoreTypeSignatures()[Lsun/reflect/generics/tree/TypeSignature; @ 18 c2
Event: 561.866 Thread 0x000001d0b137d7c0 DEOPT PACKING pc=0x000001d0880bc4e8 sp=0x0000000ec41fa0f0
Event: 561.866 Thread 0x000001d0b137d7c0 DEOPT UNPACKING pc=0x000001d0874a7ba2 sp=0x0000000ec41f9c48 mode 2
Event: 562.000 Thread 0x000001d0ad32e2e0 Uncommon trap: trap_request=0xffffff45 fr.pc=0x000001d087bfe064 relative=0x0000000000000604
Event: 562.000 Thread 0x000001d0ad32e2e0 Uncommon trap: reason=unstable_if action=reinterpret pc=0x000001d087bfe064 method=java.lang.AbstractStringBuilder.append(Ljava/lang/String;)Ljava/lang/AbstractStringBuilder; @ 1 c2
Event: 562.000 Thread 0x000001d0ad32e2e0 DEOPT PACKING pc=0x000001d087bfe064 sp=0x0000000ebddfe780
Event: 562.000 Thread 0x000001d0ad32e2e0 DEOPT UNPACKING pc=0x000001d0874a7ba2 sp=0x0000000ebddfe758 mode 2
Event: 562.708 Thread 0x000001d0b137d7c0 Uncommon trap: trap_request=0xffffff6e fr.pc=0x000001d087bc0d1c relative=0x000000000000017c
Event: 562.708 Thread 0x000001d0b137d7c0 Uncommon trap: reason=loop_limit_check action=maybe_recompile pc=0x000001d087bc0d1c method=java.lang.StringLatin1.lastIndexOf([BII)I @ 19 c2
Event: 562.708 Thread 0x000001d0b137d7c0 DEOPT PACKING pc=0x000001d087bc0d1c sp=0x0000000ec41f8af0
Event: 562.708 Thread 0x000001d0b137d7c0 DEOPT UNPACKING pc=0x000001d0874a7ba2 sp=0x0000000ec41f8a70 mode 2
Event: 566.288 Thread 0x000001d0b137d7c0 Uncommon trap: trap_request=0xffffff45 fr.pc=0x000001d087e28c80 relative=0x00000000000014c0
Event: 566.288 Thread 0x000001d0b137d7c0 Uncommon trap: reason=unstable_if action=reinterpret pc=0x000001d087e28c80 method=java.lang.ClassLoader.postDefineClass(Ljava/lang/Class;Ljava/security/ProtectionDomain;)V @ 17 c2
Event: 566.288 Thread 0x000001d0b137d7c0 DEOPT PACKING pc=0x000001d087e28c80 sp=0x0000000ec41f8e00
Event: 566.289 Thread 0x000001d0b137d7c0 DEOPT UNPACKING pc=0x000001d0874a7ba2 sp=0x0000000ec41f8e00 mode 2
Event: 566.289 Thread 0x000001d0b137d7c0 Uncommon trap: trap_request=0xffffff45 fr.pc=0x000001d087c2e8b4 relative=0x0000000000000f94
Event: 566.289 Thread 0x000001d0b137d7c0 Uncommon trap: reason=unstable_if action=reinterpret pc=0x000001d087c2e8b4 method=java.lang.ClassLoader.loadClass(Ljava/lang/String;Z)Ljava/lang/Class; @ 29 c2
Event: 566.289 Thread 0x000001d0b137d7c0 DEOPT PACKING pc=0x000001d087c2e8b4 sp=0x0000000ec41f4f60
Event: 566.289 Thread 0x000001d0b137d7c0 DEOPT UNPACKING pc=0x000001d0874a7ba2 sp=0x0000000ec41f4f28 mode 2

Classes loaded (20 events):
Event: 566.190 Loading class java/util/HashSetBeanInfo
Event: 566.193 Loading class java/util/HashSetBeanInfo done
Event: 566.195 Loading class java/util/HashSetBeanInfo
Event: 566.195 Loading class java/util/HashSetBeanInfo done
Event: 566.196 Loading class java/util/AbstractSetBeanInfo
Event: 566.197 Loading class java/util/AbstractSetBeanInfo done
Event: 566.199 Loading class java/util/AbstractSetBeanInfo
Event: 566.199 Loading class java/util/AbstractSetBeanInfo done
Event: 566.199 Loading class java/util/AbstractSetCustomizer
Event: 566.201 Loading class java/util/AbstractSetCustomizer done
Event: 566.203 Loading class java/util/AbstractSetCustomizer
Event: 566.203 Loading class java/util/AbstractSetCustomizer done
Event: 566.213 Loading class java/util/HashSetCustomizer
Event: 566.215 Loading class java/util/HashSetCustomizer done
Event: 566.216 Loading class java/util/HashSetCustomizer
Event: 566.216 Loading class java/util/HashSetCustomizer done
Event: 566.231 Loading class java/util/LinkedHashSetCustomizer
Event: 566.233 Loading class java/util/LinkedHashSetCustomizer done
Event: 566.234 Loading class java/util/LinkedHashSetCustomizer
Event: 566.234 Loading class java/util/LinkedHashSetCustomizer done

Classes unloaded (0 events):
No events

Classes redefined (0 events):
No events

Internal exceptions (20 events):
Event: 562.473 Thread 0x000001d0b137d7c0 Exception <a 'java/lang/ClassNotFoundException'{0x00000000ed6a72d0}: org/gradle/api/internal/artifacts/configurations/DefaultConfigurationCustomizer> (0x00000000ed6a72d0) 
thrown [s\src\hotspot\share\classfile\systemDictionary.cpp, line 313]
Event: 562.503 Thread 0x000001d0b137d7c0 Exception <a 'java/lang/ClassNotFoundException'{0x00000000ed53e498}: org/gradle/api/internal/artifacts/configurations/DefaultUnlockedConfigurationCustomizer> (0x00000000ed53e498) 
thrown [s\src\hotspot\share\classfile\systemDictionary.cpp, line 313]
Event: 562.510 Thread 0x000001d0b137d7c0 Exception <a 'java/lang/ClassNotFoundException'{0x00000000ed55da68}: org/gradle/api/internal/artifacts/configurations/DefaultUnlockedConfiguration_DecoratedCustomizer> (0x00000000ed55da68) 
thrown [s\src\hotspot\share\classfile\systemDictionary.cpp, line 313]
Event: 562.563 Thread 0x000001d0b137d7c0 Exception <a 'java/lang/ClassNotFoundException'{0x00000000ed45b6e8}: org/gradle/api/internal/artifacts/configurations/DefaultConfiguration$ConfigurationResolvableDependencies_DecoratedBeanInfo> (0x00000000ed45b6e8) 
thrown [s\src\hotspot\share\classfile\systemDictionary.cpp, line 313]
Event: 562.569 Thread 0x000001d0b137d7c0 Exception <a 'java/lang/ClassNotFoundException'{0x00000000ed46e280}: org/gradle/api/internal/artifacts/configurations/DefaultConfiguration$ConfigurationResolvableDependenciesBeanInfo> (0x00000000ed46e280) 
thrown [s\src\hotspot\share\classfile\systemDictionary.cpp, line 313]
Event: 562.573 Thread 0x000001d0b137d7c0 Exception <a 'java/lang/ClassNotFoundException'{0x00000000ed480630}: org/gradle/api/internal/artifacts/configurations/DefaultConfiguration$ConfigurationResolvableDependenciesCustomizer> (0x00000000ed480630) 
thrown [s\src\hotspot\share\classfile\systemDictionary.cpp, line 313]
Event: 562.580 Thread 0x000001d0b137d7c0 Exception <a 'java/lang/ClassNotFoundException'{0x00000000ed4a4b78}: org/gradle/api/internal/artifacts/configurations/DefaultConfiguration$ConfigurationResolvableDependencies_DecoratedCustomizer> (0x00000000ed4a4b78) 
thrown [s\src\hotspot\share\classfile\systemDictionary.cpp, line 313]
Event: 562.597 Thread 0x000001d0b137d7c0 Exception <a 'java/lang/ClassNotFoundException'{0x00000000ed4f0260}: org/gradle/api/internal/artifacts/result/DefaultResolutionResultBeanInfo> (0x00000000ed4f0260) 
thrown [s\src\hotspot\share\classfile\systemDictionary.cpp, line 313]
Event: 562.601 Thread 0x000001d0b137d7c0 Exception <a 'java/lang/ClassNotFoundException'{0x00000000ed301350}: org/gradle/api/internal/artifacts/result/DefaultResolutionResultCustomizer> (0x00000000ed301350) 
thrown [s\src\hotspot\share\classfile\systemDictionary.cpp, line 313]
Event: 566.190 Thread 0x000001d0b137d7c0 Exception <a 'java/lang/ClassNotFoundException'{0x00000000ecd943b0}: java/util/LinkedHashSetBeanInfo> (0x00000000ecd943b0) 
thrown [s\src\hotspot\share\classfile\systemDictionary.cpp, line 313]
Event: 566.195 Thread 0x000001d0b137d7c0 Exception <a 'java/lang/ClassNotFoundException'{0x00000000ecd99e38}: java/util/HashSetBeanInfo> (0x00000000ecd99e38) 
thrown [s\src\hotspot\share\classfile\systemDictionary.cpp, line 313]
Event: 566.199 Thread 0x000001d0b137d7c0 Exception <a 'java/lang/ClassNotFoundException'{0x00000000ecd9f698}: java/util/AbstractSetBeanInfo> (0x00000000ecd9f698) 
thrown [s\src\hotspot\share\classfile\systemDictionary.cpp, line 313]
Event: 566.203 Thread 0x000001d0b137d7c0 Exception <a 'java/lang/ClassNotFoundException'{0x00000000ecda4ee8}: java/util/AbstractSetCustomizer> (0x00000000ecda4ee8) 
thrown [s\src\hotspot\share\classfile\systemDictionary.cpp, line 313]
Event: 566.216 Thread 0x000001d0b137d7c0 Exception <a 'java/lang/ClassNotFoundException'{0x00000000ecdd08d0}: java/util/HashSetCustomizer> (0x00000000ecdd08d0) 
thrown [s\src\hotspot\share\classfile\systemDictionary.cpp, line 313]
Event: 566.235 Thread 0x000001d0b137d7c0 Exception <a 'java/lang/ClassNotFoundException'{0x00000000ecc09b88}: java/util/LinkedHashSetCustomizer> (0x00000000ecc09b88) 
thrown [s\src\hotspot\share\classfile\systemDictionary.cpp, line 313]
Event: 566.280 Thread 0x000001d0b137d7c0 Exception <a 'java/lang/ClassNotFoundException'{0x00000000ecc8d5a0}: org/gradle/api/internal/artifacts/result/DefaultResolvedComponentResultBeanInfo> (0x00000000ecc8d5a0) 
thrown [s\src\hotspot\share\classfile\systemDictionary.cpp, line 313]
Event: 566.283 Thread 0x000001d0b137d7c0 Exception <a 'java/lang/ClassNotFoundException'{0x00000000ecca0c60}: org/gradle/api/internal/artifacts/result/DefaultResolvedComponentResultCustomizer> (0x00000000ecca0c60) 
thrown [s\src\hotspot\share\classfile\systemDictionary.cpp, line 313]
Event: 566.288 Thread 0x000001d0b137d7c0 Implicit null exception at 0x000001d087e280a2 to 0x000001d087e28c70
Event: 566.294 Thread 0x000001d0b137d7c0 Exception <a 'java/lang/IncompatibleClassChangeError'{0x00000000eccc63d8}: Found class java.lang.Object, but interface was expected> (0x00000000eccc63d8) 
thrown [s\src\hotspot\share\interpreter\linkResolver.cpp, line 840]
Event: 566.303 Thread 0x000001d0b137d7c0 Exception <a 'java/lang/IncompatibleClassChangeError'{0x00000000eccd32d0}: Found class java.lang.Object, but interface was expected> (0x00000000eccd32d0) 
thrown [s\src\hotspot\share\interpreter\linkResolver.cpp, line 840]

ZGC Phase Switch (0 events):
No events

VM Operations (20 events):
Event: 561.394 Executing non-safepoint VM operation: HandshakeAllThreads (Deoptimize) done
Event: 561.584 Executing non-safepoint VM operation: HandshakeAllThreads (Deoptimize)
Event: 561.584 Executing non-safepoint VM operation: HandshakeAllThreads (Deoptimize) done
Event: 561.588 Executing non-safepoint VM operation: HandshakeAllThreads (Deoptimize)
Event: 561.588 Executing non-safepoint VM operation: HandshakeAllThreads (Deoptimize) done
Event: 561.724 Executing non-safepoint VM operation: HandshakeAllThreads (Deoptimize)
Event: 561.724 Executing non-safepoint VM operation: HandshakeAllThreads (Deoptimize) done
Event: 561.724 Executing safepoint VM operation: Cleanup
Event: 561.724 Executing safepoint VM operation: Cleanup done
Event: 561.771 Executing non-safepoint VM operation: HandshakeAllThreads (Deoptimize)
Event: 561.771 Executing non-safepoint VM operation: HandshakeAllThreads (Deoptimize) done
Event: 562.774 Executing safepoint VM operation: Cleanup
Event: 562.775 Executing safepoint VM operation: Cleanup done
Event: 563.776 Executing safepoint VM operation: Cleanup
Event: 563.792 Executing safepoint VM operation: Cleanup done
Event: 564.805 Executing safepoint VM operation: Cleanup
Event: 564.852 Executing safepoint VM operation: Cleanup done
Event: 565.862 Executing safepoint VM operation: Cleanup
Event: 565.911 Executing safepoint VM operation: Cleanup done
Event: 566.917 Executing safepoint VM operation: Cleanup

Memory protections (0 events):
No events

Nmethod flushes (20 events):
Event: 406.256 Thread 0x000001d09313b800 flushing  nmethod 0x000001d08085b190
Event: 406.256 Thread 0x000001d09313b800 flushing  nmethod 0x000001d087cded10
Event: 406.256 Thread 0x000001d09313b800 flushing  nmethod 0x000001d08015fe90
Event: 406.256 Thread 0x000001d09313b800 flushing  nmethod 0x000001d0801dd990
Event: 406.256 Thread 0x000001d09313b800 flushing  nmethod 0x000001d0801e0e90
Event: 406.256 Thread 0x000001d09313b800 flushing  nmethod 0x000001d0801e5e10
Event: 406.256 Thread 0x000001d09313b800 flushing  nmethod 0x000001d0801e6390
Event: 406.256 Thread 0x000001d09313b800 flushing  nmethod 0x000001d0801e6b90
Event: 406.256 Thread 0x000001d09313b800 flushing  nmethod 0x000001d0801e9d90
Event: 406.256 Thread 0x000001d09313b800 flushing  nmethod 0x000001d0801ea790
Event: 406.256 Thread 0x000001d09313b800 flushing  nmethod 0x000001d080296a90
Event: 406.256 Thread 0x000001d09313b800 flushing  nmethod 0x000001d080297710
Event: 406.256 Thread 0x000001d09313b800 flushing  nmethod 0x000001d080298190
Event: 406.256 Thread 0x000001d09313b800 flushing  nmethod 0x000001d080298890
Event: 406.256 Thread 0x000001d09313b800 flushing  nmethod 0x000001d080299f90
Event: 406.256 Thread 0x000001d09313b800 flushing  nmethod 0x000001d08029a710
Event: 406.256 Thread 0x000001d09313b800 flushing  nmethod 0x000001d0802bc910
Event: 406.256 Thread 0x000001d09313b800 flushing  nmethod 0x000001d0808bac90
Event: 406.256 Thread 0x000001d09313b800 flushing  nmethod 0x000001d0808bc590
Event: 406.256 Thread 0x000001d09313b800 flushing  nmethod 0x000001d0808bca10

Events (20 events):
Event: 546.505 Thread 0x000001d093170190 Thread added: 0x000001d0afd16770
Event: 547.735 Thread 0x000001d0afd16770 Thread exited: 0x000001d0afd16770
Event: 551.993 Thread 0x000001d0afd19720 Thread exited: 0x000001d0afd19720
Event: 560.370 Thread 0x000001d0adc21100 Thread added: 0x000001d0b1372650
Event: 560.511 Thread 0x000001d0b1372650 Thread added: 0x000001d0b1372ce0
Event: 560.514 Thread 0x000001d0b1372650 Thread added: 0x000001d0b137d7c0
Event: 560.515 Thread 0x000001d0b1372650 Thread added: 0x000001d0b137d130
Event: 560.519 Thread 0x000001d0b1372650 Thread added: 0x000001d0b137c410
Event: 560.521 Thread 0x000001d0b1372650 Thread added: 0x000001d0b137de50
Event: 560.521 Thread 0x000001d0b1372650 Thread added: 0x000001d0b137e4e0
Event: 560.526 Thread 0x000001d0b1372650 Thread added: 0x000001d0b137caa0
Event: 560.526 Thread 0x000001d0b1372650 Thread added: 0x000001d0b137eb70
Event: 560.527 Thread 0x000001d0b1372650 Thread added: 0x000001d0b137b6f0
Event: 560.531 Thread 0x000001d0b1372650 Thread added: 0x000001d0b137bd80
Event: 560.532 Thread 0x000001d0b1372650 Thread added: 0x000001d0b08ca180
Event: 560.532 Thread 0x000001d0b1372650 Thread added: 0x000001d0b08c8dd0
Event: 560.532 Thread 0x000001d0b1372650 Thread added: 0x000001d0b08c9af0
Event: 560.533 Thread 0x000001d0b1372650 Thread added: 0x000001d0b08c9460
Event: 560.533 Thread 0x000001d0b1372650 Thread added: 0x000001d0b08ca810
Event: 561.011 Thread 0x000001d0b137d7c0 Thread added: 0x000001d0b08cb530


Dynamic libraries:
0x00007ff792d60000 - 0x00007ff792d6e000 	C:\Users\Anshika\.vscode\extensions\redhat.java-1.55.0-win32-x64\jre\21.0.11-win32-x86_64\bin\java.exe
0x00007ff8fd860000 - 0x00007ff8fdac6000 	C:\windows\SYSTEM32\ntdll.dll
0x00007ff8fc5b0000 - 0x00007ff8fc679000 	C:\windows\System32\KERNEL32.DLL
0x00007ff8fae30000 - 0x00007ff8fb22a000 	C:\windows\System32\KERNELBASE.dll
0x00007ff8f7760000 - 0x00007ff8f7800000 	C:\windows\SYSTEM32\apphelp.dll
0x00007ff8fb230000 - 0x00007ff8fb37c000 	C:\windows\System32\ucrtbase.dll
0x00007ff8eed10000 - 0x00007ff8eed28000 	C:\Users\Anshika\.vscode\extensions\redhat.java-1.55.0-win32-x64\jre\21.0.11-win32-x86_64\bin\jli.dll
0x00007ff8fc320000 - 0x00007ff8fc4e7000 	C:\windows\System32\USER32.dll
0x00007ff8fb5a0000 - 0x00007ff8fb5c7000 	C:\windows\System32\win32u.dll
0x00007ff8fb5d0000 - 0x00007ff8fb5fb000 	C:\windows\System32\GDI32.dll
0x00007ff8fac70000 - 0x00007ff8fad9b000 	C:\windows\System32\gdi32full.dll
0x00007ff8fb4f0000 - 0x00007ff8fb593000 	C:\windows\System32\msvcp_win.dll
0x00007ff8d7b30000 - 0x00007ff8d7b4e000 	C:\Users\Anshika\.vscode\extensions\redhat.java-1.55.0-win32-x64\jre\21.0.11-win32-x86_64\bin\VCRUNTIME140.dll
0x00007ff8df2c0000 - 0x00007ff8df552000 	C:\windows\WinSxS\amd64_microsoft.windows.common-controls_6595b64144ccf1df_6.0.26100.8521_none_3e08b75ce33403b3\COMCTL32.dll
0x00007ff8fca10000 - 0x00007ff8fcab9000 	C:\windows\System32\msvcrt.dll
0x00007ff8fb600000 - 0x00007ff8fb632000 	C:\windows\System32\IMM32.DLL
0x00007ff8eeeb0000 - 0x00007ff8eeebc000 	C:\Users\Anshika\.vscode\extensions\redhat.java-1.55.0-win32-x64\jre\21.0.11-win32-x86_64\bin\vcruntime140_1.dll
0x00007ff820ff0000 - 0x00007ff82107d000 	C:\Users\Anshika\.vscode\extensions\redhat.java-1.55.0-win32-x64\jre\21.0.11-win32-x86_64\bin\msvcp140.dll
0x00007fffdb6a0000 - 0x00007fffdc442000 	C:\Users\Anshika\.vscode\extensions\redhat.java-1.55.0-win32-x64\jre\21.0.11-win32-x86_64\bin\server\jvm.dll
0x00007ff8fb810000 - 0x00007ff8fb8c6000 	C:\windows\System32\ADVAPI32.dll
0x00007ff8fc680000 - 0x00007ff8fc72a000 	C:\windows\System32\sechost.dll
0x00007ff8fb6f0000 - 0x00007ff8fb808000 	C:\windows\System32\RPCRT4.dll
0x00007ff8fb660000 - 0x00007ff8fb6e0000 	C:\windows\System32\WS2_32.dll
0x00007ff8fa950000 - 0x00007ff8fa9ae000 	C:\windows\SYSTEM32\POWRPROF.dll
0x00007ff8ef1c0000 - 0x00007ff8ef1f6000 	C:\windows\SYSTEM32\WINMM.dll
0x00007ff8ed210000 - 0x00007ff8ed21b000 	C:\windows\SYSTEM32\VERSION.dll
0x00007ff8fa930000 - 0x00007ff8fa944000 	C:\windows\SYSTEM32\UMPDC.dll
0x00007ff8f9880000 - 0x00007ff8f989b000 	C:\windows\SYSTEM32\kernel.appcore.dll
0x00007ff8eeba0000 - 0x00007ff8eebaa000 	C:\Users\Anshika\.vscode\extensions\redhat.java-1.55.0-win32-x64\jre\21.0.11-win32-x86_64\bin\jimage.dll
0x00007ff8ec120000 - 0x00007ff8ec362000 	C:\windows\SYSTEM32\DBGHELP.DLL
0x00007ff8fb8d0000 - 0x00007ff8fbc53000 	C:\windows\System32\combase.dll
0x00007ff8fc100000 - 0x00007ff8fc1d9000 	C:\windows\System32\OLEAUT32.dll
0x00007ff8db1d0000 - 0x00007ff8db20b000 	C:\windows\SYSTEM32\dbgcore.DLL
0x00007ff8fb440000 - 0x00007ff8fb4e8000 	C:\windows\System32\bcryptPrimitives.dll
0x00007ff8d7c90000 - 0x00007ff8d7c9f000 	C:\Users\Anshika\.vscode\extensions\redhat.java-1.55.0-win32-x64\jre\21.0.11-win32-x86_64\bin\instrument.dll
0x00007ff8d7870000 - 0x00007ff8d7890000 	C:\Users\Anshika\.vscode\extensions\redhat.java-1.55.0-win32-x64\jre\21.0.11-win32-x86_64\bin\java.dll
0x00007ff8fcdd0000 - 0x00007ff8fd554000 	C:\windows\System32\SHELL32.dll
0x00007ff8f8690000 - 0x00007ff8f8f10000 	C:\windows\SYSTEM32\windows.storage.dll
0x00007ff8fccd0000 - 0x00007ff8fcdc6000 	C:\windows\System32\SHCORE.dll
0x00007ff8fc1e0000 - 0x00007ff8fc247000 	C:\windows\System32\shlwapi.dll
0x00007ff8faa10000 - 0x00007ff8faa39000 	C:\windows\SYSTEM32\profapi.dll
0x00007ff8d7850000 - 0x00007ff8d7868000 	C:\Users\Anshika\.vscode\extensions\redhat.java-1.55.0-win32-x64\jre\21.0.11-win32-x86_64\bin\zip.dll
0x00007ff8d7b20000 - 0x00007ff8d7b30000 	C:\Users\Anshika\.vscode\extensions\redhat.java-1.55.0-win32-x64\jre\21.0.11-win32-x86_64\bin\net.dll
0x00007ff8f3390000 - 0x00007ff8f34b9000 	C:\windows\SYSTEM32\WINHTTP.dll
0x00007ff8f9df0000 - 0x00007ff8f9e5c000 	C:\windows\system32\mswsock.dll
0x00007ff8d6560000 - 0x00007ff8d6576000 	C:\Users\Anshika\.vscode\extensions\redhat.java-1.55.0-win32-x64\jre\21.0.11-win32-x86_64\bin\nio.dll
0x00007ff8d7840000 - 0x00007ff8d7850000 	C:\Users\Anshika\.vscode\extensions\redhat.java-1.55.0-win32-x64\jre\21.0.11-win32-x86_64\bin\verify.dll
0x00007ff88d730000 - 0x00007ff88d757000 	C:\Users\Anshika\.gradle\native\c067742578af261105cb4f569cf0c3c89f3d7b1fecec35dd04571415982c5e48\windows-amd64\native-platform.dll
0x00007ffff76c0000 - 0x00007ffff7804000 	C:\Users\Anshika\.gradle\native\100fb08df4bc3b14c8652ba06237920a3bd2aa13389f12d3474272988ae205f9\windows-amd64\native-platform-file-events.dll
0x00007ff8d5790000 - 0x00007ff8d579a000 	C:\Users\Anshika\.vscode\extensions\redhat.java-1.55.0-win32-x64\jre\21.0.11-win32-x86_64\bin\management.dll
0x00007ff8d5780000 - 0x00007ff8d578c000 	C:\Users\Anshika\.vscode\extensions\redhat.java-1.55.0-win32-x64\jre\21.0.11-win32-x86_64\bin\management_ext.dll
0x00007ff8fcc60000 - 0x00007ff8fcc68000 	C:\windows\System32\PSAPI.DLL
0x00007ff8fa0e0000 - 0x00007ff8fa0fb000 	C:\windows\SYSTEM32\CRYPTSP.dll
0x00007ff8f97e0000 - 0x00007ff8f9819000 	C:\windows\system32\rsaenh.dll
0x00007ff8f9ea0000 - 0x00007ff8f9ed3000 	C:\windows\SYSTEM32\USERENV.dll
0x00007ff8fa9e0000 - 0x00007ff8faa0a000 	C:\windows\SYSTEM32\bcrypt.dll
0x00007ff8fa0d0000 - 0x00007ff8fa0dc000 	C:\windows\SYSTEM32\CRYPTBASE.dll
0x00007ff8f92a0000 - 0x00007ff8f92d3000 	C:\windows\SYSTEM32\IPHLPAPI.DLL
0x00007ff8fbc60000 - 0x00007ff8fbc6a000 	C:\windows\System32\NSI.dll
0x00007ff8d3a20000 - 0x00007ff8d3a29000 	C:\Users\Anshika\.vscode\extensions\redhat.java-1.55.0-win32-x64\jre\21.0.11-win32-x86_64\bin\extnet.dll
0x00007ff8d5420000 - 0x00007ff8d542e000 	C:\Users\Anshika\.vscode\extensions\redhat.java-1.55.0-win32-x64\jre\21.0.11-win32-x86_64\bin\sunmscapi.dll
0x00007ff8faaf0000 - 0x00007ff8fac68000 	C:\windows\System32\CRYPT32.dll
0x00007ff8fa2f0000 - 0x00007ff8fa320000 	C:\windows\SYSTEM32\ncrypt.dll
0x00007ff8fa2a0000 - 0x00007ff8fa2df000 	C:\windows\SYSTEM32\NTASN1.dll
0x00007ff8bdb00000 - 0x00007ff8bdb08000 	C:\windows\system32\wshunix.dll

JVMTI agents:
C:\Users\Anshika\.gradle\wrapper\dists\gradle-8.9-bin\90cnw93cvbtalezasaz0blq0a\gradle-8.9\lib\agents\gradle-instrumentation-agent-8.9.jar path:C:\Users\Anshika\.vscode\extensions\redhat.java-1.55.0-win32-x64\jre\21.0.11-win32-x86_64\bin\instrument.dll, loaded, initialized, instrumentlib options:none

dbghelp: loaded successfully - version: 4.0.5 - missing functions: none
symbol engine: initialized successfully - sym options: 0x614 - pdb path: .;C:\Users\Anshika\.vscode\extensions\redhat.java-1.55.0-win32-x64\jre\21.0.11-win32-x86_64\bin;C:\windows\SYSTEM32;C:\windows\WinSxS\amd64_microsoft.windows.common-controls_6595b64144ccf1df_6.0.26100.8521_none_3e08b75ce33403b3;C:\Users\Anshika\.vscode\extensions\redhat.java-1.55.0-win32-x64\jre\21.0.11-win32-x86_64\bin\server;C:\Users\Anshika\.gradle\native\c067742578af261105cb4f569cf0c3c89f3d7b1fecec35dd04571415982c5e48\windows-amd64;C:\Users\Anshika\.gradle\native\100fb08df4bc3b14c8652ba06237920a3bd2aa13389f12d3474272988ae205f9\windows-amd64

VM Arguments:
jvm_args: --add-opens=java.base/java.util=ALL-UNNAMED --add-opens=java.base/java.lang=ALL-UNNAMED --add-opens=java.base/java.lang.invoke=ALL-UNNAMED --add-opens=java.prefs/java.util.prefs=ALL-UNNAMED --add-exports=jdk.compiler/com.sun.tools.javac.api=ALL-UNNAMED --add-exports=jdk.compiler/com.sun.tools.javac.util=ALL-UNNAMED --add-opens=java.base/java.nio.charset=ALL-UNNAMED --add-opens=java.base/java.net=ALL-UNNAMED --add-opens=java.base/java.util.concurrent.atomic=ALL-UNNAMED -XX:MaxMetaspaceSize=384m -XX:+HeapDumpOnOutOfMemoryError -Xms256m -Xmx512m -Dfile.encoding=utf8 -Duser.country=IN -Duser.language=en -Duser.variant -javaagent:C:\Users\Anshika\.gradle\wrapper\dists\gradle-8.9-bin\90cnw93cvbtalezasaz0blq0a\gradle-8.9\lib\agents\gradle-instrumentation-agent-8.9.jar 
java_command: org.gradle.launcher.daemon.bootstrap.GradleDaemon 8.9
java_class_path (initial): C:\Users\Anshika\.gradle\wrapper\dists\gradle-8.9-bin\90cnw93cvbtalezasaz0blq0a\gradle-8.9\lib\gradle-daemon-main-8.9.jar
Launcher Type: SUN_STANDARD

[Global flags]
     intx CICompilerCount                          = 12                                        {product} {ergonomic}
   size_t CompressedClassSpaceSize                 = 335544320                                 {product} {ergonomic}
     uint ConcGCThreads                            = 3                                         {product} {ergonomic}
     uint G1ConcRefinementThreads                  = 13                                        {product} {ergonomic}
   size_t G1HeapRegionSize                         = 1048576                                   {product} {ergonomic}
    uintx GCDrainStackTargetSize                   = 64                                        {product} {ergonomic}
     bool HeapDumpOnOutOfMemoryError               = true                                   {manageable} {command line}
   size_t InitialHeapSize                          = 268435456                                 {product} {command line}
   size_t MarkStackSize                            = 4194304                                   {product} {ergonomic}
   size_t MaxHeapSize                              = 536870912                                 {product} {command line}
   size_t MaxMetaspaceSize                         = 402653184                                 {product} {command line}
   size_t MaxNewSize                               = 321912832                                 {product} {ergonomic}
   size_t MinHeapDeltaBytes                        = 1048576                                   {product} {ergonomic}
   size_t MinHeapSize                              = 268435456                                 {product} {command line}
    uintx NonNMethodCodeHeapSize                   = 7602480                                {pd product} {ergonomic}
    uintx NonProfiledCodeHeapSize                  = 122027880                              {pd product} {ergonomic}
    uintx ProfiledCodeHeapSize                     = 122027880                              {pd product} {ergonomic}
    uintx ReservedCodeCacheSize                    = 251658240                              {pd product} {ergonomic}
     bool SegmentedCodeCache                       = true                                      {product} {ergonomic}
   size_t SoftMaxHeapSize                          = 536870912                              {manageable} {ergonomic}
     bool UseCompressedOops                        = true                           {product lp64_product} {ergonomic}
     bool UseG1GC                                  = true                                      {product} {ergonomic}
     bool UseLargePagesIndividualAllocation        = false                                  {pd product} {ergonomic}

Logging:
Log output configuration:
 #0: stdout all=warning uptime,level,tags foldmultilines=false
 #1: stderr all=off uptime,level,tags foldmultilines=false

Release file:
JAVA_VERSION="21.0.11" 
MODULES="java.base java.compiler java.datatransfer java.xml java.prefs java.desktop java.instrument java.logging java.management java.security.sasl java.naming java.rmi java.management.rmi java.net.http java.scripting java.security.jgss java.transaction.xa java.sql java.sql.rowset java.xml.crypto java.se java.smartcardio jdk.accessibility jdk.internal.jvmstat jdk.attach jdk.charsets jdk.internal.opt jdk.zipfs jdk.compiler jdk.crypto.ec jdk.crypto.cryptoki jdk.crypto.mscapi jdk.dynalink jdk.internal.ed jdk.editpad jdk.hotspot.agent jdk.httpserver jdk.internal.le jdk.internal.vm.ci jdk.internal.vm.compiler jdk.internal.vm.compiler.management jdk.jartool jdk.javadoc jdk.jcmd jdk.management jdk.management.agent jdk.jconsole jdk.jdeps jdk.jdwp.agent jdk.jdi jdk.jfr jdk.jshell jdk.jsobject jdk.jstatd jdk.localedata jdk.management.jfr jdk.naming.dns jdk.naming.rmi jdk.net jdk.nio.mapmode jdk.random jdk.sctp jdk.security.auth jdk.security.jgss jdk.unsupported jdk.unsupported.desktop jdk.xml.dom" 

Environment Variables:
JAVA_HOME=C:\Program Files\Android\Android Studio\jbr

PATH=C:\Program Files\Microsoft SDKs\Azure\CLI2\wbin;C:\Program Files\Common Files\Oracle\Java\javapath;C:\Program Files\Python313\Scripts\;C:\Program Files\Python313\;C:\windows\system32;C:\windows;C:\windows\System32\Wbem;C:\windows\System32\WindowsPowerShell\v1.0\;C:\windows\System32\OpenSSH\;C:\Program Files (x86)\NVIDIA Corporation\PhysX\Common;C:\Program Files\NVIDIA Corporation\NVIDIA NvDLISR;C:\Users\Administrator\AppData\Local\Microsoft\WindowsApps;C:\Program Files\HP\OMEN-Broadcast\Common;C:\Program Files\Java\jdk-24\bin;C:\ffmpeg\bin;C:\Program Files (x86)\QuickTime\QTSystem\;C:\Program Files\dotnet\;C:\Program Files\PuTTY\;C:\Program Files\Git\cmd;C:\Program Files\Git\bin;C:\Program Files\Git\cmd;C:\Users\Anshika\Downloads\apache-maven-3.9.14-bin\apache-maven-3.9.14\bin;C:\Users\Anshika\AppData\Roaming\Python\Python313\Scripts;C:\Users\Anshika\Downloads\terraform_1.14.7_windows_386;C:\Users\Anshika\Downloads\terraform_1.14.7_windows_386\terraform.exe;C:\Program Files\Docker\Docker\resources\bin;C:\Program Files\eSpeak NG;C:\Program Files\eSpeak NG\bin;C:\Program Files\nodejs\;C:\Users\Anshika\AppData\Local\agy\bin;C:\Users\Anshika\Downloads\Piper\piper1-gpl-main\.venv\Scripts;c:\Users\Anshika\AppData\Roaming\Code\User\globalStorage\github.copilot-chat\debugCommand;c:\Users\Anshika\AppData\Roaming\Code\User\globalStorage\github.copilot-chat\copilotCli;C:\Users\Anshika\AppData\Local\Programs\Microsoft VS Code;C:\Program Files\Microsoft SDKs\Azure\CLI2\wbin;C:\Program Files\Common Files\Oracle\Java\javapath;C:\Program Files\Python313\Scripts\;C:\Program Files\Python313\;C:\windows\system32;C:\windows;C:\windows\System32\Wbem;C:\windows\System32\WindowsPowerShell\v1.0\;C:\windows\System32\OpenSSH\;C:\Program Files (x86)\NVIDIA Corporation\PhysX\Common;C:\Program Files\NVIDIA Corporation\NVIDIA NvDLISR;C:\Users\Administrator\AppData\Local\Microsoft\WindowsApps;C:\Program Files\HP\OMEN-Broadcast\Common;C:\Program Files\HP\HP One Agent;C:\Program Files\Java\jdk-24\bin;C:\ffmpeg\bin;C:\Program Files (x86)\QuickTime\QTSystem\;C:\Program Files\dotnet\;C:\Program Files\PuTTY\;C:\Program Files\Git\cmd;C:\Program Files\Git\bin;C:\P;C:\Users\Anshika\AppData\Local\Programs\Antigravity\bin;C:\Users\Anshika\AppData\Local\Programs\Microsoft VS Code\bin;C:\Users\Anshika\AppData\Local\Programs\Antigravity IDE\bin;C:\Users\Anshika\AppData\Roaming\npm;C:\Users\Anshika\AppData\Local\Programs\cursor\resources\app\bin
USERNAME=Anshika
OS=Windows_NT
PROCESSOR_IDENTIFIER=AMD64 Family 25 Model 116 Stepping 1, AuthenticAMD
TMP=C:\Users\Anshika\AppData\Local\Temp
TEMP=C:\Users\Anshika\AppData\Local\Temp




Periodic native trim disabled

---------------  S Y S T E M  ---------------

OS:
 Windows 11 , 64 bit Build 26100 (10.0.26100.8521)
OS uptime: 2 days 8:48 hours
Hyper-V role detected

CPU: total 16 (initial active 16) (16 cores per cpu, 2 threads per core) family 25 model 116 stepping 1 microcode 0xa704109, cx8, cmov, fxsr, ht, mmx, 3dnowpref, sse, sse2, sse3, ssse3, sse4a, sse4.1, sse4.2, popcnt, lzcnt, tsc, tscinvbit, avx, avx2, aes, erms, clmul, bmi1, bmi2, adx, avx512f, avx512dq, avx512cd, avx512bw, avx512vl, sha, fma, vzeroupper, avx512_vpopcntdq, avx512_vpclmulqdq, avx512_vaes, avx512_vnni, clflush, clflushopt, avx512_vbmi2, avx512_vbmi, hv, rdtscp, rdpid, fsrm, gfni, avx512_bitalg, f16c, cet_ss, avx512_ifma
Processor Information for the first 16 processors :
  Max Mhz: 3801, Current Mhz: 2516, Mhz Limit: 3801

Memory: 4k page, system-wide physical 15654M (5M free)
TotalPageFile size 56315M (AvailPageFile size 8M)
current process WorkingSet (physical memory assigned to process): 182M, peak: 291M
current process commit charge ("private bytes"): 533M, peak: 535M

vm_info: OpenJDK 64-Bit Server VM (21.0.11+10-LTS) for windows-amd64 JRE (21.0.11+10-LTS), built on 2026-04-21T00:00:00Z by "admin" with MS VC++ 17.12 (VS2022)

END.
