#
# There is insufficient memory for the Java Runtime Environment to continue.
# Native memory allocation (malloc) failed to allocate 32744 bytes. Error detail: Chunk::new
# Possible reasons:
#   The system is out of physical RAM or swap space
#   This process is running with CompressedOops enabled, and the Java Heap may be blocking the growth of the native heap
# Possible solutions:
#   Reduce memory load on the system
#   Increase physical memory or swap space
#   Check if swap backing store is full
#   Decrease Java heap size (-Xmx/-Xms)
#   Decrease number of Java threads
#   Decrease Java thread stack sizes (-Xss)
#   Set larger code cache with -XX:ReservedCodeCacheSize=
#   JVM is running with Unscaled Compressed Oops mode in which the Java heap is
#     placed in the first 4GB address space. The Java Heap base address is the
#     maximum limit for the native heap growth. Please use -XX:HeapBaseMinAddress
#     to set the Java Heap base and to place the Java Heap above 4GB virtual address.
# This output file may be truncated or incomplete.
#
#  Out of Memory Error (arena.cpp:168), pid=19040, tid=13320
#
# JRE version: OpenJDK Runtime Environment Temurin-21.0.11+10 (21.0.11+10) (build 21.0.11+10-LTS)
# Java VM: OpenJDK 64-Bit Server VM Temurin-21.0.11+10 (21.0.11+10-LTS, mixed mode, sharing, tiered, compressed oops, compressed class ptrs, g1 gc, windows-amd64)
# No core dump will be written. Minidumps are not enabled by default on client versions of Windows
#

---------------  S U M M A R Y ------------

Command Line: --add-opens=java.base/java.util=ALL-UNNAMED --add-opens=java.base/java.lang=ALL-UNNAMED --add-opens=java.base/java.lang.invoke=ALL-UNNAMED --add-opens=java.prefs/java.util.prefs=ALL-UNNAMED --add-exports=jdk.compiler/com.sun.tools.javac.api=ALL-UNNAMED --add-exports=jdk.compiler/com.sun.tools.javac.util=ALL-UNNAMED --add-opens=java.base/java.nio.charset=ALL-UNNAMED --add-opens=java.base/java.net=ALL-UNNAMED --add-opens=java.base/java.util.concurrent.atomic=ALL-UNNAMED -XX:MaxMetaspaceSize=384m -XX:+HeapDumpOnOutOfMemoryError -Xms256m -Xmx512m -Dfile.encoding=utf8 -Duser.country=IN -Duser.language=en -Duser.variant -javaagent:C:\Users\Anshika\.gradle\wrapper\dists\gradle-8.9-bin\90cnw93cvbtalezasaz0blq0a\gradle-8.9\lib\agents\gradle-instrumentation-agent-8.9.jar org.gradle.launcher.daemon.bootstrap.GradleDaemon 8.9

Host: AMD Ryzen 7 7840HS w/ Radeon 780M Graphics     , 16 cores, 15G,  Windows 11 , 64 bit Build 26100 (10.0.26100.8521)
Time: Sat Jun 27 00:54:36 2026 India Standard Time elapsed time: 594.618706 seconds (0d 0h 9m 54s)

---------------  T H R E A D  ---------------

Current thread (0x000001a9b3a8f620):  JavaThread "C2 CompilerThread0" daemon [_thread_in_native, id=13320, stack(0x00000025dfd00000,0x00000025dfe00000) (1024K)]


Current CompileTask:
C2:594618 14979       4       org.gradle.internal.fingerprint.classpath.impl.ClasspathFingerprintingStrategy$ClasspathFingerprintingVisitor::visitEntry (20 bytes)

Stack: [0x00000025dfd00000,0x00000025dfe00000]
Native frames: (J=compiled Java code, j=interpreted, Vv=VM code, C=native code)
V  [jvm.dll+0x6d7e19]
V  [jvm.dll+0x8b5096]
V  [jvm.dll+0x8b764e]
V  [jvm.dll+0x8b7d33]
V  [jvm.dll+0x284596]
V  [jvm.dll+0xc685d]
V  [jvm.dll+0xc6da1]
V  [jvm.dll+0x665873]
V  [jvm.dll+0x6668d6]
V  [jvm.dll+0x664c1b]
V  [jvm.dll+0x24c57b]
V  [jvm.dll+0x24bce0]
V  [jvm.dll+0x1cb4ae]
V  [jvm.dll+0x25baad]
V  [jvm.dll+0x25a03a]
V  [jvm.dll+0x3f868e]
V  [jvm.dll+0x85fb0d]
V  [jvm.dll+0x6d664d]
C  [ucrtbase.dll+0x2cd30]
C  [KERNEL32.DLL+0x2e957]
C  [ntdll.dll+0x87c1c]


---------------  P R O C E S S  ---------------

Threads class SMR info:
_java_thread_list=0x000001a9d324a740, length=89, elements={
0x000001a99d612a80, 0x000001a9b3a876c0, 0x000001a9b3a88120, 0x000001a9b3a8ab90,
0x000001a9b3a8b720, 0x000001a9b3a8d7a0, 0x000001a9b3a8e480, 0x000001a9b3a8f620,
0x000001a9b3a960e0, 0x000001a9b3d25e90, 0x000001a9b3cedb90, 0x000001a9b3ca2380,
0x000001a9b3ca2a10, 0x000001a9b3ca30a0, 0x000001a9b3ca4450, 0x000001a9cdab60a0,
0x000001a9cdab8800, 0x000001a9cdab6dc0, 0x000001a9cdab6730, 0x000001a9cdab9bb0,
0x000001a9cdaba240, 0x000001a9cdab9520, 0x000001a9cdab8e90, 0x000001a9cdabc9a0,
0x000001a9d0e07e50, 0x000001a9cf72a1a0, 0x000001a9d14d4760, 0x000001a9d14d0c50,
0x000001a9d14d2d20, 0x000001a9d14d7be0, 0x000001a9cf1e6510, 0x000001a9cf1eb3d0,
0x000001a9cf1ead40, 0x000001a9cf1e85e0, 0x000001a9cf1e5e80, 0x000001a9cf1ea020,
0x000001a9cf1e9300, 0x000001a9cf1e7f50, 0x000001a9cf1e9990, 0x000001a9cf1e8c70,
0x000001a9cf1e78c0, 0x000001a9cf1e6ba0, 0x000001a9cf1ea6b0, 0x000001a9cf1ec0f0,
0x000001a9cf1ec780, 0x000001a9d14d12e0, 0x000001a9d14d2000, 0x000001a9d14d4df0,
0x000001a9d14d2690, 0x000001a9d14d1970, 0x000001a9d14d61a0, 0x000001a9d14d5480,
0x000001a9d14d5b10, 0x000001a9d14d6830, 0x000001a9d14d40d0, 0x000001a9d14d33b0,
0x000001a9d14d3a40, 0x000001a9d14d7550, 0x000001a9d14d6ec0, 0x000001a9d14d8270,
0x000001a9cf726d20, 0x000001a9cf725970, 0x000001a9cf724c50, 0x000001a9cf7273b0,
0x000001a9cf7252e0, 0x000001a9cf7245c0, 0x000001a9cf726690, 0x000001a9cf727a40,
0x000001a9cf7280d0, 0x000001a9cf728760, 0x000001a9cf728df0, 0x000001a9cf726000,
0x000001a9cf72aec0, 0x000001a9cf72bbe0, 0x000001a9cf729480, 0x000001a9d0e07130,
0x000001a9d0e077c0, 0x000001a9d0e08b70, 0x000001a9d0e06410, 0x000001a9d0e05d80,
0x000001a9d0e06aa0, 0x000001a9d0e056f0, 0x000001a9d0e0ac40, 0x000001a9d0e0c680,
0x000001a9d0e09200, 0x000001a9d0e09890, 0x000001a9b3ca1cf0, 0x000001a9d0afe040,
0x000001a9d0aff3f0
}

Java Threads: ( => current thread )
  0x000001a99d612a80 JavaThread "main"                              [_thread_blocked, id=13564, stack(0x00000025def00000,0x00000025df000000) (1024K)]
  0x000001a9b3a876c0 JavaThread "Reference Handler"          daemon [_thread_blocked, id=51812, stack(0x00000025df700000,0x00000025df800000) (1024K)]
  0x000001a9b3a88120 JavaThread "Finalizer"                  daemon [_thread_blocked, id=19296, stack(0x00000025df800000,0x00000025df900000) (1024K)]
  0x000001a9b3a8ab90 JavaThread "Signal Dispatcher"          daemon [_thread_blocked, id=16988, stack(0x00000025df900000,0x00000025dfa00000) (1024K)]
  0x000001a9b3a8b720 JavaThread "Attach Listener"            daemon [_thread_blocked, id=51332, stack(0x00000025dfa00000,0x00000025dfb00000) (1024K)]
  0x000001a9b3a8d7a0 JavaThread "Service Thread"             daemon [_thread_blocked, id=6244, stack(0x00000025dfb00000,0x00000025dfc00000) (1024K)]
  0x000001a9b3a8e480 JavaThread "Monitor Deflation Thread"   daemon [_thread_blocked, id=49584, stack(0x00000025dfc00000,0x00000025dfd00000) (1024K)]
=>0x000001a9b3a8f620 JavaThread "C2 CompilerThread0"         daemon [_thread_in_native, id=13320, stack(0x00000025dfd00000,0x00000025dfe00000) (1024K)]
  0x000001a9b3a960e0 JavaThread "C1 CompilerThread0"         daemon [_thread_blocked, id=51384, stack(0x00000025dfe00000,0x00000025dff00000) (1024K)]
  0x000001a9b3d25e90 JavaThread "Common-Cleaner"             daemon [_thread_blocked, id=48852, stack(0x00000025e0100000,0x00000025e0200000) (1024K)]
  0x000001a9b3cedb90 JavaThread "Notification Thread"        daemon [_thread_blocked, id=54316, stack(0x00000025e0200000,0x00000025e0300000) (1024K)]
  0x000001a9b3ca2380 JavaThread "Daemon health stats"               [_thread_blocked, id=48460, stack(0x00000025e0c00000,0x00000025e0d00000) (1024K)]
  0x000001a9b3ca2a10 JavaThread "Incoming local TCP Connector on port 57372"        [_thread_in_native, id=50672, stack(0x00000025e0d00000,0x00000025e0e00000) (1024K)]
  0x000001a9b3ca30a0 JavaThread "Daemon periodic checks"            [_thread_blocked, id=10824, stack(0x00000025e0e00000,0x00000025e0f00000) (1024K)]
  0x000001a9b3ca4450 JavaThread "Daemon worker"                     [_thread_in_native, id=32956, stack(0x00000025e1200000,0x00000025e1300000) (1024K)]
  0x000001a9cdab60a0 JavaThread "Cache worker for journal cache (C:\Users\Anshika\.gradle\caches\journal-1)"        [_thread_blocked, id=52824, stack(0x00000025e1600000,0x00000025e1700000) (1024K)]
  0x000001a9cdab8800 JavaThread "File lock request listener"        [_thread_in_native, id=51240, stack(0x00000025e1700000,0x00000025e1800000) (1024K)]
  0x000001a9cdab6dc0 JavaThread "File lock release action executor"        [_thread_blocked, id=54164, stack(0x00000025e0800000,0x00000025e0900000) (1024K)]
  0x000001a9cdab6730 JavaThread "Cache worker for file hash cache (C:\Users\Anshika\.gradle\caches\8.9\fileHashes)"        [_thread_blocked, id=53032, stack(0x00000025e1800000,0x00000025e1900000) (1024K)]
  0x000001a9cdab9bb0 JavaThread "File watcher server"        daemon [_thread_in_native, id=48584, stack(0x00000025e2100000,0x00000025e2200000) (1024K)]
  0x000001a9cdaba240 JavaThread "File watcher consumer"      daemon [_thread_blocked, id=47452, stack(0x00000025e2200000,0x00000025e2300000) (1024K)]
  0x000001a9cdab9520 JavaThread "Cache worker for file content cache (C:\Users\Anshika\.gradle\caches\8.9\fileContent)"        [_thread_blocked, id=49512, stack(0x00000025e2400000,0x00000025e2500000) (1024K)]
  0x000001a9cdab8e90 JavaThread "jar transforms"                    [_thread_blocked, id=52916, stack(0x00000025dff00000,0x00000025e0000000) (1024K)]
  0x000001a9cdabc9a0 JavaThread "jar transforms Thread 2"           [_thread_blocked, id=27148, stack(0x00000025e0000000,0x00000025e0100000) (1024K)]
  0x000001a9d0e07e50 JavaThread "jar transforms Thread 3"           [_thread_blocked, id=44756, stack(0x00000025e2800000,0x00000025e2900000) (1024K)]
  0x000001a9cf72a1a0 JavaThread "Memory manager"                    [_thread_blocked, id=53476, stack(0x00000025e1300000,0x00000025e1400000) (1024K)]
  0x000001a9d14d4760 JavaThread "jar transforms Thread 4"           [_thread_blocked, id=7752, stack(0x00000025e2700000,0x00000025e2800000) (1024K)]
  0x000001a9d14d0c50 JavaThread "Daemon Thread 2"                   [_thread_blocked, id=23128, stack(0x00000025dee00000,0x00000025def00000) (1024K)]
  0x000001a9d14d2d20 JavaThread "jar transforms Thread 5"           [_thread_blocked, id=24540, stack(0x00000025e2600000,0x00000025e2700000) (1024K)]
  0x000001a9d14d7be0 JavaThread "jar transforms Thread 6"           [_thread_blocked, id=26788, stack(0x00000025e2900000,0x00000025e2a00000) (1024K)]
  0x000001a9cf1e6510 JavaThread "VFS cleanup Thread 4"              [_thread_blocked, id=43252, stack(0x00000025e1000000,0x00000025e1100000) (1024K)]
  0x000001a9cf1eb3d0 JavaThread "jar transforms Thread 7"           [_thread_blocked, id=49856, stack(0x00000025e2b00000,0x00000025e2c00000) (1024K)]
  0x000001a9cf1ead40 JavaThread "jar transforms Thread 8"           [_thread_blocked, id=12712, stack(0x00000025e2d00000,0x00000025e2e00000) (1024K)]
  0x000001a9cf1e85e0 JavaThread "Handler for socket connection from /127.0.0.1:57372 to /127.0.0.1:61711"        [_thread_in_native, id=29152, stack(0x00000025ded00000,0x00000025dee00000) (1024K)]
  0x000001a9cf1e5e80 JavaThread "Cancel handler"                    [_thread_blocked, id=48248, stack(0x00000025e0f00000,0x00000025e1000000) (1024K)]
  0x000001a9cf1ea020 JavaThread "Asynchronous log dispatcher for DefaultDaemonConnection: socket connection from /127.0.0.1:57372 to /127.0.0.1:61711"        [_thread_blocked, id=19812, stack(0x00000025e1100000,0x00000025e1200000) (1024K)]
  0x000001a9cf1e9300 JavaThread "Stdin handler"                     [_thread_blocked, id=44916, stack(0x00000025e1400000,0x00000025e1500000) (1024K)]
  0x000001a9cf1e7f50 JavaThread "Daemon client event forwarder"        [_thread_blocked, id=24516, stack(0x00000025e1500000,0x00000025e1600000) (1024K)]
  0x000001a9cf1e9990 JavaThread "Cache worker for file hash cache (C:\Users\Anshika\Documents\Pull-Up\Pull-up\pullup\node_modules\expo-modules-autolinking\android\expo-gradle-plugin\.gradle\8.9\fileHashes)"        [_thread_blocked, id=31424, stack(0x00000025e1f00000,0x00000025e2000000) (1024K)]
  0x000001a9cf1e8c70 JavaThread "Cache worker for Build Output Cleanup Cache (C:\Users\Anshika\Documents\Pull-Up\Pull-up\pullup\node_modules\expo-modules-autolinking\android\expo-gradle-plugin\.gradle\buildOutputCleanup)"        [_thread_blocked, id=37872, stack(0x00000025e2000000,0x00000025e2100000) (1024K)]
  0x000001a9cf1e78c0 JavaThread "Cache worker for checksums cache (C:\Users\Anshika\Documents\Pull-Up\Pull-up\pullup\node_modules\expo-modules-autolinking\android\expo-gradle-plugin\.gradle\8.9\checksums)"        [_thread_blocked, id=39480, stack(0x00000025e2300000,0x00000025e2400000) (1024K)]
  0x000001a9cf1e6ba0 JavaThread "Cache worker for cache directory md-rule (C:\Users\Anshika\.gradle\caches\8.9\md-rule)"        [_thread_blocked, id=13044, stack(0x00000025e2500000,0x00000025e2600000) (1024K)]
  0x000001a9cf1ea6b0 JavaThread "Cache worker for cache directory md-supplier (C:\Users\Anshika\.gradle\caches\8.9\md-supplier)"        [_thread_blocked, id=48144, stack(0x00000025e2a00000,0x00000025e2b00000) (1024K)]
  0x000001a9cf1ec0f0 JavaThread "Unconstrained build operations"        [_thread_blocked, id=17660, stack(0x00000025e3000000,0x00000025e3100000) (1024K)]
  0x000001a9cf1ec780 JavaThread "Unconstrained build operations Thread 2"        [_thread_blocked, id=3088, stack(0x00000025e3100000,0x00000025e3200000) (1024K)]
  0x000001a9d14d12e0 JavaThread "Unconstrained build operations Thread 3"        [_thread_blocked, id=53500, stack(0x00000025e3200000,0x00000025e3300000) (1024K)]
  0x000001a9d14d2000 JavaThread "Unconstrained build operations Thread 4"        [_thread_blocked, id=48152, stack(0x00000025e3300000,0x00000025e3400000) (1024K)]
  0x000001a9d14d4df0 JavaThread "Unconstrained build operations Thread 5"        [_thread_blocked, id=50312, stack(0x00000025e3400000,0x00000025e3500000) (1024K)]
  0x000001a9d14d2690 JavaThread "Unconstrained build operations Thread 6"        [_thread_blocked, id=53876, stack(0x00000025e3500000,0x00000025e3600000) (1024K)]
  0x000001a9d14d1970 JavaThread "Unconstrained build operations Thread 7"        [_thread_blocked, id=21200, stack(0x00000025e3600000,0x00000025e3700000) (1024K)]
  0x000001a9d14d61a0 JavaThread "Unconstrained build operations Thread 8"        [_thread_blocked, id=33028, stack(0x00000025e3700000,0x00000025e3800000) (1024K)]
  0x000001a9d14d5480 JavaThread "Unconstrained build operations Thread 9"        [_thread_blocked, id=48596, stack(0x00000025e3800000,0x00000025e3900000) (1024K)]
  0x000001a9d14d5b10 JavaThread "Unconstrained build operations Thread 10"        [_thread_blocked, id=28988, stack(0x00000025e3900000,0x00000025e3a00000) (1024K)]
  0x000001a9d14d6830 JavaThread "Unconstrained build operations Thread 11"        [_thread_blocked, id=8572, stack(0x00000025e3a00000,0x00000025e3b00000) (1024K)]
  0x000001a9d14d40d0 JavaThread "Unconstrained build operations Thread 12"        [_thread_blocked, id=52892, stack(0x00000025e3b00000,0x00000025e3c00000) (1024K)]
  0x000001a9d14d33b0 JavaThread "Unconstrained build operations Thread 13"        [_thread_blocked, id=9700, stack(0x00000025e3c00000,0x00000025e3d00000) (1024K)]
  0x000001a9d14d3a40 JavaThread "Unconstrained build operations Thread 14"        [_thread_blocked, id=33916, stack(0x00000025e3d00000,0x00000025e3e00000) (1024K)]
  0x000001a9d14d7550 JavaThread "Unconstrained build operations Thread 15"        [_thread_blocked, id=41312, stack(0x00000025e3e00000,0x00000025e3f00000) (1024K)]
  0x000001a9d14d6ec0 JavaThread "Unconstrained build operations Thread 16"        [_thread_blocked, id=31032, stack(0x00000025e3f00000,0x00000025e4000000) (1024K)]
  0x000001a9d14d8270 JavaThread "Unconstrained build operations Thread 17"        [_thread_blocked, id=10468, stack(0x00000025e4000000,0x00000025e4100000) (1024K)]
  0x000001a9cf726d20 JavaThread "Unconstrained build operations Thread 18"        [_thread_blocked, id=41868, stack(0x00000025e4100000,0x00000025e4200000) (1024K)]
  0x000001a9cf725970 JavaThread "Unconstrained build operations Thread 19"        [_thread_blocked, id=53788, stack(0x00000025e4200000,0x00000025e4300000) (1024K)]
  0x000001a9cf724c50 JavaThread "Unconstrained build operations Thread 20"        [_thread_blocked, id=8812, stack(0x00000025e4300000,0x00000025e4400000) (1024K)]
  0x000001a9cf7273b0 JavaThread "Unconstrained build operations Thread 21"        [_thread_blocked, id=17828, stack(0x00000025e4400000,0x00000025e4500000) (1024K)]
  0x000001a9cf7252e0 JavaThread "Unconstrained build operations Thread 22"        [_thread_blocked, id=2540, stack(0x00000025e4500000,0x00000025e4600000) (1024K)]
  0x000001a9cf7245c0 JavaThread "Unconstrained build operations Thread 23"        [_thread_blocked, id=49724, stack(0x00000025e4600000,0x00000025e4700000) (1024K)]
  0x000001a9cf726690 JavaThread "Unconstrained build operations Thread 24"        [_thread_blocked, id=23260, stack(0x00000025e4700000,0x00000025e4800000) (1024K)]
  0x000001a9cf727a40 JavaThread "Unconstrained build operations Thread 25"        [_thread_blocked, id=53064, stack(0x00000025e4800000,0x00000025e4900000) (1024K)]
  0x000001a9cf7280d0 JavaThread "Unconstrained build operations Thread 26"        [_thread_blocked, id=23208, stack(0x00000025e4900000,0x00000025e4a00000) (1024K)]
  0x000001a9cf728760 JavaThread "Unconstrained build operations Thread 27"        [_thread_blocked, id=28712, stack(0x00000025e4a00000,0x00000025e4b00000) (1024K)]
  0x000001a9cf728df0 JavaThread "Unconstrained build operations Thread 28"        [_thread_blocked, id=51220, stack(0x00000025e4b00000,0x00000025e4c00000) (1024K)]
  0x000001a9cf726000 JavaThread "Unconstrained build operations Thread 29"        [_thread_blocked, id=19372, stack(0x00000025e4c00000,0x00000025e4d00000) (1024K)]
  0x000001a9cf72aec0 JavaThread "Unconstrained build operations Thread 30"        [_thread_blocked, id=48476, stack(0x00000025e4d00000,0x00000025e4e00000) (1024K)]
  0x000001a9cf72bbe0 JavaThread "Unconstrained build operations Thread 31"        [_thread_blocked, id=53992, stack(0x00000025e4e00000,0x00000025e4f00000) (1024K)]
  0x000001a9cf729480 JavaThread "Unconstrained build operations Thread 32"        [_thread_blocked, id=10616, stack(0x00000025e4f00000,0x00000025e5000000) (1024K)]
  0x000001a9d0e07130 JavaThread "Unconstrained build operations Thread 33"        [_thread_blocked, id=8576, stack(0x00000025e5000000,0x00000025e5100000) (1024K)]
  0x000001a9d0e077c0 JavaThread "Unconstrained build operations Thread 34"        [_thread_blocked, id=15336, stack(0x00000025e5100000,0x00000025e5200000) (1024K)]
  0x000001a9d0e08b70 JavaThread "Unconstrained build operations Thread 35"        [_thread_blocked, id=50640, stack(0x00000025e5200000,0x00000025e5300000) (1024K)]
  0x000001a9d0e06410 JavaThread "Unconstrained build operations Thread 36"        [_thread_blocked, id=6012, stack(0x00000025e5300000,0x00000025e5400000) (1024K)]
  0x000001a9d0e05d80 JavaThread "Unconstrained build operations Thread 37"        [_thread_blocked, id=51764, stack(0x00000025e5400000,0x00000025e5500000) (1024K)]
  0x000001a9d0e06aa0 JavaThread "Unconstrained build operations Thread 38"        [_thread_blocked, id=15712, stack(0x00000025e5500000,0x00000025e5600000) (1024K)]
  0x000001a9d0e056f0 JavaThread "Unconstrained build operations Thread 39"        [_thread_blocked, id=17732, stack(0x00000025e5600000,0x00000025e5700000) (1024K)]
  0x000001a9d0e0ac40 JavaThread "Unconstrained build operations Thread 40"        [_thread_blocked, id=36504, stack(0x00000025e5700000,0x00000025e5800000) (1024K)]
  0x000001a9d0e0c680 JavaThread "Unconstrained build operations Thread 41"        [_thread_blocked, id=54400, stack(0x00000025e5800000,0x00000025e5900000) (1024K)]
  0x000001a9d0e09200 JavaThread "Unconstrained build operations Thread 42"        [_thread_blocked, id=47408, stack(0x00000025e5900000,0x00000025e5a00000) (1024K)]
  0x000001a9d0e09890 JavaThread "Unconstrained build operations Thread 43"        [_thread_blocked, id=48860, stack(0x00000025e5a00000,0x00000025e5b00000) (1024K)]
  0x000001a9b3ca1cf0 JavaThread "Unconstrained build operations Thread 44"        [_thread_blocked, id=34432, stack(0x00000025e5b00000,0x00000025e5c00000) (1024K)]
  0x000001a9d0afe040 JavaThread "Unconstrained build operations Thread 45"        [_thread_blocked, id=48184, stack(0x00000025e5c00000,0x00000025e5d00000) (1024K)]
  0x000001a9d0aff3f0 JavaThread "build event listener"              [_thread_blocked, id=8336, stack(0x00000025e2e00000,0x00000025e2f00000) (1024K)]
Total: 89

Other Threads:
  0x000001a9b3a5ea60 VMThread "VM Thread"                           [id=48600, stack(0x00000025df600000,0x00000025df700000) (1024K)]
  0x000001a9b3a51a00 WatcherThread "VM Periodic Task Thread"        [id=35784, stack(0x00000025df500000,0x00000025df600000) (1024K)]
  0x000001a99d63fa20 WorkerThread "GC Thread#0"                     [id=26112, stack(0x00000025df000000,0x00000025df100000) (1024K)]
  0x000001a9cd123fd0 WorkerThread "GC Thread#1"                     [id=30724, stack(0x00000025e0300000,0x00000025e0400000) (1024K)]
  0x000001a9cd124380 WorkerThread "GC Thread#2"                     [id=51736, stack(0x00000025e0400000,0x00000025e0500000) (1024K)]
  0x000001a9cd124730 WorkerThread "GC Thread#3"                     [id=52152, stack(0x00000025e0500000,0x00000025e0600000) (1024K)]
  0x000001a9cd124ae0 WorkerThread "GC Thread#4"                     [id=54464, stack(0x00000025e0600000,0x00000025e0700000) (1024K)]
  0x000001a9cd124e90 WorkerThread "GC Thread#5"                     [id=50956, stack(0x00000025e0700000,0x00000025e0800000) (1024K)]
  0x000001a9ce8a3a90 WorkerThread "GC Thread#6"                     [id=21684, stack(0x00000025e0900000,0x00000025e0a00000) (1024K)]
  0x000001a9ce9b03b0 WorkerThread "GC Thread#7"                     [id=9832, stack(0x00000025e0a00000,0x00000025e0b00000) (1024K)]
  0x000001a9ce9b0760 WorkerThread "GC Thread#8"                     [id=53688, stack(0x00000025e0b00000,0x00000025e0c00000) (1024K)]
  0x000001a9d16ed110 WorkerThread "GC Thread#9"                     [id=52864, stack(0x00000025e1900000,0x00000025e1a00000) (1024K)]
  0x000001a9d16ed870 WorkerThread "GC Thread#10"                    [id=36828, stack(0x00000025e1a00000,0x00000025e1b00000) (1024K)]
  0x000001a9d16ee730 WorkerThread "GC Thread#11"                    [id=10036, stack(0x00000025e1b00000,0x00000025e1c00000) (1024K)]
  0x000001a9d16eafe0 WorkerThread "GC Thread#12"                    [id=53664, stack(0x00000025e1c00000,0x00000025e1d00000) (1024K)]
  0x000001a99d645130 ConcurrentGCThread "G1 Main Marker"            [id=46952, stack(0x00000025df100000,0x00000025df200000) (1024K)]
  0x000001a99d645b50 WorkerThread "G1 Conc#0"                       [id=11800, stack(0x00000025df200000,0x00000025df300000) (1024K)]
  0x000001a9d16ed4c0 WorkerThread "G1 Conc#1"                       [id=27296, stack(0x00000025e1d00000,0x00000025e1e00000) (1024K)]
  0x000001a9d16eeae0 WorkerThread "G1 Conc#2"                       [id=51884, stack(0x00000025e1e00000,0x00000025e1f00000) (1024K)]
  0x000001a99d6bd1e0 ConcurrentGCThread "G1 Refine#0"               [id=50600, stack(0x00000025df300000,0x00000025df400000) (1024K)]
  0x000001a99d6beb20 ConcurrentGCThread "G1 Service"                [id=48712, stack(0x00000025df400000,0x00000025df500000) (1024K)]
Total: 21

Threads with active compile tasks:
C2 CompilerThread0  594736 14979       4       org.gradle.internal.fingerprint.classpath.impl.ClasspathFingerprintingStrategy$ClasspathFingerprintingVisitor::visitEntry (20 bytes)
Total: 1

VM state: not at safepoint (normal execution)

VM Mutex/Monitor currently owned by a thread: None

Heap address: 0x00000000e0000000, size: 512 MB, Compressed Oops mode: 32-bit

CDS archive(s) mapped at: [0x000001a9b4000000-0x000001a9b4ba0000-0x000001a9b4ba0000), size 12189696, SharedBaseAddress: 0x000001a9b4000000, ArchiveRelocationMode: 1.
Compressed class space mapped at: 0x000001a9b5000000-0x000001a9c9000000, reserved size: 335544320
Narrow klass base: 0x000001a9b4000000, Narrow klass shift: 0, Narrow klass range: 0x100000000

GC Precious Log:
 CardTable entry size: 512
 Card Set container configuration: InlinePtr #cards 5 size 8 Array Of Cards #cards 12 size 40 Howl #buckets 4 coarsen threshold 1843 Howl Bitmap #cards 512 size 80 coarsen threshold 460 Card regions per heap region 1 cards per card region 2048
 CPUs: 16 total, 16 available
 Memory: 15654M
 Large Page Support: Disabled
 NUMA Support: Disabled
 Compressed Oops: Enabled (32-bit)
 Heap Region Size: 1M
 Heap Min Capacity: 256M
 Heap Initial Capacity: 256M
 Heap Max Capacity: 512M
 Pre-touch: Disabled
 Parallel Workers: 13
 Concurrent Workers: 3
 Concurrent Refinement Workers: 13
 Periodic GC: Disabled

Heap:
 garbage-first heap   total 262144K, used 104646K [0x00000000e0000000, 0x0000000100000000)
  region size 1024K, 34 young (34816K), 9 survivors (9216K)
 Metaspace       used 87486K, committed 89088K, reserved 458752K
  class space    used 12386K, committed 13184K, reserved 327680K

Heap Regions: E=young(eden), S=young(survivor), O=old, HS=humongous(starts), HC=humongous(continues), CS=collection set, F=free, TAMS=top-at-mark-start, PB=parsable bottom
|   0|0x00000000e0000000, 0x00000000e0100000, 0x00000000e0100000|100%| O|  |TAMS 0x00000000e0000000| PB 0x00000000e0000000| Untracked 
|   1|0x00000000e0100000, 0x00000000e0200000, 0x00000000e0200000|100%| O|  |TAMS 0x00000000e0100000| PB 0x00000000e0100000| Untracked 
|   2|0x00000000e0200000, 0x00000000e0300000, 0x00000000e0300000|100%| O|  |TAMS 0x00000000e0200000| PB 0x00000000e0200000| Untracked 
|   3|0x00000000e0300000, 0x00000000e0400000, 0x00000000e0400000|100%|HS|  |TAMS 0x00000000e0300000| PB 0x00000000e0300000| Complete 
|   4|0x00000000e0400000, 0x00000000e0500000, 0x00000000e0500000|100%|HC|  |TAMS 0x00000000e0400000| PB 0x00000000e0400000| Complete 
|   5|0x00000000e0500000, 0x00000000e0600000, 0x00000000e0600000|100%|HC|  |TAMS 0x00000000e0500000| PB 0x00000000e0500000| Complete 
|   6|0x00000000e0600000, 0x00000000e0700000, 0x00000000e0700000|100%|HC|  |TAMS 0x00000000e0600000| PB 0x00000000e0600000| Complete 
|   7|0x00000000e0700000, 0x00000000e0800000, 0x00000000e0800000|100%| O|  |TAMS 0x00000000e0700000| PB 0x00000000e0700000| Untracked 
|   8|0x00000000e0800000, 0x00000000e0900000, 0x00000000e0900000|100%| O|  |TAMS 0x00000000e0800000| PB 0x00000000e0800000| Untracked 
|   9|0x00000000e0900000, 0x00000000e0a00000, 0x00000000e0a00000|100%| O|  |TAMS 0x00000000e0900000| PB 0x00000000e0900000| Untracked 
|  10|0x00000000e0a00000, 0x00000000e0b00000, 0x00000000e0b00000|100%|HS|  |TAMS 0x00000000e0a00000| PB 0x00000000e0a00000| Complete 
|  11|0x00000000e0b00000, 0x00000000e0c00000, 0x00000000e0c00000|100%| O|  |TAMS 0x00000000e0b00000| PB 0x00000000e0b00000| Untracked 
|  12|0x00000000e0c00000, 0x00000000e0d00000, 0x00000000e0d00000|100%| O|  |TAMS 0x00000000e0c00000| PB 0x00000000e0c00000| Untracked 
|  13|0x00000000e0d00000, 0x00000000e0e00000, 0x00000000e0e00000|100%| O|  |TAMS 0x00000000e0d00000| PB 0x00000000e0d00000| Untracked 
|  14|0x00000000e0e00000, 0x00000000e0f00000, 0x00000000e0f00000|100%| O|  |TAMS 0x00000000e0e00000| PB 0x00000000e0e00000| Untracked 
|  15|0x00000000e0f00000, 0x00000000e1000000, 0x00000000e1000000|100%| O|  |TAMS 0x00000000e0f00000| PB 0x00000000e0f00000| Untracked 
|  16|0x00000000e1000000, 0x00000000e1100000, 0x00000000e1100000|100%| O|  |TAMS 0x00000000e1000000| PB 0x00000000e1000000| Untracked 
|  17|0x00000000e1100000, 0x00000000e1200000, 0x00000000e1200000|100%| O|  |TAMS 0x00000000e1100000| PB 0x00000000e1100000| Untracked 
|  18|0x00000000e1200000, 0x00000000e1300000, 0x00000000e1300000|100%| O|  |TAMS 0x00000000e1200000| PB 0x00000000e1200000| Untracked 
|  19|0x00000000e1300000, 0x00000000e1400000, 0x00000000e1400000|100%| O|  |TAMS 0x00000000e1300000| PB 0x00000000e1300000| Untracked 
|  20|0x00000000e1400000, 0x00000000e1500000, 0x00000000e1500000|100%| O|  |TAMS 0x00000000e1400000| PB 0x00000000e1400000| Untracked 
|  21|0x00000000e1500000, 0x00000000e1600000, 0x00000000e1600000|100%| O|  |TAMS 0x00000000e1500000| PB 0x00000000e1500000| Untracked 
|  22|0x00000000e1600000, 0x00000000e1700000, 0x00000000e1700000|100%| O|  |TAMS 0x00000000e1600000| PB 0x00000000e1600000| Untracked 
|  23|0x00000000e1700000, 0x00000000e1800000, 0x00000000e1800000|100%| O|  |TAMS 0x00000000e1700000| PB 0x00000000e1700000| Untracked 
|  24|0x00000000e1800000, 0x00000000e1900000, 0x00000000e1900000|100%| O|  |TAMS 0x00000000e1800000| PB 0x00000000e1800000| Untracked 
|  25|0x00000000e1900000, 0x00000000e1a00000, 0x00000000e1a00000|100%| O|  |TAMS 0x00000000e1900000| PB 0x00000000e1900000| Untracked 
|  26|0x00000000e1a00000, 0x00000000e1b00000, 0x00000000e1b00000|100%| O|  |TAMS 0x00000000e1a00000| PB 0x00000000e1a00000| Untracked 
|  27|0x00000000e1b00000, 0x00000000e1c00000, 0x00000000e1c00000|100%| O|  |TAMS 0x00000000e1b00000| PB 0x00000000e1b00000| Untracked 
|  28|0x00000000e1c00000, 0x00000000e1d00000, 0x00000000e1d00000|100%| O|  |TAMS 0x00000000e1c00000| PB 0x00000000e1c00000| Untracked 
|  29|0x00000000e1d00000, 0x00000000e1e00000, 0x00000000e1e00000|100%| O|  |TAMS 0x00000000e1d00000| PB 0x00000000e1d00000| Untracked 
|  30|0x00000000e1e00000, 0x00000000e1f00000, 0x00000000e1f00000|100%| O|  |TAMS 0x00000000e1e00000| PB 0x00000000e1e00000| Untracked 
|  31|0x00000000e1f00000, 0x00000000e2000000, 0x00000000e2000000|100%| O|  |TAMS 0x00000000e1f00000| PB 0x00000000e1f00000| Untracked 
|  32|0x00000000e2000000, 0x00000000e2100000, 0x00000000e2100000|100%| O|  |TAMS 0x00000000e2000000| PB 0x00000000e2000000| Untracked 
|  33|0x00000000e2100000, 0x00000000e2200000, 0x00000000e2200000|100%| O|  |TAMS 0x00000000e2100000| PB 0x00000000e2100000| Untracked 
|  34|0x00000000e2200000, 0x00000000e2300000, 0x00000000e2300000|100%| O|  |TAMS 0x00000000e2200000| PB 0x00000000e2200000| Untracked 
|  35|0x00000000e2300000, 0x00000000e2400000, 0x00000000e2400000|100%| O|  |TAMS 0x00000000e2300000| PB 0x00000000e2300000| Untracked 
|  36|0x00000000e2400000, 0x00000000e2500000, 0x00000000e2500000|100%| O|  |TAMS 0x00000000e2400000| PB 0x00000000e2400000| Untracked 
|  37|0x00000000e2500000, 0x00000000e2600000, 0x00000000e2600000|100%| O|Cm|TAMS 0x00000000e2500000| PB 0x00000000e2500000| Complete 
|  38|0x00000000e2600000, 0x00000000e2700000, 0x00000000e2700000|100%| O|  |TAMS 0x00000000e2600000| PB 0x00000000e2600000| Untracked 
|  39|0x00000000e2700000, 0x00000000e2800000, 0x00000000e2800000|100%| O|  |TAMS 0x00000000e2700000| PB 0x00000000e2700000| Untracked 
|  40|0x00000000e2800000, 0x00000000e2900000, 0x00000000e2900000|100%| O|  |TAMS 0x00000000e2800000| PB 0x00000000e2800000| Untracked 
|  41|0x00000000e2900000, 0x00000000e2a00000, 0x00000000e2a00000|100%| O|  |TAMS 0x00000000e2900000| PB 0x00000000e2900000| Untracked 
|  42|0x00000000e2a00000, 0x00000000e2b00000, 0x00000000e2b00000|100%| O|  |TAMS 0x00000000e2a00000| PB 0x00000000e2a00000| Untracked 
|  43|0x00000000e2b00000, 0x00000000e2c00000, 0x00000000e2c00000|100%| O|  |TAMS 0x00000000e2b00000| PB 0x00000000e2b00000| Untracked 
|  44|0x00000000e2c00000, 0x00000000e2d00000, 0x00000000e2d00000|100%| O|  |TAMS 0x00000000e2c00000| PB 0x00000000e2c00000| Untracked 
|  45|0x00000000e2d00000, 0x00000000e2e00000, 0x00000000e2e00000|100%| O|  |TAMS 0x00000000e2d00000| PB 0x00000000e2d00000| Untracked 
|  46|0x00000000e2e00000, 0x00000000e2f00000, 0x00000000e2f00000|100%| O|Cm|TAMS 0x00000000e2e00000| PB 0x00000000e2e00000| Complete 
|  47|0x00000000e2f00000, 0x00000000e3000000, 0x00000000e3000000|100%|HS|  |TAMS 0x00000000e2f00000| PB 0x00000000e2f00000| Complete 
|  48|0x00000000e3000000, 0x00000000e3100000, 0x00000000e3100000|100%|HC|  |TAMS 0x00000000e3000000| PB 0x00000000e3000000| Complete 
|  49|0x00000000e3100000, 0x00000000e3200000, 0x00000000e3200000|100%|HC|  |TAMS 0x00000000e3100000| PB 0x00000000e3100000| Complete 
|  50|0x00000000e3200000, 0x00000000e3300000, 0x00000000e3300000|100%|HS|  |TAMS 0x00000000e3200000| PB 0x00000000e3200000| Complete 
|  51|0x00000000e3300000, 0x00000000e3400000, 0x00000000e3400000|100%|HC|  |TAMS 0x00000000e3300000| PB 0x00000000e3300000| Complete 
|  52|0x00000000e3400000, 0x00000000e3500000, 0x00000000e3500000|100%|HC|  |TAMS 0x00000000e3400000| PB 0x00000000e3400000| Complete 
|  53|0x00000000e3500000, 0x00000000e3600000, 0x00000000e3600000|100%| O|Cm|TAMS 0x00000000e3500000| PB 0x00000000e3500000| Complete 
|  54|0x00000000e3600000, 0x00000000e3700000, 0x00000000e3700000|100%| O|  |TAMS 0x00000000e3600000| PB 0x00000000e3600000| Untracked 
|  55|0x00000000e3700000, 0x00000000e3800000, 0x00000000e3800000|100%| O|  |TAMS 0x00000000e3700000| PB 0x00000000e3700000| Untracked 
|  56|0x00000000e3800000, 0x00000000e3900000, 0x00000000e3900000|100%| O|  |TAMS 0x00000000e3800000| PB 0x00000000e3800000| Untracked 
|  57|0x00000000e3900000, 0x00000000e3a00000, 0x00000000e3a00000|100%| O|  |TAMS 0x00000000e3900000| PB 0x00000000e3900000| Untracked 
|  58|0x00000000e3a00000, 0x00000000e3b00000, 0x00000000e3b00000|100%| O|  |TAMS 0x00000000e3a00000| PB 0x00000000e3a00000| Untracked 
|  59|0x00000000e3b00000, 0x00000000e3c00000, 0x00000000e3c00000|100%| O|  |TAMS 0x00000000e3b00000| PB 0x00000000e3b00000| Untracked 
|  60|0x00000000e3c00000, 0x00000000e3d00000, 0x00000000e3d00000|100%| O|  |TAMS 0x00000000e3c00000| PB 0x00000000e3c00000| Untracked 
|  61|0x00000000e3d00000, 0x00000000e3e00000, 0x00000000e3e00000|100%| O|  |TAMS 0x00000000e3d00000| PB 0x00000000e3d00000| Untracked 
|  62|0x00000000e3e00000, 0x00000000e3f00000, 0x00000000e3f00000|100%| O|  |TAMS 0x00000000e3e00000| PB 0x00000000e3e00000| Untracked 
|  63|0x00000000e3f00000, 0x00000000e4000000, 0x00000000e4000000|100%| O|  |TAMS 0x00000000e3f00000| PB 0x00000000e3f00000| Untracked 
|  64|0x00000000e4000000, 0x00000000e4100000, 0x00000000e4100000|100%| O|  |TAMS 0x00000000e4000000| PB 0x00000000e4000000| Untracked 
|  65|0x00000000e4100000, 0x00000000e4200000, 0x00000000e4200000|100%| O|  |TAMS 0x00000000e4100000| PB 0x00000000e4100000| Untracked 
|  66|0x00000000e4200000, 0x00000000e4300000, 0x00000000e4300000|100%| O|  |TAMS 0x00000000e4200000| PB 0x00000000e4200000| Untracked 
|  67|0x00000000e4300000, 0x00000000e4400000, 0x00000000e4400000|100%| O|  |TAMS 0x00000000e4300000| PB 0x00000000e4300000| Untracked 
|  68|0x00000000e4400000, 0x00000000e4500000, 0x00000000e4500000|100%| O|  |TAMS 0x00000000e4400000| PB 0x00000000e4400000| Untracked 
|  69|0x00000000e4500000, 0x00000000e45e4600, 0x00000000e4600000| 89%| O|  |TAMS 0x00000000e4500000| PB 0x00000000e4500000| Untracked 
|  70|0x00000000e4600000, 0x00000000e4600000, 0x00000000e4700000|  0%| F|  |TAMS 0x00000000e4600000| PB 0x00000000e4600000| Untracked 
|  71|0x00000000e4700000, 0x00000000e4700000, 0x00000000e4800000|  0%| F|  |TAMS 0x00000000e4700000| PB 0x00000000e4700000| Untracked 
|  72|0x00000000e4800000, 0x00000000e4800000, 0x00000000e4900000|  0%| F|  |TAMS 0x00000000e4800000| PB 0x00000000e4800000| Untracked 
|  73|0x00000000e4900000, 0x00000000e4900000, 0x00000000e4a00000|  0%| F|  |TAMS 0x00000000e4900000| PB 0x00000000e4900000| Untracked 
|  74|0x00000000e4a00000, 0x00000000e4a00000, 0x00000000e4b00000|  0%| F|  |TAMS 0x00000000e4a00000| PB 0x00000000e4a00000| Untracked 
|  75|0x00000000e4b00000, 0x00000000e4b00000, 0x00000000e4c00000|  0%| F|  |TAMS 0x00000000e4b00000| PB 0x00000000e4b00000| Untracked 
|  76|0x00000000e4c00000, 0x00000000e4c00000, 0x00000000e4d00000|  0%| F|  |TAMS 0x00000000e4c00000| PB 0x00000000e4c00000| Untracked 
|  77|0x00000000e4d00000, 0x00000000e4d00000, 0x00000000e4e00000|  0%| F|  |TAMS 0x00000000e4d00000| PB 0x00000000e4d00000| Untracked 
|  78|0x00000000e4e00000, 0x00000000e4e00000, 0x00000000e4f00000|  0%| F|  |TAMS 0x00000000e4e00000| PB 0x00000000e4e00000| Untracked 
|  79|0x00000000e4f00000, 0x00000000e4f00000, 0x00000000e5000000|  0%| F|  |TAMS 0x00000000e4f00000| PB 0x00000000e4f00000| Untracked 
|  80|0x00000000e5000000, 0x00000000e5000000, 0x00000000e5100000|  0%| F|  |TAMS 0x00000000e5000000| PB 0x00000000e5000000| Untracked 
|  81|0x00000000e5100000, 0x00000000e5100000, 0x00000000e5200000|  0%| F|  |TAMS 0x00000000e5100000| PB 0x00000000e5100000| Untracked 
|  82|0x00000000e5200000, 0x00000000e5200000, 0x00000000e5300000|  0%| F|  |TAMS 0x00000000e5200000| PB 0x00000000e5200000| Untracked 
|  83|0x00000000e5300000, 0x00000000e5300000, 0x00000000e5400000|  0%| F|  |TAMS 0x00000000e5300000| PB 0x00000000e5300000| Untracked 
|  84|0x00000000e5400000, 0x00000000e5400000, 0x00000000e5500000|  0%| F|  |TAMS 0x00000000e5400000| PB 0x00000000e5400000| Untracked 
|  85|0x00000000e5500000, 0x00000000e5500000, 0x00000000e5600000|  0%| F|  |TAMS 0x00000000e5500000| PB 0x00000000e5500000| Untracked 
|  86|0x00000000e5600000, 0x00000000e5600000, 0x00000000e5700000|  0%| F|  |TAMS 0x00000000e5600000| PB 0x00000000e5600000| Untracked 
|  87|0x00000000e5700000, 0x00000000e5700000, 0x00000000e5800000|  0%| F|  |TAMS 0x00000000e5700000| PB 0x00000000e5700000| Untracked 
|  88|0x00000000e5800000, 0x00000000e5800000, 0x00000000e5900000|  0%| F|  |TAMS 0x00000000e5800000| PB 0x00000000e5800000| Untracked 
|  89|0x00000000e5900000, 0x00000000e5900000, 0x00000000e5a00000|  0%| F|  |TAMS 0x00000000e5900000| PB 0x00000000e5900000| Untracked 
|  90|0x00000000e5a00000, 0x00000000e5a00000, 0x00000000e5b00000|  0%| F|  |TAMS 0x00000000e5a00000| PB 0x00000000e5a00000| Untracked 
|  91|0x00000000e5b00000, 0x00000000e5b00000, 0x00000000e5c00000|  0%| F|  |TAMS 0x00000000e5b00000| PB 0x00000000e5b00000| Untracked 
|  92|0x00000000e5c00000, 0x00000000e5c00000, 0x00000000e5d00000|  0%| F|  |TAMS 0x00000000e5c00000| PB 0x00000000e5c00000| Untracked 
|  93|0x00000000e5d00000, 0x00000000e5d00000, 0x00000000e5e00000|  0%| F|  |TAMS 0x00000000e5d00000| PB 0x00000000e5d00000| Untracked 
|  94|0x00000000e5e00000, 0x00000000e5e00000, 0x00000000e5f00000|  0%| F|  |TAMS 0x00000000e5e00000| PB 0x00000000e5e00000| Untracked 
|  95|0x00000000e5f00000, 0x00000000e5f00000, 0x00000000e6000000|  0%| F|  |TAMS 0x00000000e5f00000| PB 0x00000000e5f00000| Untracked 
|  96|0x00000000e6000000, 0x00000000e6000000, 0x00000000e6100000|  0%| F|  |TAMS 0x00000000e6000000| PB 0x00000000e6000000| Untracked 
|  97|0x00000000e6100000, 0x00000000e6100000, 0x00000000e6200000|  0%| F|  |TAMS 0x00000000e6100000| PB 0x00000000e6100000| Untracked 
|  98|0x00000000e6200000, 0x00000000e6200000, 0x00000000e6300000|  0%| F|  |TAMS 0x00000000e6200000| PB 0x00000000e6200000| Untracked 
|  99|0x00000000e6300000, 0x00000000e6300000, 0x00000000e6400000|  0%| F|  |TAMS 0x00000000e6300000| PB 0x00000000e6300000| Untracked 
| 100|0x00000000e6400000, 0x00000000e6400000, 0x00000000e6500000|  0%| F|  |TAMS 0x00000000e6400000| PB 0x00000000e6400000| Untracked 
| 101|0x00000000e6500000, 0x00000000e6500000, 0x00000000e6600000|  0%| F|  |TAMS 0x00000000e6500000| PB 0x00000000e6500000| Untracked 
| 102|0x00000000e6600000, 0x00000000e6600000, 0x00000000e6700000|  0%| F|  |TAMS 0x00000000e6600000| PB 0x00000000e6600000| Untracked 
| 103|0x00000000e6700000, 0x00000000e6700000, 0x00000000e6800000|  0%| F|  |TAMS 0x00000000e6700000| PB 0x00000000e6700000| Untracked 
| 104|0x00000000e6800000, 0x00000000e6800000, 0x00000000e6900000|  0%| F|  |TAMS 0x00000000e6800000| PB 0x00000000e6800000| Untracked 
| 105|0x00000000e6900000, 0x00000000e6900000, 0x00000000e6a00000|  0%| F|  |TAMS 0x00000000e6900000| PB 0x00000000e6900000| Untracked 
| 106|0x00000000e6a00000, 0x00000000e6a00000, 0x00000000e6b00000|  0%| F|  |TAMS 0x00000000e6a00000| PB 0x00000000e6a00000| Untracked 
| 107|0x00000000e6b00000, 0x00000000e6b00000, 0x00000000e6c00000|  0%| F|  |TAMS 0x00000000e6b00000| PB 0x00000000e6b00000| Untracked 
| 108|0x00000000e6c00000, 0x00000000e6c00000, 0x00000000e6d00000|  0%| F|  |TAMS 0x00000000e6c00000| PB 0x00000000e6c00000| Untracked 
| 109|0x00000000e6d00000, 0x00000000e6d00000, 0x00000000e6e00000|  0%| F|  |TAMS 0x00000000e6d00000| PB 0x00000000e6d00000| Untracked 
| 110|0x00000000e6e00000, 0x00000000e6e00000, 0x00000000e6f00000|  0%| F|  |TAMS 0x00000000e6e00000| PB 0x00000000e6e00000| Untracked 
| 111|0x00000000e6f00000, 0x00000000e6f00000, 0x00000000e7000000|  0%| F|  |TAMS 0x00000000e6f00000| PB 0x00000000e6f00000| Untracked 
| 112|0x00000000e7000000, 0x00000000e7000000, 0x00000000e7100000|  0%| F|  |TAMS 0x00000000e7000000| PB 0x00000000e7000000| Untracked 
| 113|0x00000000e7100000, 0x00000000e7100000, 0x00000000e7200000|  0%| F|  |TAMS 0x00000000e7100000| PB 0x00000000e7100000| Untracked 
| 114|0x00000000e7200000, 0x00000000e7200000, 0x00000000e7300000|  0%| F|  |TAMS 0x00000000e7200000| PB 0x00000000e7200000| Untracked 
| 115|0x00000000e7300000, 0x00000000e7300000, 0x00000000e7400000|  0%| F|  |TAMS 0x00000000e7300000| PB 0x00000000e7300000| Untracked 
| 116|0x00000000e7400000, 0x00000000e7400000, 0x00000000e7500000|  0%| F|  |TAMS 0x00000000e7400000| PB 0x00000000e7400000| Untracked 
| 117|0x00000000e7500000, 0x00000000e7500000, 0x00000000e7600000|  0%| F|  |TAMS 0x00000000e7500000| PB 0x00000000e7500000| Untracked 
| 118|0x00000000e7600000, 0x00000000e7600000, 0x00000000e7700000|  0%| F|  |TAMS 0x00000000e7600000| PB 0x00000000e7600000| Untracked 
| 119|0x00000000e7700000, 0x00000000e7700000, 0x00000000e7800000|  0%| F|  |TAMS 0x00000000e7700000| PB 0x00000000e7700000| Untracked 
| 120|0x00000000e7800000, 0x00000000e7800000, 0x00000000e7900000|  0%| F|  |TAMS 0x00000000e7800000| PB 0x00000000e7800000| Untracked 
| 121|0x00000000e7900000, 0x00000000e7900000, 0x00000000e7a00000|  0%| F|  |TAMS 0x00000000e7900000| PB 0x00000000e7900000| Untracked 
| 122|0x00000000e7a00000, 0x00000000e7a00000, 0x00000000e7b00000|  0%| F|  |TAMS 0x00000000e7a00000| PB 0x00000000e7a00000| Untracked 
| 123|0x00000000e7b00000, 0x00000000e7b00000, 0x00000000e7c00000|  0%| F|  |TAMS 0x00000000e7b00000| PB 0x00000000e7b00000| Untracked 
| 124|0x00000000e7c00000, 0x00000000e7c00000, 0x00000000e7d00000|  0%| F|  |TAMS 0x00000000e7c00000| PB 0x00000000e7c00000| Untracked 
| 125|0x00000000e7d00000, 0x00000000e7d00000, 0x00000000e7e00000|  0%| F|  |TAMS 0x00000000e7d00000| PB 0x00000000e7d00000| Untracked 
| 126|0x00000000e7e00000, 0x00000000e7e00000, 0x00000000e7f00000|  0%| F|  |TAMS 0x00000000e7e00000| PB 0x00000000e7e00000| Untracked 
| 127|0x00000000e7f00000, 0x00000000e7f00000, 0x00000000e8000000|  0%| F|  |TAMS 0x00000000e7f00000| PB 0x00000000e7f00000| Untracked 
| 128|0x00000000e8000000, 0x00000000e8000000, 0x00000000e8100000|  0%| F|  |TAMS 0x00000000e8000000| PB 0x00000000e8000000| Untracked 
| 129|0x00000000e8100000, 0x00000000e8100000, 0x00000000e8200000|  0%| F|  |TAMS 0x00000000e8100000| PB 0x00000000e8100000| Untracked 
| 130|0x00000000e8200000, 0x00000000e8200000, 0x00000000e8300000|  0%| F|  |TAMS 0x00000000e8200000| PB 0x00000000e8200000| Untracked 
| 131|0x00000000e8300000, 0x00000000e8300000, 0x00000000e8400000|  0%| F|  |TAMS 0x00000000e8300000| PB 0x00000000e8300000| Untracked 
| 132|0x00000000e8400000, 0x00000000e8400000, 0x00000000e8500000|  0%| F|  |TAMS 0x00000000e8400000| PB 0x00000000e8400000| Untracked 
| 133|0x00000000e8500000, 0x00000000e8500000, 0x00000000e8600000|  0%| F|  |TAMS 0x00000000e8500000| PB 0x00000000e8500000| Untracked 
| 134|0x00000000e8600000, 0x00000000e8600000, 0x00000000e8700000|  0%| F|  |TAMS 0x00000000e8600000| PB 0x00000000e8600000| Untracked 
| 135|0x00000000e8700000, 0x00000000e8700000, 0x00000000e8800000|  0%| F|  |TAMS 0x00000000e8700000| PB 0x00000000e8700000| Untracked 
| 136|0x00000000e8800000, 0x00000000e8800000, 0x00000000e8900000|  0%| F|  |TAMS 0x00000000e8800000| PB 0x00000000e8800000| Untracked 
| 137|0x00000000e8900000, 0x00000000e894d320, 0x00000000e8a00000| 30%| S|CS|TAMS 0x00000000e8900000| PB 0x00000000e8900000| Complete 
| 138|0x00000000e8a00000, 0x00000000e8b00000, 0x00000000e8b00000|100%| S|CS|TAMS 0x00000000e8a00000| PB 0x00000000e8a00000| Complete 
| 139|0x00000000e8b00000, 0x00000000e8c00000, 0x00000000e8c00000|100%| S|CS|TAMS 0x00000000e8b00000| PB 0x00000000e8b00000| Complete 
| 140|0x00000000e8c00000, 0x00000000e8d00000, 0x00000000e8d00000|100%| S|CS|TAMS 0x00000000e8c00000| PB 0x00000000e8c00000| Complete 
| 141|0x00000000e8d00000, 0x00000000e8e00000, 0x00000000e8e00000|100%| S|CS|TAMS 0x00000000e8d00000| PB 0x00000000e8d00000| Complete 
| 142|0x00000000e8e00000, 0x00000000e8f00000, 0x00000000e8f00000|100%| S|CS|TAMS 0x00000000e8e00000| PB 0x00000000e8e00000| Complete 
| 143|0x00000000e8f00000, 0x00000000e9000000, 0x00000000e9000000|100%| S|CS|TAMS 0x00000000e8f00000| PB 0x00000000e8f00000| Complete 
| 144|0x00000000e9000000, 0x00000000e9100000, 0x00000000e9100000|100%| S|CS|TAMS 0x00000000e9000000| PB 0x00000000e9000000| Complete 
| 145|0x00000000e9100000, 0x00000000e9200000, 0x00000000e9200000|100%| S|CS|TAMS 0x00000000e9100000| PB 0x00000000e9100000| Complete 
| 146|0x00000000e9200000, 0x00000000e9200000, 0x00000000e9300000|  0%| F|  |TAMS 0x00000000e9200000| PB 0x00000000e9200000| Untracked 
| 147|0x00000000e9300000, 0x00000000e9300000, 0x00000000e9400000|  0%| F|  |TAMS 0x00000000e9300000| PB 0x00000000e9300000| Untracked 
| 148|0x00000000e9400000, 0x00000000e9400000, 0x00000000e9500000|  0%| F|  |TAMS 0x00000000e9400000| PB 0x00000000e9400000| Untracked 
| 149|0x00000000e9500000, 0x00000000e9500000, 0x00000000e9600000|  0%| F|  |TAMS 0x00000000e9500000| PB 0x00000000e9500000| Untracked 
| 150|0x00000000e9600000, 0x00000000e9600000, 0x00000000e9700000|  0%| F|  |TAMS 0x00000000e9600000| PB 0x00000000e9600000| Untracked 
| 151|0x00000000e9700000, 0x00000000e9700000, 0x00000000e9800000|  0%| F|  |TAMS 0x00000000e9700000| PB 0x00000000e9700000| Untracked 
| 152|0x00000000e9800000, 0x00000000e9800000, 0x00000000e9900000|  0%| F|  |TAMS 0x00000000e9800000| PB 0x00000000e9800000| Untracked 
| 153|0x00000000e9900000, 0x00000000e9900000, 0x00000000e9a00000|  0%| F|  |TAMS 0x00000000e9900000| PB 0x00000000e9900000| Untracked 
| 154|0x00000000e9a00000, 0x00000000e9a00000, 0x00000000e9b00000|  0%| F|  |TAMS 0x00000000e9a00000| PB 0x00000000e9a00000| Untracked 
| 155|0x00000000e9b00000, 0x00000000e9b00000, 0x00000000e9c00000|  0%| F|  |TAMS 0x00000000e9b00000| PB 0x00000000e9b00000| Untracked 
| 156|0x00000000e9c00000, 0x00000000e9c00000, 0x00000000e9d00000|  0%| F|  |TAMS 0x00000000e9c00000| PB 0x00000000e9c00000| Untracked 
| 157|0x00000000e9d00000, 0x00000000e9d00000, 0x00000000e9e00000|  0%| F|  |TAMS 0x00000000e9d00000| PB 0x00000000e9d00000| Untracked 
| 158|0x00000000e9e00000, 0x00000000e9e00000, 0x00000000e9f00000|  0%| F|  |TAMS 0x00000000e9e00000| PB 0x00000000e9e00000| Untracked 
| 159|0x00000000e9f00000, 0x00000000e9f00000, 0x00000000ea000000|  0%| F|  |TAMS 0x00000000e9f00000| PB 0x00000000e9f00000| Untracked 
| 160|0x00000000ea000000, 0x00000000ea000000, 0x00000000ea100000|  0%| F|  |TAMS 0x00000000ea000000| PB 0x00000000ea000000| Untracked 
| 161|0x00000000ea100000, 0x00000000ea100000, 0x00000000ea200000|  0%| F|  |TAMS 0x00000000ea100000| PB 0x00000000ea100000| Untracked 
| 162|0x00000000ea200000, 0x00000000ea200000, 0x00000000ea300000|  0%| F|  |TAMS 0x00000000ea200000| PB 0x00000000ea200000| Untracked 
| 163|0x00000000ea300000, 0x00000000ea300000, 0x00000000ea400000|  0%| F|  |TAMS 0x00000000ea300000| PB 0x00000000ea300000| Untracked 
| 164|0x00000000ea400000, 0x00000000ea400000, 0x00000000ea500000|  0%| F|  |TAMS 0x00000000ea400000| PB 0x00000000ea400000| Untracked 
| 165|0x00000000ea500000, 0x00000000ea500000, 0x00000000ea600000|  0%| F|  |TAMS 0x00000000ea500000| PB 0x00000000ea500000| Untracked 
| 166|0x00000000ea600000, 0x00000000ea600000, 0x00000000ea700000|  0%| F|  |TAMS 0x00000000ea600000| PB 0x00000000ea600000| Untracked 
| 167|0x00000000ea700000, 0x00000000ea700000, 0x00000000ea800000|  0%| F|  |TAMS 0x00000000ea700000| PB 0x00000000ea700000| Untracked 
| 168|0x00000000ea800000, 0x00000000ea800000, 0x00000000ea900000|  0%| F|  |TAMS 0x00000000ea800000| PB 0x00000000ea800000| Untracked 
| 169|0x00000000ea900000, 0x00000000ea900000, 0x00000000eaa00000|  0%| F|  |TAMS 0x00000000ea900000| PB 0x00000000ea900000| Untracked 
| 170|0x00000000eaa00000, 0x00000000eaa00000, 0x00000000eab00000|  0%| F|  |TAMS 0x00000000eaa00000| PB 0x00000000eaa00000| Untracked 
| 171|0x00000000eab00000, 0x00000000eab00000, 0x00000000eac00000|  0%| F|  |TAMS 0x00000000eab00000| PB 0x00000000eab00000| Untracked 
| 172|0x00000000eac00000, 0x00000000eac00000, 0x00000000ead00000|  0%| F|  |TAMS 0x00000000eac00000| PB 0x00000000eac00000| Untracked 
| 173|0x00000000ead00000, 0x00000000ead00000, 0x00000000eae00000|  0%| F|  |TAMS 0x00000000ead00000| PB 0x00000000ead00000| Untracked 
| 174|0x00000000eae00000, 0x00000000eae00000, 0x00000000eaf00000|  0%| F|  |TAMS 0x00000000eae00000| PB 0x00000000eae00000| Untracked 
| 175|0x00000000eaf00000, 0x00000000eaf00000, 0x00000000eb000000|  0%| F|  |TAMS 0x00000000eaf00000| PB 0x00000000eaf00000| Untracked 
| 176|0x00000000eb000000, 0x00000000eb000000, 0x00000000eb100000|  0%| F|  |TAMS 0x00000000eb000000| PB 0x00000000eb000000| Untracked 
| 177|0x00000000eb100000, 0x00000000eb100000, 0x00000000eb200000|  0%| F|  |TAMS 0x00000000eb100000| PB 0x00000000eb100000| Untracked 
| 178|0x00000000eb200000, 0x00000000eb200000, 0x00000000eb300000|  0%| F|  |TAMS 0x00000000eb200000| PB 0x00000000eb200000| Untracked 
| 179|0x00000000eb300000, 0x00000000eb300000, 0x00000000eb400000|  0%| F|  |TAMS 0x00000000eb300000| PB 0x00000000eb300000| Untracked 
| 180|0x00000000eb400000, 0x00000000eb400000, 0x00000000eb500000|  0%| F|  |TAMS 0x00000000eb400000| PB 0x00000000eb400000| Untracked 
| 181|0x00000000eb500000, 0x00000000eb500000, 0x00000000eb600000|  0%| F|  |TAMS 0x00000000eb500000| PB 0x00000000eb500000| Untracked 
| 182|0x00000000eb600000, 0x00000000eb600000, 0x00000000eb700000|  0%| F|  |TAMS 0x00000000eb600000| PB 0x00000000eb600000| Untracked 
| 183|0x00000000eb700000, 0x00000000eb700000, 0x00000000eb800000|  0%| F|  |TAMS 0x00000000eb700000| PB 0x00000000eb700000| Untracked 
| 184|0x00000000eb800000, 0x00000000eb800000, 0x00000000eb900000|  0%| F|  |TAMS 0x00000000eb800000| PB 0x00000000eb800000| Untracked 
| 185|0x00000000eb900000, 0x00000000eb900000, 0x00000000eba00000|  0%| F|  |TAMS 0x00000000eb900000| PB 0x00000000eb900000| Untracked 
| 186|0x00000000eba00000, 0x00000000eba00000, 0x00000000ebb00000|  0%| F|  |TAMS 0x00000000eba00000| PB 0x00000000eba00000| Untracked 
| 187|0x00000000ebb00000, 0x00000000ebb00000, 0x00000000ebc00000|  0%| F|  |TAMS 0x00000000ebb00000| PB 0x00000000ebb00000| Untracked 
| 188|0x00000000ebc00000, 0x00000000ebc00000, 0x00000000ebd00000|  0%| F|  |TAMS 0x00000000ebc00000| PB 0x00000000ebc00000| Untracked 
| 189|0x00000000ebd00000, 0x00000000ebd00000, 0x00000000ebe00000|  0%| F|  |TAMS 0x00000000ebd00000| PB 0x00000000ebd00000| Untracked 
| 190|0x00000000ebe00000, 0x00000000ebe00000, 0x00000000ebf00000|  0%| F|  |TAMS 0x00000000ebe00000| PB 0x00000000ebe00000| Untracked 
| 191|0x00000000ebf00000, 0x00000000ebf00000, 0x00000000ec000000|  0%| F|  |TAMS 0x00000000ebf00000| PB 0x00000000ebf00000| Untracked 
| 192|0x00000000ec000000, 0x00000000ec000000, 0x00000000ec100000|  0%| F|  |TAMS 0x00000000ec000000| PB 0x00000000ec000000| Untracked 
| 193|0x00000000ec100000, 0x00000000ec100000, 0x00000000ec200000|  0%| F|  |TAMS 0x00000000ec100000| PB 0x00000000ec100000| Untracked 
| 194|0x00000000ec200000, 0x00000000ec200000, 0x00000000ec300000|  0%| F|  |TAMS 0x00000000ec200000| PB 0x00000000ec200000| Untracked 
| 195|0x00000000ec300000, 0x00000000ec300000, 0x00000000ec400000|  0%| F|  |TAMS 0x00000000ec300000| PB 0x00000000ec300000| Untracked 
| 196|0x00000000ec400000, 0x00000000ec400000, 0x00000000ec500000|  0%| F|  |TAMS 0x00000000ec400000| PB 0x00000000ec400000| Untracked 
| 197|0x00000000ec500000, 0x00000000ec500000, 0x00000000ec600000|  0%| F|  |TAMS 0x00000000ec500000| PB 0x00000000ec500000| Untracked 
| 198|0x00000000ec600000, 0x00000000ec600000, 0x00000000ec700000|  0%| F|  |TAMS 0x00000000ec600000| PB 0x00000000ec600000| Untracked 
| 199|0x00000000ec700000, 0x00000000ec700000, 0x00000000ec800000|  0%| F|  |TAMS 0x00000000ec700000| PB 0x00000000ec700000| Untracked 
| 200|0x00000000ec800000, 0x00000000ec800000, 0x00000000ec900000|  0%| F|  |TAMS 0x00000000ec800000| PB 0x00000000ec800000| Untracked 
| 201|0x00000000ec900000, 0x00000000ec900000, 0x00000000eca00000|  0%| F|  |TAMS 0x00000000ec900000| PB 0x00000000ec900000| Untracked 
| 202|0x00000000eca00000, 0x00000000eca00000, 0x00000000ecb00000|  0%| F|  |TAMS 0x00000000eca00000| PB 0x00000000eca00000| Untracked 
| 203|0x00000000ecb00000, 0x00000000ecb00000, 0x00000000ecc00000|  0%| F|  |TAMS 0x00000000ecb00000| PB 0x00000000ecb00000| Untracked 
| 204|0x00000000ecc00000, 0x00000000ecc00000, 0x00000000ecd00000|  0%| F|  |TAMS 0x00000000ecc00000| PB 0x00000000ecc00000| Untracked 
| 205|0x00000000ecd00000, 0x00000000ecd00000, 0x00000000ece00000|  0%| F|  |TAMS 0x00000000ecd00000| PB 0x00000000ecd00000| Untracked 
| 206|0x00000000ece00000, 0x00000000ece00000, 0x00000000ecf00000|  0%| F|  |TAMS 0x00000000ece00000| PB 0x00000000ece00000| Untracked 
| 207|0x00000000ecf00000, 0x00000000ecf00000, 0x00000000ed000000|  0%| F|  |TAMS 0x00000000ecf00000| PB 0x00000000ecf00000| Untracked 
| 208|0x00000000ed000000, 0x00000000ed000000, 0x00000000ed100000|  0%| F|  |TAMS 0x00000000ed000000| PB 0x00000000ed000000| Untracked 
| 209|0x00000000ed100000, 0x00000000ed100000, 0x00000000ed200000|  0%| F|  |TAMS 0x00000000ed100000| PB 0x00000000ed100000| Untracked 
| 210|0x00000000ed200000, 0x00000000ed200000, 0x00000000ed300000|  0%| F|  |TAMS 0x00000000ed200000| PB 0x00000000ed200000| Untracked 
| 211|0x00000000ed300000, 0x00000000ed300000, 0x00000000ed400000|  0%| F|  |TAMS 0x00000000ed300000| PB 0x00000000ed300000| Untracked 
| 212|0x00000000ed400000, 0x00000000ed400000, 0x00000000ed500000|  0%| F|  |TAMS 0x00000000ed400000| PB 0x00000000ed400000| Untracked 
| 213|0x00000000ed500000, 0x00000000ed500000, 0x00000000ed600000|  0%| F|  |TAMS 0x00000000ed500000| PB 0x00000000ed500000| Untracked 
| 214|0x00000000ed600000, 0x00000000ed600000, 0x00000000ed700000|  0%| F|  |TAMS 0x00000000ed600000| PB 0x00000000ed600000| Untracked 
| 215|0x00000000ed700000, 0x00000000ed700000, 0x00000000ed800000|  0%| F|  |TAMS 0x00000000ed700000| PB 0x00000000ed700000| Untracked 
| 216|0x00000000ed800000, 0x00000000ed800000, 0x00000000ed900000|  0%| F|  |TAMS 0x00000000ed800000| PB 0x00000000ed800000| Untracked 
| 217|0x00000000ed900000, 0x00000000ed900000, 0x00000000eda00000|  0%| F|  |TAMS 0x00000000ed900000| PB 0x00000000ed900000| Untracked 
| 218|0x00000000eda00000, 0x00000000eda00000, 0x00000000edb00000|  0%| F|  |TAMS 0x00000000eda00000| PB 0x00000000eda00000| Untracked 
| 219|0x00000000edb00000, 0x00000000edb00000, 0x00000000edc00000|  0%| F|  |TAMS 0x00000000edb00000| PB 0x00000000edb00000| Untracked 
| 220|0x00000000edc00000, 0x00000000edc00000, 0x00000000edd00000|  0%| F|  |TAMS 0x00000000edc00000| PB 0x00000000edc00000| Untracked 
| 221|0x00000000edd00000, 0x00000000edd00000, 0x00000000ede00000|  0%| F|  |TAMS 0x00000000edd00000| PB 0x00000000edd00000| Untracked 
| 222|0x00000000ede00000, 0x00000000ede00000, 0x00000000edf00000|  0%| F|  |TAMS 0x00000000ede00000| PB 0x00000000ede00000| Untracked 
| 223|0x00000000edf00000, 0x00000000edf00000, 0x00000000ee000000|  0%| F|  |TAMS 0x00000000edf00000| PB 0x00000000edf00000| Untracked 
| 224|0x00000000ee000000, 0x00000000ee000000, 0x00000000ee100000|  0%| F|  |TAMS 0x00000000ee000000| PB 0x00000000ee000000| Untracked 
| 225|0x00000000ee100000, 0x00000000ee100000, 0x00000000ee200000|  0%| F|  |TAMS 0x00000000ee100000| PB 0x00000000ee100000| Untracked 
| 226|0x00000000ee200000, 0x00000000ee200000, 0x00000000ee300000|  0%| F|  |TAMS 0x00000000ee200000| PB 0x00000000ee200000| Untracked 
| 227|0x00000000ee300000, 0x00000000ee300000, 0x00000000ee400000|  0%| F|  |TAMS 0x00000000ee300000| PB 0x00000000ee300000| Untracked 
| 228|0x00000000ee400000, 0x00000000ee400000, 0x00000000ee500000|  0%| F|  |TAMS 0x00000000ee400000| PB 0x00000000ee400000| Untracked 
| 229|0x00000000ee500000, 0x00000000ee500000, 0x00000000ee600000|  0%| F|  |TAMS 0x00000000ee500000| PB 0x00000000ee500000| Untracked 
| 230|0x00000000ee600000, 0x00000000ee600000, 0x00000000ee700000|  0%| F|  |TAMS 0x00000000ee600000| PB 0x00000000ee600000| Untracked 
| 231|0x00000000ee700000, 0x00000000ee78c990, 0x00000000ee800000| 54%| E|  |TAMS 0x00000000ee700000| PB 0x00000000ee700000| Complete 
| 232|0x00000000ee800000, 0x00000000ee900000, 0x00000000ee900000|100%| E|CS|TAMS 0x00000000ee800000| PB 0x00000000ee800000| Complete 
| 233|0x00000000ee900000, 0x00000000eea00000, 0x00000000eea00000|100%| E|CS|TAMS 0x00000000ee900000| PB 0x00000000ee900000| Complete 
| 234|0x00000000eea00000, 0x00000000eeb00000, 0x00000000eeb00000|100%| E|CS|TAMS 0x00000000eea00000| PB 0x00000000eea00000| Complete 
| 235|0x00000000eeb00000, 0x00000000eec00000, 0x00000000eec00000|100%| E|CS|TAMS 0x00000000eeb00000| PB 0x00000000eeb00000| Complete 
| 236|0x00000000eec00000, 0x00000000eed00000, 0x00000000eed00000|100%| E|CS|TAMS 0x00000000eec00000| PB 0x00000000eec00000| Complete 
| 237|0x00000000eed00000, 0x00000000eee00000, 0x00000000eee00000|100%| E|CS|TAMS 0x00000000eed00000| PB 0x00000000eed00000| Complete 
| 238|0x00000000eee00000, 0x00000000eef00000, 0x00000000eef00000|100%| E|CS|TAMS 0x00000000eee00000| PB 0x00000000eee00000| Complete 
| 239|0x00000000eef00000, 0x00000000ef000000, 0x00000000ef000000|100%| E|CS|TAMS 0x00000000eef00000| PB 0x00000000eef00000| Complete 
| 240|0x00000000ef000000, 0x00000000ef100000, 0x00000000ef100000|100%| E|CS|TAMS 0x00000000ef000000| PB 0x00000000ef000000| Complete 
| 241|0x00000000ef100000, 0x00000000ef200000, 0x00000000ef200000|100%| E|CS|TAMS 0x00000000ef100000| PB 0x00000000ef100000| Complete 
| 242|0x00000000ef200000, 0x00000000ef300000, 0x00000000ef300000|100%| E|CS|TAMS 0x00000000ef200000| PB 0x00000000ef200000| Complete 
| 243|0x00000000ef300000, 0x00000000ef400000, 0x00000000ef400000|100%| E|CS|TAMS 0x00000000ef300000| PB 0x00000000ef300000| Complete 
| 244|0x00000000ef400000, 0x00000000ef500000, 0x00000000ef500000|100%| E|CS|TAMS 0x00000000ef400000| PB 0x00000000ef400000| Complete 
| 245|0x00000000ef500000, 0x00000000ef600000, 0x00000000ef600000|100%| E|CS|TAMS 0x00000000ef500000| PB 0x00000000ef500000| Complete 
| 246|0x00000000ef600000, 0x00000000ef700000, 0x00000000ef700000|100%| E|CS|TAMS 0x00000000ef600000| PB 0x00000000ef600000| Complete 
| 247|0x00000000ef700000, 0x00000000ef800000, 0x00000000ef800000|100%| E|CS|TAMS 0x00000000ef700000| PB 0x00000000ef700000| Complete 
| 248|0x00000000ef800000, 0x00000000ef900000, 0x00000000ef900000|100%| E|CS|TAMS 0x00000000ef800000| PB 0x00000000ef800000| Complete 
| 249|0x00000000ef900000, 0x00000000efa00000, 0x00000000efa00000|100%| E|CS|TAMS 0x00000000ef900000| PB 0x00000000ef900000| Complete 
| 250|0x00000000efa00000, 0x00000000efb00000, 0x00000000efb00000|100%| E|CS|TAMS 0x00000000efa00000| PB 0x00000000efa00000| Complete 
| 251|0x00000000efb00000, 0x00000000efc00000, 0x00000000efc00000|100%| E|CS|TAMS 0x00000000efb00000| PB 0x00000000efb00000| Complete 
| 252|0x00000000efc00000, 0x00000000efd00000, 0x00000000efd00000|100%| E|CS|TAMS 0x00000000efc00000| PB 0x00000000efc00000| Complete 
| 253|0x00000000efd00000, 0x00000000efe00000, 0x00000000efe00000|100%| E|CS|TAMS 0x00000000efd00000| PB 0x00000000efd00000| Complete 
| 254|0x00000000efe00000, 0x00000000eff00000, 0x00000000eff00000|100%| E|CS|TAMS 0x00000000efe00000| PB 0x00000000efe00000| Complete 
| 255|0x00000000eff00000, 0x00000000f0000000, 0x00000000f0000000|100%| E|CS|TAMS 0x00000000eff00000| PB 0x00000000eff00000| Complete 

Card table byte_map: [0x000001a9b0180000,0x000001a9b0280000] _byte_map_base: 0x000001a9afa80000

Marking Bits: (CMBitMap*) 0x000001a99d640850
 Bits: [0x000001a9b0280000, 0x000001a9b0a80000)

Polling page: 0x000001a99b3c0000

Metaspace:

Usage:
  Non-class:     73.35 MB used.
      Class:     12.10 MB used.
       Both:     85.44 MB used.

Virtual space:
  Non-class space:      128.00 MB reserved,      74.12 MB ( 58%) committed,  2 nodes.
      Class space:      320.00 MB reserved,      12.88 MB (  4%) committed,  1 nodes.
             Both:      448.00 MB reserved,      87.00 MB ( 19%) committed. 

Chunk freelists:
   Non-Class:  5.90 MB
       Class:  3.08 MB
        Both:  8.99 MB

MaxMetaspaceSize: 384.00 MB
CompressedClassSpaceSize: 320.00 MB
Initial GC threshold: 21.00 MB
Current GC threshold: 138.69 MB
CDS: on
 - commit_granule_bytes: 65536.
 - commit_granule_words: 8192.
 - virtual_space_node_default_size: 8388608.
 - enlarge_chunks_in_place: 1.
 - use_allocation_guard: 0.


Internal statistics:

num_allocs_failed_limit: 15.
num_arena_births: 3978.
num_arena_deaths: 1532.
num_vsnodes_births: 3.
num_vsnodes_deaths: 0.
num_space_committed: 1392.
num_space_uncommitted: 0.
num_chunks_returned_to_freelist: 1734.
num_chunks_taken_from_freelist: 8804.
num_chunk_merges: 625.
num_chunk_splits: 5213.
num_chunks_enlarged: 3218.
num_inconsistent_stats: 0.

CodeHeap 'non-profiled nmethods': size=119168Kb used=8630Kb max_used=8630Kb free=110537Kb
 bounds [0x000001a9a83a0000, 0x000001a9a8c10000, 0x000001a9af800000]
CodeHeap 'profiled nmethods': size=119104Kb used=25951Kb max_used=26222Kb free=93152Kb
 bounds [0x000001a9a0800000, 0x000001a9a21c0000, 0x000001a9a7c50000]
CodeHeap 'non-nmethods': size=7488Kb used=2906Kb max_used=4630Kb free=4581Kb
 bounds [0x000001a9a7c50000, 0x000001a9a8150000, 0x000001a9a83a0000]
CodeCache: size=245760Kb, used=37487Kb, max_used=39482Kb, free=208270Kb
 total_blobs=14461, nmethods=13523, adapters=841, full_count=0
Compilation: enabled, stopped_count=0, restarted_count=0

Compilation events (20 events):
Event: 572.222 Thread 0x000001a9b3a960e0 14967       1       kotlin.reflect.jvm.internal.impl.metadata.ProtoBuf$Visibility::getNumber (5 bytes)
Event: 572.222 Thread 0x000001a9b3a960e0 nmethod 14967 0x000001a9a8c0ba90 code [0x000001a9a8c0bc20, 0x000001a9a8c0bce8]
Event: 572.226 Thread 0x000001a9b3a960e0 14969       3       java.lang.reflect.Method::invoke (108 bytes)
Event: 572.227 Thread 0x000001a9b3a960e0 nmethod 14969 0x000001a9a104cc90 code [0x000001a9a104cec0, 0x000001a9a104d538]
Event: 572.227 Thread 0x000001a9b3a8f620 nmethod 14968 0x000001a9a8c0bd90 code [0x000001a9a8c0bf60, 0x000001a9a8c0c348]
Event: 572.231 Thread 0x000001a9b3a8f620 14970       4       org.gradle.api.internal.DefaultDomainObjectCollection$IteratorImpl::next (18 bytes)
Event: 572.233 Thread 0x000001a9b3a8f620 nmethod 14970 0x000001a9a8c0c610 code [0x000001a9a8c0c7a0, 0x000001a9a8c0c928]
Event: 584.136 Thread 0x000001a9b3a960e0 14972       3       sun.security.jca.Providers::getProviderList (14 bytes)
Event: 584.139 Thread 0x000001a9b3a960e0 nmethod 14972 0x000001a9a104c510 code [0x000001a9a104c6e0, 0x000001a9a104cb38]
Event: 584.139 Thread 0x000001a9b3a960e0 14973       3       sun.security.jca.Providers::getThreadProviderList (18 bytes)
Event: 584.139 Thread 0x000001a9b3a960e0 nmethod 14973 0x000001a9a104be90 code [0x000001a9a104c060, 0x000001a9a104c3e0]
Event: 584.139 Thread 0x000001a9b3a960e0 14974       3       sun.security.jca.Providers::getSystemProviderList (4 bytes)
Event: 584.139 Thread 0x000001a9b3a960e0 nmethod 14974 0x000001a9a0fd9f90 code [0x000001a9a0fda120, 0x000001a9a0fda218]
Event: 584.286 Thread 0x000001a9b3a8f620 14975       4       java.math.BigInteger::longValue (32 bytes)
Event: 584.303 Thread 0x000001a9b3a8f620 nmethod 14975 0x000001a9a8c0ce10 code [0x000001a9a8c0cfc0, 0x000001a9a8c0d260]
Event: 585.450 Thread 0x000001a9b3a960e0 14976   !   3       java.security.Provider$Service::newInstance (354 bytes)
Event: 585.477 Thread 0x000001a9b3a960e0 nmethod 14976 0x000001a9a11cb490 code [0x000001a9a11cbb20, 0x000001a9a11ce738]
Event: 585.477 Thread 0x000001a9b3a960e0 14977   !   3       java.security.Provider$Service::newInstanceUtil (60 bytes)
Event: 585.485 Thread 0x000001a9b3a960e0 nmethod 14977 0x000001a9a11c9f10 code [0x000001a9a11ca1e0, 0x000001a9a11caf28]
Event: 592.013 Thread 0x000001a9b3a8f620 14979       4       org.gradle.internal.fingerprint.classpath.impl.ClasspathFingerprintingStrategy$ClasspathFingerprintingVisitor::visitEntry (20 bytes)

GC Heap History (20 events):
Event: 39.462 GC heap before
{Heap before GC invocations=9 (full 0):
 garbage-first heap   total 262144K, used 187320K [0x00000000e0000000, 0x0000000100000000)
  region size 1024K, 153 young (156672K), 7 survivors (7168K)
 Metaspace       used 45672K, committed 47104K, reserved 393216K
  class space    used 6595K, committed 7296K, reserved 327680K
}
Event: 39.477 GC heap after
{Heap after GC invocations=10 (full 0):
 garbage-first heap   total 262144K, used 39989K [0x00000000e0000000, 0x0000000100000000)
  region size 1024K, 15 young (15360K), 15 survivors (15360K)
 Metaspace       used 45672K, committed 47104K, reserved 393216K
  class space    used 6595K, committed 7296K, reserved 327680K
}
Event: 72.298 GC heap before
{Heap before GC invocations=10 (full 0):
 garbage-first heap   total 262144K, used 181301K [0x00000000e0000000, 0x0000000100000000)
  region size 1024K, 153 young (156672K), 15 survivors (15360K)
 Metaspace       used 54841K, committed 56640K, reserved 393216K
  class space    used 7983K, committed 8896K, reserved 327680K
}
Event: 72.332 GC heap after
{Heap after GC invocations=11 (full 0):
 garbage-first heap   total 262144K, used 45320K [0x00000000e0000000, 0x0000000100000000)
  region size 1024K, 15 young (15360K), 15 survivors (15360K)
 Metaspace       used 54841K, committed 56640K, reserved 393216K
  class space    used 7983K, committed 8896K, reserved 327680K
}
Event: 129.442 GC heap before
{Heap before GC invocations=11 (full 0):
 garbage-first heap   total 262144K, used 118024K [0x00000000e0000000, 0x0000000100000000)
  region size 1024K, 88 young (90112K), 15 survivors (15360K)
 Metaspace       used 59298K, committed 61120K, reserved 393216K
  class space    used 8611K, committed 9472K, reserved 327680K
}
Event: 130.180 GC heap after
{Heap after GC invocations=12 (full 0):
 garbage-first heap   total 262144K, used 47833K [0x00000000e0000000, 0x0000000100000000)
  region size 1024K, 9 young (9216K), 9 survivors (9216K)
 Metaspace       used 59298K, committed 61120K, reserved 393216K
  class space    used 8611K, committed 9472K, reserved 327680K
}
Event: 132.256 GC heap before
{Heap before GC invocations=13 (full 0):
 garbage-first heap   total 262144K, used 50905K [0x00000000e0000000, 0x0000000100000000)
  region size 1024K, 12 young (12288K), 9 survivors (9216K)
 Metaspace       used 59639K, committed 61440K, reserved 393216K
  class space    used 8675K, committed 9536K, reserved 327680K
}
Event: 132.263 GC heap after
{Heap after GC invocations=14 (full 0):
 garbage-first heap   total 262144K, used 49644K [0x00000000e0000000, 0x0000000100000000)
  region size 1024K, 2 young (2048K), 2 survivors (2048K)
 Metaspace       used 59639K, committed 61440K, reserved 393216K
  class space    used 8675K, committed 9536K, reserved 327680K
}
Event: 158.576 GC heap before
{Heap before GC invocations=14 (full 0):
 garbage-first heap   total 262144K, used 162284K [0x00000000e0000000, 0x0000000100000000)
  region size 1024K, 107 young (109568K), 2 survivors (2048K)
 Metaspace       used 69619K, committed 71616K, reserved 393216K
  class space    used 10114K, committed 11072K, reserved 327680K
}
Event: 158.605 GC heap after
{Heap after GC invocations=15 (full 0):
 garbage-first heap   total 262144K, used 61144K [0x00000000e0000000, 0x0000000100000000)
  region size 1024K, 7 young (7168K), 7 survivors (7168K)
 Metaspace       used 69619K, committed 71616K, reserved 393216K
  class space    used 10114K, committed 11072K, reserved 327680K
}
Event: 182.128 GC heap before
{Heap before GC invocations=15 (full 0):
 garbage-first heap   total 262144K, used 147160K [0x00000000e0000000, 0x0000000100000000)
  region size 1024K, 91 young (93184K), 7 survivors (7168K)
 Metaspace       used 73576K, committed 75648K, reserved 393216K
  class space    used 10656K, committed 11712K, reserved 327680K
}
Event: 182.139 GC heap after
{Heap after GC invocations=16 (full 0):
 garbage-first heap   total 262144K, used 66066K [0x00000000e0000000, 0x0000000100000000)
  region size 1024K, 12 young (12288K), 12 survivors (12288K)
 Metaspace       used 73576K, committed 75648K, reserved 393216K
  class space    used 10656K, committed 11712K, reserved 327680K
}
Event: 185.050 GC heap before
{Heap before GC invocations=16 (full 0):
 garbage-first heap   total 262144K, used 142866K [0x00000000e0000000, 0x0000000100000000)
  region size 1024K, 88 young (90112K), 12 survivors (12288K)
 Metaspace       used 75938K, committed 78144K, reserved 458752K
  class space    used 11082K, committed 12160K, reserved 327680K
}
Event: 185.061 GC heap after
{Heap after GC invocations=17 (full 0):
 garbage-first heap   total 262144K, used 72030K [0x00000000e0000000, 0x0000000100000000)
  region size 1024K, 11 young (11264K), 11 survivors (11264K)
 Metaspace       used 75938K, committed 78144K, reserved 458752K
  class space    used 11082K, committed 12160K, reserved 327680K
}
Event: 394.146 GC heap before
{Heap before GC invocations=17 (full 0):
 garbage-first heap   total 262144K, used 216414K [0x00000000e0000000, 0x0000000100000000)
  region size 1024K, 153 young (156672K), 11 survivors (11264K)
 Metaspace       used 77301K, committed 79424K, reserved 458752K
  class space    used 11111K, committed 12160K, reserved 327680K
}
Event: 394.278 GC heap after
{Heap after GC invocations=18 (full 0):
 garbage-first heap   total 262144K, used 72961K [0x00000000e0000000, 0x0000000100000000)
  region size 1024K, 7 young (7168K), 7 survivors (7168K)
 Metaspace       used 77301K, committed 79424K, reserved 458752K
  class space    used 11111K, committed 12160K, reserved 327680K
}
Event: 505.918 GC heap before
{Heap before GC invocations=18 (full 0):
 garbage-first heap   total 262144K, used 221441K [0x00000000e0000000, 0x0000000100000000)
  region size 1024K, 153 young (156672K), 7 survivors (7168K)
 Metaspace       used 82764K, committed 84992K, reserved 458752K
  class space    used 11838K, committed 12928K, reserved 327680K
}
Event: 506.119 GC heap after
{Heap after GC invocations=19 (full 0):
 garbage-first heap   total 262144K, used 78081K [0x00000000e0000000, 0x0000000100000000)
  region size 1024K, 12 young (12288K), 12 survivors (12288K)
 Metaspace       used 82764K, committed 84992K, reserved 458752K
  class space    used 11838K, committed 12928K, reserved 327680K
}
Event: 570.760 GC heap before
{Heap before GC invocations=20 (full 0):
 garbage-first heap   total 262144K, used 189697K [0x00000000e0000000, 0x0000000100000000)
  region size 1024K, 122 young (124928K), 12 survivors (12288K)
 Metaspace       used 85986K, committed 87744K, reserved 458752K
  class space    used 12135K, committed 13056K, reserved 327680K
}
Event: 570.840 GC heap after
{Heap after GC invocations=21 (full 0):
 garbage-first heap   total 262144K, used 80070K [0x00000000e0000000, 0x0000000100000000)
  region size 1024K, 9 young (9216K), 9 survivors (9216K)
 Metaspace       used 85986K, committed 87744K, reserved 458752K
  class space    used 12135K, committed 13056K, reserved 327680K
}

Dll operation events (14 events):
Event: 0.016 Loaded shared library C:\Users\Anshika\.vscode\extensions\redhat.java-1.55.0-win32-x64\jre\21.0.11-win32-x86_64\bin\java.dll
Event: 0.120 Loaded shared library C:\Users\Anshika\.vscode\extensions\redhat.java-1.55.0-win32-x64\jre\21.0.11-win32-x86_64\bin\zip.dll
Event: 0.187 Loaded shared library C:\Users\Anshika\.vscode\extensions\redhat.java-1.55.0-win32-x64\jre\21.0.11-win32-x86_64\bin\instrument.dll
Event: 0.198 Loaded shared library C:\Users\Anshika\.vscode\extensions\redhat.java-1.55.0-win32-x64\jre\21.0.11-win32-x86_64\bin\net.dll
Event: 0.204 Loaded shared library C:\Users\Anshika\.vscode\extensions\redhat.java-1.55.0-win32-x64\jre\21.0.11-win32-x86_64\bin\nio.dll
Event: 0.207 Loaded shared library C:\Users\Anshika\.vscode\extensions\redhat.java-1.55.0-win32-x64\jre\21.0.11-win32-x86_64\bin\zip.dll
Event: 0.695 Loaded shared library C:\Users\Anshika\.vscode\extensions\redhat.java-1.55.0-win32-x64\jre\21.0.11-win32-x86_64\bin\jimage.dll
Event: 1.359 Loaded shared library C:\Users\Anshika\.vscode\extensions\redhat.java-1.55.0-win32-x64\jre\21.0.11-win32-x86_64\bin\verify.dll
Event: 1.721 Loaded shared library C:\Users\Anshika\.gradle\native\c067742578af261105cb4f569cf0c3c89f3d7b1fecec35dd04571415982c5e48\windows-amd64\native-platform.dll
Event: 1.731 Loaded shared library C:\Users\Anshika\.gradle\native\100fb08df4bc3b14c8652ba06237920a3bd2aa13389f12d3474272988ae205f9\windows-amd64\native-platform-file-events.dll
Event: 5.428 Loaded shared library C:\Users\Anshika\.vscode\extensions\redhat.java-1.55.0-win32-x64\jre\21.0.11-win32-x86_64\bin\management.dll
Event: 5.439 Loaded shared library C:\Users\Anshika\.vscode\extensions\redhat.java-1.55.0-win32-x64\jre\21.0.11-win32-x86_64\bin\management_ext.dll
Event: 6.050 Loaded shared library C:\Users\Anshika\.vscode\extensions\redhat.java-1.55.0-win32-x64\jre\21.0.11-win32-x86_64\bin\extnet.dll
Event: 6.627 Loaded shared library C:\Users\Anshika\.vscode\extensions\redhat.java-1.55.0-win32-x64\jre\21.0.11-win32-x86_64\bin\sunmscapi.dll

Deoptimization events (20 events):
Event: 509.402 Thread 0x000001a9b3ca4450 DEOPT PACKING pc=0x000001a9a8afae48 sp=0x00000025e12fd150
Event: 509.403 Thread 0x000001a9b3ca4450 DEOPT UNPACKING pc=0x000001a9a7ca7ba2 sp=0x00000025e12fd010 mode 2
Event: 522.901 Thread 0x000001a9b3ca4450 Uncommon trap: trap_request=0xffffffc6 fr.pc=0x000001a9a87b63a8 relative=0x0000000000000928
Event: 522.901 Thread 0x000001a9b3ca4450 Uncommon trap: reason=bimorphic_or_optimized_type_check action=maybe_recompile pc=0x000001a9a87b63a8 method=java.lang.Throwable.<init>(Ljava/lang/String;Ljava/lang/Throwable;)V @ 24 c2
Event: 522.901 Thread 0x000001a9b3ca4450 DEOPT PACKING pc=0x000001a9a87b63a8 sp=0x00000025e12f9d10
Event: 522.902 Thread 0x000001a9b3ca4450 DEOPT UNPACKING pc=0x000001a9a7ca7ba2 sp=0x00000025e12f9cd8 mode 2
Event: 548.072 Thread 0x000001a9b3ca4450 DEOPT PACKING pc=0x000001a9a1094886 sp=0x00000025e12f9210
Event: 548.072 Thread 0x000001a9b3ca4450 DEOPT UNPACKING pc=0x000001a9a7ca86e2 sp=0x00000025e12f86f8 mode 0
Event: 554.318 Thread 0x000001a9b3ca4450 Uncommon trap: trap_request=0xffffff45 fr.pc=0x000001a9a8be8000 relative=0x00000000000005e0
Event: 554.318 Thread 0x000001a9b3ca4450 Uncommon trap: reason=unstable_if action=reinterpret pc=0x000001a9a8be8000 method=java.util.concurrent.locks.AbstractQueuedSynchronizer.signalNext(Ljava/util/concurrent/locks/AbstractQueuedSynchronizer$Node;)V @ 17 c2
Event: 554.318 Thread 0x000001a9b3ca4450 DEOPT PACKING pc=0x000001a9a8be8000 sp=0x00000025e12f73b0
Event: 554.318 Thread 0x000001a9b3ca4450 DEOPT UNPACKING pc=0x000001a9a7ca7ba2 sp=0x00000025e12f7250 mode 2
Event: 554.512 Thread 0x000001a9d14d6ec0 Uncommon trap: trap_request=0xffffff45 fr.pc=0x000001a9a8913de0 relative=0x0000000000000360
Event: 554.512 Thread 0x000001a9d14d6ec0 Uncommon trap: reason=unstable_if action=reinterpret pc=0x000001a9a8913de0 method=org.gradle.internal.time.MonotonicClock.syncIsDue(JJJ)Z @ 19 c2
Event: 554.512 Thread 0x000001a9d14d6ec0 DEOPT PACKING pc=0x000001a9a8913de0 sp=0x00000025e3ffdfa0
Event: 554.512 Thread 0x000001a9d14d6ec0 DEOPT UNPACKING pc=0x000001a9a7ca7ba2 sp=0x00000025e3ffde88 mode 2
Event: 556.611 Thread 0x000001a9b3ca30a0 Uncommon trap: trap_request=0xffffff45 fr.pc=0x000001a9a83fc6d8 relative=0x00000000000005f8
Event: 556.611 Thread 0x000001a9b3ca30a0 Uncommon trap: reason=unstable_if action=reinterpret pc=0x000001a9a83fc6d8 method=java.lang.AbstractStringBuilder.append(Ljava/lang/String;)Ljava/lang/AbstractStringBuilder; @ 1 c2
Event: 556.611 Thread 0x000001a9b3ca30a0 DEOPT PACKING pc=0x000001a9a83fc6d8 sp=0x00000025e0efe6e0
Event: 556.611 Thread 0x000001a9b3ca30a0 DEOPT UNPACKING pc=0x000001a9a7ca7ba2 sp=0x00000025e0efe6b8 mode 2

Classes loaded (20 events):
Event: 183.650 Loading class java/lang/StringBeanInfo
Event: 183.650 Loading class java/lang/StringBeanInfo done
Event: 183.650 Loading class java/lang/StringCustomizer
Event: 183.650 Loading class java/lang/StringCustomizer done
Event: 183.650 Loading class java/lang/StringCustomizer
Event: 183.650 Loading class java/lang/StringCustomizer done
Event: 183.821 Loading class sun/reflect/misc/MethodUtil
Event: 183.822 Loading class sun/reflect/misc/MethodUtil done
Event: 183.822 Loading class sun/reflect/misc/MethodUtil$1
Event: 183.823 Loading class sun/reflect/misc/MethodUtil$1 done
Event: 218.812 Loading class sun/nio/cs/ISO_8859_1$Encoder
Event: 218.813 Loading class sun/nio/cs/ISO_8859_1$Encoder done
Event: 218.814 Loading class sun/nio/cs/Surrogate$Parser
Event: 218.814 Loading class sun/nio/cs/Surrogate$Parser done
Event: 218.815 Loading class sun/nio/cs/Surrogate
Event: 218.816 Loading class sun/nio/cs/Surrogate done
Event: 426.447 Loading class java/lang/invoke/WrongMethodTypeException
Event: 426.470 Loading class java/lang/invoke/WrongMethodTypeException done
Event: 508.805 Loading class java/lang/Throwable$WrappedPrintWriter
Event: 508.809 Loading class java/lang/Throwable$WrappedPrintWriter done

Classes unloaded (20 events):
Event: 506.633 Thread 0x000001a9b3a5ea60 Unloading class 0x000001a9b50ee000 'java/lang/invoke/LambdaForm$MH+0x000001a9b50ee000'
Event: 506.633 Thread 0x000001a9b3a5ea60 Unloading class 0x000001a9b50e3000 'java/lang/invoke/LambdaForm$MH+0x000001a9b50e3000'
Event: 506.633 Thread 0x000001a9b3a5ea60 Unloading class 0x000001a9b50e2800 'java/lang/invoke/LambdaForm$MH+0x000001a9b50e2800'
Event: 506.633 Thread 0x000001a9b3a5ea60 Unloading class 0x000001a9b50e2400 'java/lang/invoke/LambdaForm$MH+0x000001a9b50e2400'
Event: 506.633 Thread 0x000001a9b3a5ea60 Unloading class 0x000001a9b50e2000 'java/lang/invoke/LambdaForm$MH+0x000001a9b50e2000'
Event: 506.634 Thread 0x000001a9b3a5ea60 Unloading class 0x000001a9b50e1800 'java/lang/invoke/LambdaForm$MH+0x000001a9b50e1800'
Event: 506.634 Thread 0x000001a9b3a5ea60 Unloading class 0x000001a9b50e1400 'java/lang/invoke/LambdaForm$MH+0x000001a9b50e1400'
Event: 506.634 Thread 0x000001a9b3a5ea60 Unloading class 0x000001a9b50e1000 'java/lang/invoke/LambdaForm$MH+0x000001a9b50e1000'
Event: 506.634 Thread 0x000001a9b3a5ea60 Unloading class 0x000001a9b50dc800 'java/lang/invoke/LambdaForm$MH+0x000001a9b50dc800'
Event: 506.634 Thread 0x000001a9b3a5ea60 Unloading class 0x000001a9b50dc400 'java/lang/invoke/LambdaForm$MH+0x000001a9b50dc400'
Event: 506.634 Thread 0x000001a9b3a5ea60 Unloading class 0x000001a9b50dc000 'java/lang/invoke/LambdaForm$BMH+0x000001a9b50dc000'
Event: 506.634 Thread 0x000001a9b3a5ea60 Unloading class 0x000001a9b50a9400 'java/lang/invoke/LambdaForm$MH+0x000001a9b50a9400'
Event: 506.635 Thread 0x000001a9b3a5ea60 Unloading class 0x000001a9b50a9000 'java/lang/invoke/LambdaForm$MH+0x000001a9b50a9000'
Event: 506.635 Thread 0x000001a9b3a5ea60 Unloading class 0x000001a9b502a400 'java/lang/invoke/LambdaForm$MH+0x000001a9b502a400'
Event: 506.635 Thread 0x000001a9b3a5ea60 Unloading class 0x000001a9b502a000 'java/lang/invoke/LambdaForm$MH+0x000001a9b502a000'
Event: 506.635 Thread 0x000001a9b3a5ea60 Unloading class 0x000001a9b5028400 'java/lang/invoke/LambdaForm$MH+0x000001a9b5028400'
Event: 506.635 Thread 0x000001a9b3a5ea60 Unloading class 0x000001a9b5002400 'java/lang/invoke/LambdaForm$MH+0x000001a9b5002400'
Event: 506.636 Thread 0x000001a9b3a5ea60 Unloading class 0x000001a9b5002000 'java/lang/invoke/LambdaForm$MH+0x000001a9b5002000'
Event: 506.636 Thread 0x000001a9b3a5ea60 Unloading class 0x000001a9b5001c00 'java/lang/invoke/LambdaForm$MH+0x000001a9b5001c00'
Event: 506.636 Thread 0x000001a9b3a5ea60 Unloading class 0x000001a9b5001400 'java/lang/invoke/LambdaForm$MH+0x000001a9b5001400'

Classes redefined (0 events):
No events

Internal exceptions (20 events):
Event: 563.393 Thread 0x000001a9b3ca4450 Exception <a 'java/lang/NoClassDefFoundError'{0x00000000eb7f5530}: com/android/Version> (0x00000000eb7f5530) 
thrown [s\src\hotspot\share\classfile\systemDictionary.cpp, line 302]
Event: 563.801 Thread 0x000001a9b3ca4450 Exception <a 'java/lang/NoSuchMethodError'{0x00000000eb3d8bc0}: static Lorg/jetbrains/kotlin/gradle/plugin/internal/DefaultProjectIsolationStartParameterAccessor$Factory;.<clinit>()V> (0x00000000eb3d8bc0) 
thrown [s\src\hotspot\share\prims\jni.cpp, line 1111]
Event: 563.811 Thread 0x000001a9b3ca4450 Exception <a 'java/lang/NoSuchMethodError'{0x00000000eb3f1148}: static Lorg/jetbrains/kotlin/gradle/plugin/internal/DefaultJavaExecTaskParametersCompatibility$Factory;.<clinit>()V> (0x00000000eb3f1148) 
thrown [s\src\hotspot\share\prims\jni.cpp, line 1111]
Event: 563.929 Thread 0x000001a9b3ca4450 Exception <a 'java/lang/NoSuchMethodError'{0x00000000eb213e10}: static Lorg/jetbrains/kotlin/gradle/plugin/internal/DefaultMavenPublicationComponentAccessorFactory;.<clinit>()V> (0x00000000eb213e10) 
thrown [s\src\hotspot\share\prims\jni.cpp, line 1111]
Event: 564.057 Thread 0x000001a9b3ca4450 Exception <a 'java/lang/NoSuchMethodError'{0x00000000eb232008}: static Lorg/jetbrains/kotlin/gradle/plugin/internal/DefaultCompatibilityConventionRegistrar$Factory;.<clinit>()V> (0x00000000eb232008) 
thrown [s\src\hotspot\share\prims\jni.cpp, line 1111]
Event: 564.170 Thread 0x000001a9b3ca4450 Exception <a 'java/lang/NoSuchMethodError'{0x00000000eb24a790}: static Lorg/jetbrains/kotlin/gradle/plugin/internal/DefaultConfigurationCacheStartParameterAccessorVariantFactory;.<clinit>()V> (0x00000000eb24a790) 
thrown [s\src\hotspot\share\prims\jni.cpp, line 1111]
Event: 565.098 Thread 0x000001a9b3ca4450 Exception <a 'java/lang/NoSuchMethodError'{0x00000000eaea0980}: static Ljava/lang/Object;.<clinit>()V> (0x00000000eaea0980) 
thrown [s\src\hotspot\share\prims\jni.cpp, line 1111]
Event: 565.127 Thread 0x000001a9b3ca4450 Exception <a 'java/lang/NoSuchMethodError'{0x00000000eaee7728}: static Lorg/jetbrains/kotlin/gradle/plugin/statistics/MetricContainer;.<clinit>()V> (0x00000000eaee7728) 
thrown [s\src\hotspot\share\prims\jni.cpp, line 1111]
Event: 571.456 Thread 0x000001a9b3ca4450 Exception <a 'java/lang/ClassNotFoundException'{0x00000000ef6b4120}: org/jetbrains/kotlin/gradle/targets/js/npm/DefaultNpmDependencyExtensionBeanInfo> (0x00000000ef6b4120) 
thrown [s\src\hotspot\share\classfile\systemDictionary.cpp, line 313]
Event: 571.457 Thread 0x000001a9b3ca4450 Exception <a 'java/lang/ClassNotFoundException'{0x00000000ef6ba908}: org/jetbrains/kotlin/gradle/targets/js/npm/DefaultNpmDependencyExtensionCustomizer> (0x00000000ef6ba908) 
thrown [s\src\hotspot\share\classfile\systemDictionary.cpp, line 313]
Event: 571.493 Thread 0x000001a9b3ca4450 Exception <a 'java/lang/ClassNotFoundException'{0x00000000ef531930}: org/jetbrains/kotlin/gradle/targets/js/npm/NpmDependencyExtensionKt$defaultNpmDependencyDelegate$1BeanInfo> (0x00000000ef531930) 
thrown [s\src\hotspot\share\classfile\systemDictionary.cpp, line 313]
Event: 571.494 Thread 0x000001a9b3ca4450 Exception <a 'java/lang/ClassNotFoundException'{0x00000000ef538ed0}: org/jetbrains/kotlin/gradle/targets/js/npm/NpmDependencyExtensionDelegateBeanInfo> (0x00000000ef538ed0) 
thrown [s\src\hotspot\share\classfile\systemDictionary.cpp, line 313]
Event: 571.496 Thread 0x000001a9b3ca4450 Exception <a 'java/lang/ClassNotFoundException'{0x00000000ef540438}: org/jetbrains/kotlin/gradle/targets/js/npm/NpmDependencyExtensionDelegateCustomizer> (0x00000000ef540438) 
thrown [s\src\hotspot\share\classfile\systemDictionary.cpp, line 313]
Event: 571.501 Thread 0x000001a9b3ca4450 Exception <a 'java/lang/ClassNotFoundException'{0x00000000ef56ae70}: org/jetbrains/kotlin/gradle/targets/js/npm/NpmDependencyExtensionKt$defaultNpmDependencyDelegate$1Customizer> (0x00000000ef56ae70) 
thrown [s\src\hotspot\share\classfile\systemDictionary.cpp, line 313]
Event: 571.520 Thread 0x000001a9b3ca4450 Exception <a 'java/lang/ClassNotFoundException'{0x00000000ef5a43b0}: org/jetbrains/kotlin/gradle/targets/js/npm/DefaultDevNpmDependencyExtensionBeanInfo> (0x00000000ef5a43b0) 
thrown [s\src\hotspot\share\classfile\systemDictionary.cpp, line 313]
Event: 571.520 Thread 0x000001a9b3ca4450 Exception <a 'java/lang/ClassNotFoundException'{0x00000000ef5aaba8}: org/jetbrains/kotlin/gradle/targets/js/npm/DefaultDevNpmDependencyExtensionCustomizer> (0x00000000ef5aaba8) 
thrown [s\src\hotspot\share\classfile\systemDictionary.cpp, line 313]
Event: 571.532 Thread 0x000001a9b3ca4450 Exception <a 'java/lang/ClassNotFoundException'{0x00000000ef5e72e0}: org/jetbrains/kotlin/gradle/targets/js/npm/DefaultPeerNpmDependencyExtensionBeanInfo> (0x00000000ef5e72e0) 
thrown [s\src\hotspot\share\classfile\systemDictionary.cpp, line 313]
Event: 571.533 Thread 0x000001a9b3ca4450 Exception <a 'java/lang/ClassNotFoundException'{0x00000000ef5edae0}: org/jetbrains/kotlin/gradle/targets/js/npm/DefaultPeerNpmDependencyExtensionCustomizer> (0x00000000ef5edae0) 
thrown [s\src\hotspot\share\classfile\systemDictionary.cpp, line 313]
Event: 571.543 Thread 0x000001a9b3ca4450 Exception <a 'java/lang/ClassNotFoundException'{0x00000000ef433cd0}: org/jetbrains/kotlin/gradle/targets/js/npm/DefaultPeerNpmDependencyExtension$delegate$1BeanInfo> (0x00000000ef433cd0) 
thrown [s\src\hotspot\share\classfile\systemDictionary.cpp, line 313]
Event: 571.544 Thread 0x000001a9b3ca4450 Exception <a 'java/lang/ClassNotFoundException'{0x00000000ef43a858}: org/jetbrains/kotlin/gradle/targets/js/npm/DefaultPeerNpmDependencyExtension$delegate$1Customizer> (0x00000000ef43a858) 
thrown [s\src\hotspot\share\classfile\systemDictionary.cpp, line 313]

ZGC Phase Switch (0 events):
No events

VM Operations (20 events):
Event: 564.444 Executing safepoint VM operation: Cleanup done
Event: 565.454 Executing safepoint VM operation: Cleanup
Event: 565.455 Executing safepoint VM operation: Cleanup done
Event: 567.474 Executing safepoint VM operation: Cleanup
Event: 567.490 Executing safepoint VM operation: Cleanup done
Event: 569.509 Executing safepoint VM operation: Cleanup
Event: 569.525 Executing safepoint VM operation: Cleanup done
Event: 570.757 Executing safepoint VM operation: G1CollectForAllocation (G1 Evacuation Pause)
Event: 570.841 Executing safepoint VM operation: G1CollectForAllocation (G1 Evacuation Pause) done
Event: 571.850 Executing safepoint VM operation: Cleanup
Event: 571.851 Executing safepoint VM operation: Cleanup done
Event: 572.858 Executing safepoint VM operation: Cleanup
Event: 572.858 Executing safepoint VM operation: Cleanup done
Event: 584.955 Executing safepoint VM operation: Cleanup
Event: 584.955 Executing safepoint VM operation: Cleanup done
Event: 585.970 Executing safepoint VM operation: Cleanup
Event: 585.970 Executing safepoint VM operation: Cleanup done
Event: 592.027 Executing safepoint VM operation: Cleanup
Event: 592.043 Executing safepoint VM operation: Cleanup done
Event: 593.051 Executing safepoint VM operation: Cleanup

Memory protections (0 events):
No events

Nmethod flushes (20 events):
Event: 507.577 Thread 0x000001a9b3a5ea60 flushing  nmethod 0x000001a9a0f43790
Event: 507.577 Thread 0x000001a9b3a5ea60 flushing  nmethod 0x000001a9a103c690
Event: 507.577 Thread 0x000001a9b3a5ea60 flushing  nmethod 0x000001a9a1074990
Event: 507.577 Thread 0x000001a9b3a5ea60 flushing  nmethod 0x000001a9a1112e10
Event: 507.577 Thread 0x000001a9b3a5ea60 flushing  nmethod 0x000001a9a1113290
Event: 507.577 Thread 0x000001a9b3a5ea60 flushing  nmethod 0x000001a9a1117d10
Event: 507.577 Thread 0x000001a9b3a5ea60 flushing  nmethod 0x000001a9a1179490
Event: 507.577 Thread 0x000001a9b3a5ea60 flushing  nmethod 0x000001a9a117a790
Event: 507.577 Thread 0x000001a9b3a5ea60 flushing  nmethod 0x000001a9a117f910
Event: 507.578 Thread 0x000001a9b3a5ea60 flushing  nmethod 0x000001a9a1182e10
Event: 507.578 Thread 0x000001a9b3a5ea60 flushing  nmethod 0x000001a9a1183710
Event: 507.578 Thread 0x000001a9b3a5ea60 flushing  nmethod 0x000001a9a1183a90
Event: 507.578 Thread 0x000001a9b3a5ea60 flushing  nmethod 0x000001a9a1183e90
Event: 507.578 Thread 0x000001a9b3a5ea60 flushing  nmethod 0x000001a9a1184310
Event: 507.578 Thread 0x000001a9b3a5ea60 flushing  nmethod 0x000001a9a1184690
Event: 507.578 Thread 0x000001a9b3a5ea60 flushing  nmethod 0x000001a9a1184e90
Event: 507.578 Thread 0x000001a9b3a5ea60 flushing  nmethod 0x000001a9a1185290
Event: 507.578 Thread 0x000001a9b3a5ea60 flushing  nmethod 0x000001a9a1185e90
Event: 507.578 Thread 0x000001a9b3a5ea60 flushing  nmethod 0x000001a9a1186a10
Event: 507.578 Thread 0x000001a9b3a5ea60 flushing  nmethod 0x000001a9a148ce90

Events (20 events):
Event: 554.534 Thread 0x000001a9b3ca4450 Thread added: 0x000001a9cf72bbe0
Event: 554.535 Thread 0x000001a9b3ca4450 Thread added: 0x000001a9cf729480
Event: 554.536 Thread 0x000001a9b3ca4450 Thread added: 0x000001a9d0e07130
Event: 554.537 Thread 0x000001a9b3ca4450 Thread added: 0x000001a9d0e077c0
Event: 554.538 Thread 0x000001a9b3ca4450 Thread added: 0x000001a9d0e08b70
Event: 554.539 Thread 0x000001a9b3ca4450 Thread added: 0x000001a9d0e06410
Event: 554.540 Thread 0x000001a9b3ca4450 Thread added: 0x000001a9d0e05d80
Event: 554.540 Thread 0x000001a9b3ca4450 Thread added: 0x000001a9d0e06aa0
Event: 554.540 Thread 0x000001a9b3ca4450 Thread added: 0x000001a9d0e056f0
Event: 554.542 Thread 0x000001a9b3ca4450 Thread added: 0x000001a9d0e0ac40
Event: 554.543 Thread 0x000001a9b3ca4450 Thread added: 0x000001a9d0e0c680
Event: 554.543 Thread 0x000001a9b3ca4450 Thread added: 0x000001a9d0e09200
Event: 554.546 Thread 0x000001a9b3ca4450 Thread added: 0x000001a9d0e09890
Event: 554.548 Thread 0x000001a9b3ca4450 Thread added: 0x000001a9b3ca1cf0
Event: 554.549 Thread 0x000001a9b3ca4450 Thread added: 0x000001a9d0afe040
Event: 559.965 Thread 0x000001a9d19e1040 Thread exited: 0x000001a9d19e1040
Event: 560.899 Thread 0x000001a9d1c1d9a0 Thread exited: 0x000001a9d1c1d9a0
Event: 565.237 Thread 0x000001a9b3ca4450 Thread added: 0x000001a9d0aff3f0
Event: 568.842 Thread 0x000001a9b3ca1660 Thread exited: 0x000001a9b3ca1660
Event: 583.988 Thread 0x000001a9cf1eba60 Thread exited: 0x000001a9cf1eba60


Dynamic libraries:
0x00007ff792d60000 - 0x00007ff792d6e000 	C:\Users\Anshika\.vscode\extensions\redhat.java-1.55.0-win32-x64\jre\21.0.11-win32-x86_64\bin\java.exe
0x00007ff8fd860000 - 0x00007ff8fdac6000 	C:\windows\SYSTEM32\ntdll.dll
0x00007ff8fc5b0000 - 0x00007ff8fc679000 	C:\windows\System32\KERNEL32.DLL
0x00007ff8fae30000 - 0x00007ff8fb22a000 	C:\windows\System32\KERNELBASE.dll
0x00007ff8f7760000 - 0x00007ff8f7800000 	C:\windows\SYSTEM32\apphelp.dll
0x00007ff8fb230000 - 0x00007ff8fb37c000 	C:\windows\System32\ucrtbase.dll
0x00007ff8eed10000 - 0x00007ff8eed28000 	C:\Users\Anshika\.vscode\extensions\redhat.java-1.55.0-win32-x64\jre\21.0.11-win32-x86_64\bin\jli.dll
0x00007ff8d7b30000 - 0x00007ff8d7b4e000 	C:\Users\Anshika\.vscode\extensions\redhat.java-1.55.0-win32-x64\jre\21.0.11-win32-x86_64\bin\VCRUNTIME140.dll
0x00007ff8fc320000 - 0x00007ff8fc4e7000 	C:\windows\System32\USER32.dll
0x00007ff8fb5a0000 - 0x00007ff8fb5c7000 	C:\windows\System32\win32u.dll
0x00007ff8df2c0000 - 0x00007ff8df552000 	C:\windows\WinSxS\amd64_microsoft.windows.common-controls_6595b64144ccf1df_6.0.26100.8521_none_3e08b75ce33403b3\COMCTL32.dll
0x00007ff8fb5d0000 - 0x00007ff8fb5fb000 	C:\windows\System32\GDI32.dll
0x00007ff8fca10000 - 0x00007ff8fcab9000 	C:\windows\System32\msvcrt.dll
0x00007ff8fac70000 - 0x00007ff8fad9b000 	C:\windows\System32\gdi32full.dll
0x00007ff8fb4f0000 - 0x00007ff8fb593000 	C:\windows\System32\msvcp_win.dll
0x00007ff8fb600000 - 0x00007ff8fb632000 	C:\windows\System32\IMM32.DLL
0x00007ff8eeeb0000 - 0x00007ff8eeebc000 	C:\Users\Anshika\.vscode\extensions\redhat.java-1.55.0-win32-x64\jre\21.0.11-win32-x86_64\bin\vcruntime140_1.dll
0x00007ff820ff0000 - 0x00007ff82107d000 	C:\Users\Anshika\.vscode\extensions\redhat.java-1.55.0-win32-x64\jre\21.0.11-win32-x86_64\bin\msvcp140.dll
0x00007fffdb6a0000 - 0x00007fffdc442000 	C:\Users\Anshika\.vscode\extensions\redhat.java-1.55.0-win32-x64\jre\21.0.11-win32-x86_64\bin\server\jvm.dll
0x00007ff8fb810000 - 0x00007ff8fb8c6000 	C:\windows\System32\ADVAPI32.dll
0x00007ff8fc680000 - 0x00007ff8fc72a000 	C:\windows\System32\sechost.dll
0x00007ff8fb6f0000 - 0x00007ff8fb808000 	C:\windows\System32\RPCRT4.dll
0x00007ff8fb660000 - 0x00007ff8fb6e0000 	C:\windows\System32\WS2_32.dll
0x00007ff8fa950000 - 0x00007ff8fa9ae000 	C:\windows\SYSTEM32\POWRPROF.dll
0x00007ff8ef1c0000 - 0x00007ff8ef1f6000 	C:\windows\SYSTEM32\WINMM.dll
0x00007ff8ed210000 - 0x00007ff8ed21b000 	C:\windows\SYSTEM32\VERSION.dll
0x00007ff8fa930000 - 0x00007ff8fa944000 	C:\windows\SYSTEM32\UMPDC.dll
0x00007ff8f9880000 - 0x00007ff8f989b000 	C:\windows\SYSTEM32\kernel.appcore.dll
0x00007ff8eeba0000 - 0x00007ff8eebaa000 	C:\Users\Anshika\.vscode\extensions\redhat.java-1.55.0-win32-x64\jre\21.0.11-win32-x86_64\bin\jimage.dll
0x00007ff8ec120000 - 0x00007ff8ec362000 	C:\windows\SYSTEM32\DBGHELP.DLL
0x00007ff8fb8d0000 - 0x00007ff8fbc53000 	C:\windows\System32\combase.dll
0x00007ff8fc100000 - 0x00007ff8fc1d9000 	C:\windows\System32\OLEAUT32.dll
0x00007ff8db1d0000 - 0x00007ff8db20b000 	C:\windows\SYSTEM32\dbgcore.DLL
0x00007ff8fb440000 - 0x00007ff8fb4e8000 	C:\windows\System32\bcryptPrimitives.dll
0x00007ff8d7c90000 - 0x00007ff8d7c9f000 	C:\Users\Anshika\.vscode\extensions\redhat.java-1.55.0-win32-x64\jre\21.0.11-win32-x86_64\bin\instrument.dll
0x00007ff8d7870000 - 0x00007ff8d7890000 	C:\Users\Anshika\.vscode\extensions\redhat.java-1.55.0-win32-x64\jre\21.0.11-win32-x86_64\bin\java.dll
0x00007ff8fcdd0000 - 0x00007ff8fd554000 	C:\windows\System32\SHELL32.dll
0x00007ff8f8690000 - 0x00007ff8f8f10000 	C:\windows\SYSTEM32\windows.storage.dll
0x00007ff8fccd0000 - 0x00007ff8fcdc6000 	C:\windows\System32\SHCORE.dll
0x00007ff8fc1e0000 - 0x00007ff8fc247000 	C:\windows\System32\shlwapi.dll
0x00007ff8faa10000 - 0x00007ff8faa39000 	C:\windows\SYSTEM32\profapi.dll
0x00007ff8d7850000 - 0x00007ff8d7868000 	C:\Users\Anshika\.vscode\extensions\redhat.java-1.55.0-win32-x64\jre\21.0.11-win32-x86_64\bin\zip.dll
0x00007ff8d7b20000 - 0x00007ff8d7b30000 	C:\Users\Anshika\.vscode\extensions\redhat.java-1.55.0-win32-x64\jre\21.0.11-win32-x86_64\bin\net.dll
0x00007ff8f3390000 - 0x00007ff8f34b9000 	C:\windows\SYSTEM32\WINHTTP.dll
0x00007ff8f9df0000 - 0x00007ff8f9e5c000 	C:\windows\system32\mswsock.dll
0x00007ff8d6560000 - 0x00007ff8d6576000 	C:\Users\Anshika\.vscode\extensions\redhat.java-1.55.0-win32-x64\jre\21.0.11-win32-x86_64\bin\nio.dll
0x00007ff8d7840000 - 0x00007ff8d7850000 	C:\Users\Anshika\.vscode\extensions\redhat.java-1.55.0-win32-x64\jre\21.0.11-win32-x86_64\bin\verify.dll
0x00007ff88d730000 - 0x00007ff88d757000 	C:\Users\Anshika\.gradle\native\c067742578af261105cb4f569cf0c3c89f3d7b1fecec35dd04571415982c5e48\windows-amd64\native-platform.dll
0x00007ffff76c0000 - 0x00007ffff7804000 	C:\Users\Anshika\.gradle\native\100fb08df4bc3b14c8652ba06237920a3bd2aa13389f12d3474272988ae205f9\windows-amd64\native-platform-file-events.dll
0x00007ff8d5790000 - 0x00007ff8d579a000 	C:\Users\Anshika\.vscode\extensions\redhat.java-1.55.0-win32-x64\jre\21.0.11-win32-x86_64\bin\management.dll
0x00007ff8d5780000 - 0x00007ff8d578c000 	C:\Users\Anshika\.vscode\extensions\redhat.java-1.55.0-win32-x64\jre\21.0.11-win32-x86_64\bin\management_ext.dll
0x00007ff8fcc60000 - 0x00007ff8fcc68000 	C:\windows\System32\PSAPI.DLL
0x00007ff8fa0e0000 - 0x00007ff8fa0fb000 	C:\windows\SYSTEM32\CRYPTSP.dll
0x00007ff8f97e0000 - 0x00007ff8f9819000 	C:\windows\system32\rsaenh.dll
0x00007ff8f9ea0000 - 0x00007ff8f9ed3000 	C:\windows\SYSTEM32\USERENV.dll
0x00007ff8fa9e0000 - 0x00007ff8faa0a000 	C:\windows\SYSTEM32\bcrypt.dll
0x00007ff8fa0d0000 - 0x00007ff8fa0dc000 	C:\windows\SYSTEM32\CRYPTBASE.dll
0x00007ff8f92a0000 - 0x00007ff8f92d3000 	C:\windows\SYSTEM32\IPHLPAPI.DLL
0x00007ff8fbc60000 - 0x00007ff8fbc6a000 	C:\windows\System32\NSI.dll
0x00007ff8d3a20000 - 0x00007ff8d3a29000 	C:\Users\Anshika\.vscode\extensions\redhat.java-1.55.0-win32-x64\jre\21.0.11-win32-x86_64\bin\extnet.dll
0x00007ff8d5420000 - 0x00007ff8d542e000 	C:\Users\Anshika\.vscode\extensions\redhat.java-1.55.0-win32-x64\jre\21.0.11-win32-x86_64\bin\sunmscapi.dll
0x00007ff8faaf0000 - 0x00007ff8fac68000 	C:\windows\System32\CRYPT32.dll
0x00007ff8fa2f0000 - 0x00007ff8fa320000 	C:\windows\SYSTEM32\ncrypt.dll
0x00007ff8fa2a0000 - 0x00007ff8fa2df000 	C:\windows\SYSTEM32\NTASN1.dll
0x00007ff8bdb00000 - 0x00007ff8bdb08000 	C:\windows\system32\wshunix.dll

JVMTI agents:
C:\Users\Anshika\.gradle\wrapper\dists\gradle-8.9-bin\90cnw93cvbtalezasaz0blq0a\gradle-8.9\lib\agents\gradle-instrumentation-agent-8.9.jar path:C:\Users\Anshika\.vscode\extensions\redhat.java-1.55.0-win32-x64\jre\21.0.11-win32-x86_64\bin\instrument.dll, loaded, initialized, instrumentlib options:none

dbghelp: loaded successfully - version: 4.0.5 - missing functions: none
symbol engine: initialized successfully - sym options: 0x614 - pdb path: .;C:\Users\Anshika\.vscode\extensions\redhat.java-1.55.0-win32-x64\jre\21.0.11-win32-x86_64\bin;C:\windows\SYSTEM32;C:\windows\WinSxS\amd64_microsoft.windows.common-controls_6595b64144ccf1df_6.0.26100.8521_none_3e08b75ce33403b3;C:\Users\Anshika\.vscode\extensions\redhat.java-1.55.0-win32-x64\jre\21.0.11-win32-x86_64\bin\server;C:\Users\Anshika\.gradle\native\c067742578af261105cb4f569cf0c3c89f3d7b1fecec35dd04571415982c5e48\windows-amd64;C:\Users\Anshika\.gradle\native\100fb08df4bc3b14c8652ba06237920a3bd2aa13389f12d3474272988ae205f9\windows-amd64

VM Arguments:
jvm_args: --add-opens=java.base/java.util=ALL-UNNAMED --add-opens=java.base/java.lang=ALL-UNNAMED --add-opens=java.base/java.lang.invoke=ALL-UNNAMED --add-opens=java.prefs/java.util.prefs=ALL-UNNAMED --add-exports=jdk.compiler/com.sun.tools.javac.api=ALL-UNNAMED --add-exports=jdk.compiler/com.sun.tools.javac.util=ALL-UNNAMED --add-opens=java.base/java.nio.charset=ALL-UNNAMED --add-opens=java.base/java.net=ALL-UNNAMED --add-opens=java.base/java.util.concurrent.atomic=ALL-UNNAMED -XX:MaxMetaspaceSize=384m -XX:+HeapDumpOnOutOfMemoryError -Xms256m -Xmx512m -Dfile.encoding=utf8 -Duser.country=IN -Duser.language=en -Duser.variant -javaagent:C:\Users\Anshika\.gradle\wrapper\dists\gradle-8.9-bin\90cnw93cvbtalezasaz0blq0a\gradle-8.9\lib\agents\gradle-instrumentation-agent-8.9.jar 
java_command: org.gradle.launcher.daemon.bootstrap.GradleDaemon 8.9
java_class_path (initial): C:\Users\Anshika\.gradle\wrapper\dists\gradle-8.9-bin\90cnw93cvbtalezasaz0blq0a\gradle-8.9\lib\gradle-daemon-main-8.9.jar
Launcher Type: SUN_STANDARD

[Global flags]
     intx CICompilerCount                          = 12                                        {product} {ergonomic}
   size_t CompressedClassSpaceSize                 = 335544320                                 {product} {ergonomic}
     uint ConcGCThreads                            = 3                                         {product} {ergonomic}
     uint G1ConcRefinementThreads                  = 13                                        {product} {ergonomic}
   size_t G1HeapRegionSize                         = 1048576                                   {product} {ergonomic}
    uintx GCDrainStackTargetSize                   = 64                                        {product} {ergonomic}
     bool HeapDumpOnOutOfMemoryError               = true                                   {manageable} {command line}
   size_t InitialHeapSize                          = 268435456                                 {product} {command line}
   size_t MarkStackSize                            = 4194304                                   {product} {ergonomic}
   size_t MaxHeapSize                              = 536870912                                 {product} {command line}
   size_t MaxMetaspaceSize                         = 402653184                                 {product} {command line}
   size_t MaxNewSize                               = 321912832                                 {product} {ergonomic}
   size_t MinHeapDeltaBytes                        = 1048576                                   {product} {ergonomic}
   size_t MinHeapSize                              = 268435456                                 {product} {command line}
    uintx NonNMethodCodeHeapSize                   = 7602480                                {pd product} {ergonomic}
    uintx NonProfiledCodeHeapSize                  = 122027880                              {pd product} {ergonomic}
    uintx ProfiledCodeHeapSize                     = 122027880                              {pd product} {ergonomic}
    uintx ReservedCodeCacheSize                    = 251658240                              {pd product} {ergonomic}
     bool SegmentedCodeCache                       = true                                      {product} {ergonomic}
   size_t SoftMaxHeapSize                          = 536870912                              {manageable} {ergonomic}
     bool UseCompressedOops                        = true                           {product lp64_product} {ergonomic}
     bool UseG1GC                                  = true                                      {product} {ergonomic}
     bool UseLargePagesIndividualAllocation        = false                                  {pd product} {ergonomic}

Logging:
Log output configuration:
 #0: stdout all=warning uptime,level,tags foldmultilines=false
 #1: stderr all=off uptime,level,tags foldmultilines=false

Release file:
JAVA_VERSION="21.0.11" 
MODULES="java.base java.compiler java.datatransfer java.xml java.prefs java.desktop java.instrument java.logging java.management java.security.sasl java.naming java.rmi java.management.rmi java.net.http java.scripting java.security.jgss java.transaction.xa java.sql java.sql.rowset java.xml.crypto java.se java.smartcardio jdk.accessibility jdk.internal.jvmstat jdk.attach jdk.charsets jdk.internal.opt jdk.zipfs jdk.compiler jdk.crypto.ec jdk.crypto.cryptoki jdk.crypto.mscapi jdk.dynalink jdk.internal.ed jdk.editpad jdk.hotspot.agent jdk.httpserver jdk.internal.le jdk.internal.vm.ci jdk.internal.vm.compiler jdk.internal.vm.compiler.management jdk.jartool jdk.javadoc jdk.jcmd jdk.management jdk.management.agent jdk.jconsole jdk.jdeps jdk.jdwp.agent jdk.jdi jdk.jfr jdk.jshell jdk.jsobject jdk.jstatd jdk.localedata jdk.management.jfr jdk.naming.dns jdk.naming.rmi jdk.net jdk.nio.mapmode jdk.random jdk.sctp jdk.security.auth jdk.security.jgss jdk.unsupported jdk.unsupported.desktop jdk.xml.dom" 

Environment Variables:
JAVA_HOME=C:\Program Files\Android\Android Studio\jbr

PATH=C:\Program Files\Microsoft SDKs\Azure\CLI2\wbin;C:\Program Files\Common Files\Oracle\Java\javapath;C:\Program Files\Python313\Scripts\;C:\Program Files\Python313\;C:\windows\system32;C:\windows;C:\windows\System32\Wbem;C:\windows\System32\WindowsPowerShell\v1.0\;C:\windows\System32\OpenSSH\;C:\Program Files (x86)\NVIDIA Corporation\PhysX\Common;C:\Program Files\NVIDIA Corporation\NVIDIA NvDLISR;C:\Users\Administrator\AppData\Local\Microsoft\WindowsApps;C:\Program Files\HP\OMEN-Broadcast\Common;C:\Program Files\Java\jdk-24\bin;C:\ffmpeg\bin;C:\Program Files (x86)\QuickTime\QTSystem\;C:\Program Files\dotnet\;C:\Program Files\PuTTY\;C:\Program Files\Git\cmd;C:\Program Files\Git\bin;C:\Program Files\Git\cmd;C:\Users\Anshika\Downloads\apache-maven-3.9.14-bin\apache-maven-3.9.14\bin;C:\Users\Anshika\AppData\Roaming\Python\Python313\Scripts;C:\Users\Anshika\Downloads\terraform_1.14.7_windows_386;C:\Users\Anshika\Downloads\terraform_1.14.7_windows_386\terraform.exe;C:\Program Files\Docker\Docker\resources\bin;C:\Program Files\eSpeak NG;C:\Program Files\eSpeak NG\bin;C:\Program Files\nodejs\;C:\Users\Anshika\AppData\Local\agy\bin;C:\Users\Anshika\Downloads\Piper\piper1-gpl-main\.venv\Scripts;c:\Users\Anshika\AppData\Roaming\Code\User\globalStorage\github.copilot-chat\debugCommand;c:\Users\Anshika\AppData\Roaming\Code\User\globalStorage\github.copilot-chat\copilotCli;C:\Users\Anshika\AppData\Local\Programs\Microsoft VS Code;C:\Program Files\Microsoft SDKs\Azure\CLI2\wbin;C:\Program Files\Common Files\Oracle\Java\javapath;C:\Program Files\Python313\Scripts\;C:\Program Files\Python313\;C:\windows\system32;C:\windows;C:\windows\System32\Wbem;C:\windows\System32\WindowsPowerShell\v1.0\;C:\windows\System32\OpenSSH\;C:\Program Files (x86)\NVIDIA Corporation\PhysX\Common;C:\Program Files\NVIDIA Corporation\NVIDIA NvDLISR;C:\Users\Administrator\AppData\Local\Microsoft\WindowsApps;C:\Program Files\HP\OMEN-Broadcast\Common;C:\Program Files\HP\HP One Agent;C:\Program Files\Java\jdk-24\bin;C:\ffmpeg\bin;C:\Program Files (x86)\QuickTime\QTSystem\;C:\Program Files\dotnet\;C:\Program Files\PuTTY\;C:\Program Files\Git\cmd;C:\Program Files\Git\bin;C:\P;C:\Users\Anshika\AppData\Local\Programs\Antigravity\bin;C:\Users\Anshika\AppData\Local\Programs\Microsoft VS Code\bin;C:\Users\Anshika\AppData\Local\Programs\Antigravity IDE\bin;C:\Users\Anshika\AppData\Roaming\npm;C:\Users\Anshika\AppData\Local\Programs\cursor\resources\app\bin
USERNAME=Anshika
OS=Windows_NT
PROCESSOR_IDENTIFIER=AMD64 Family 25 Model 116 Stepping 1, AuthenticAMD
TMP=C:\Users\Anshika\AppData\Local\Temp
TEMP=C:\Users\Anshika\AppData\Local\Temp




Periodic native trim disabled

---------------  S Y S T E M  ---------------

OS:
 Windows 11 , 64 bit Build 26100 (10.0.26100.8521)
OS uptime: 2 days 8:48 hours
Hyper-V role detected

CPU: total 16 (initial active 16) (16 cores per cpu, 2 threads per core) family 25 model 116 stepping 1 microcode 0xa704109, cx8, cmov, fxsr, ht, mmx, 3dnowpref, sse, sse2, sse3, ssse3, sse4a, sse4.1, sse4.2, popcnt, lzcnt, tsc, tscinvbit, avx, avx2, aes, erms, clmul, bmi1, bmi2, adx, avx512f, avx512dq, avx512cd, avx512bw, avx512vl, sha, fma, vzeroupper, avx512_vpopcntdq, avx512_vpclmulqdq, avx512_vaes, avx512_vnni, clflush, clflushopt, avx512_vbmi2, avx512_vbmi, hv, rdtscp, rdpid, fsrm, gfni, avx512_bitalg, f16c, cet_ss, avx512_ifma
Processor Information for the first 16 processors :
  Max Mhz: 3801, Current Mhz: 2516, Mhz Limit: 3801

Memory: 4k page, system-wide physical 15654M (656M free)
TotalPageFile size 56315M (AvailPageFile size 11M)
current process WorkingSet (physical memory assigned to process): 68M, peak: 324M
current process commit charge ("private bytes"): 566M, peak: 570M

vm_info: OpenJDK 64-Bit Server VM (21.0.11+10-LTS) for windows-amd64 JRE (21.0.11+10-LTS), built on 2026-04-21T00:00:00Z by "admin" with MS VC++ 17.12 (VS2022)

END.
