#
# There is insufficient memory for the Java Runtime Environment to continue.
# Native memory allocation (malloc) failed to allocate 2556592 bytes. Error detail: Chunk::new
# Possible reasons:
#   The system is out of physical RAM or swap space
#   This process is running with CompressedOops enabled, and the Java Heap may be blocking the growth of the native heap
# Possible solutions:
#   Reduce memory load on the system
#   Increase physical memory or swap space
#   Check if swap backing store is full
#   Decrease Java heap size (-Xmx/-Xms)
#   Decrease number of Java threads
#   Decrease Java thread stack sizes (-Xss)
#   Set larger code cache with -XX:ReservedCodeCacheSize=
#   JVM is running with Unscaled Compressed Oops mode in which the Java heap is
#     placed in the first 4GB address space. The Java Heap base address is the
#     maximum limit for the native heap growth. Please use -XX:HeapBaseMinAddress
#     to set the Java Heap base and to place the Java Heap above 4GB virtual address.
# This output file may be truncated or incomplete.
#
#  Out of Memory Error (arena.cpp:168), pid=49348, tid=6896
#
# JRE version: OpenJDK Runtime Environment Temurin-21.0.11+10 (21.0.11+10) (build 21.0.11+10-LTS)
# Java VM: OpenJDK 64-Bit Server VM Temurin-21.0.11+10 (21.0.11+10-LTS, mixed mode, sharing, tiered, compressed oops, compressed class ptrs, g1 gc, windows-amd64)
# No core dump will be written. Minidumps are not enabled by default on client versions of Windows
#

---------------  S U M M A R Y ------------

Command Line: --add-opens=java.base/java.util=ALL-UNNAMED --add-opens=java.base/java.lang=ALL-UNNAMED --add-opens=java.base/java.lang.invoke=ALL-UNNAMED --add-opens=java.prefs/java.util.prefs=ALL-UNNAMED --add-exports=jdk.compiler/com.sun.tools.javac.api=ALL-UNNAMED --add-exports=jdk.compiler/com.sun.tools.javac.util=ALL-UNNAMED --add-opens=java.base/java.nio.charset=ALL-UNNAMED --add-opens=java.base/java.net=ALL-UNNAMED --add-opens=java.base/java.util.concurrent.atomic=ALL-UNNAMED -XX:MaxMetaspaceSize=384m -XX:+HeapDumpOnOutOfMemoryError -Xms256m -Xmx512m -Dfile.encoding=utf8 -Duser.country=IN -Duser.language=en -Duser.variant -javaagent:C:\Users\Anshika\.gradle\wrapper\dists\gradle-8.9-bin\90cnw93cvbtalezasaz0blq0a\gradle-8.9\lib\agents\gradle-instrumentation-agent-8.9.jar org.gradle.launcher.daemon.bootstrap.GradleDaemon 8.9

Host: AMD Ryzen 7 7840HS w/ Radeon 780M Graphics     , 16 cores, 15G,  Windows 11 , 64 bit Build 26100 (10.0.26100.8521)
Time: Sat Jun 27 00:54:24 2026 India Standard Time elapsed time: 566.838027 seconds (0d 0h 9m 26s)

---------------  T H R E A D  ---------------

Current thread (0x00000262152d5f90):  JavaThread "C2 CompilerThread0" daemon [_thread_in_native, id=6896, stack(0x0000008a7dd00000,0x0000008a7de00000) (1024K)]


Current CompileTask:
C2:566838 11648   !   4       java.lang.reflect.Executable::sharedToGenericString (255 bytes)

Stack: [0x0000008a7dd00000,0x0000008a7de00000]
Native frames: (J=compiled Java code, j=interpreted, Vv=VM code, C=native code)
V  [jvm.dll+0x6d7e19]
V  [jvm.dll+0x8b5096]
V  [jvm.dll+0x8b764e]
V  [jvm.dll+0x8b7d33]
V  [jvm.dll+0x284596]
V  [jvm.dll+0xc685d]
V  [jvm.dll+0xc6da1]
V  [jvm.dll+0x3bed6b]
V  [jvm.dll+0x38b2b2]
V  [jvm.dll+0x38a6fa]
V  [jvm.dll+0x24c700]
V  [jvm.dll+0x24bce0]
V  [jvm.dll+0x1cb4ae]
V  [jvm.dll+0x25baad]
V  [jvm.dll+0x25a03a]
V  [jvm.dll+0x3f868e]
V  [jvm.dll+0x85fb0d]
V  [jvm.dll+0x6d664d]
C  [ucrtbase.dll+0x2cd30]
C  [KERNEL32.DLL+0x2e957]
C  [ntdll.dll+0x87c1c]


---------------  P R O C E S S  ---------------

Threads class SMR info:
_java_thread_list=0x00000262157fb620, length=128, elements={
0x000002627ede2430, 0x00000262152ce3d0, 0x00000262152d1b60, 0x00000262152d32e0,
0x00000262152d3d40, 0x00000262152d47a0, 0x00000262152d5200, 0x00000262152d5f90,
0x00000262152dd560, 0x000002621558a8e0, 0x00000262155517f0, 0x000002621598d880,
0x000002622fbca5c0, 0x0000026215643340, 0x00000262155a3a10, 0x000002622ff8de00,
0x000002622ff89290, 0x000002622ff871c0, 0x000002622ff86b30, 0x0000026230621df0,
0x00000262306210d0, 0x0000026230621760, 0x0000026230625270, 0x0000026230625900,
0x0000026230626620, 0x000002622ff864a0, 0x0000026231dc1210, 0x00000262326c1040,
0x0000026231dc0b80, 0x0000026231dc4690, 0x0000026231dc18a0, 0x0000026231dc1f30,
0x0000026231dc25c0, 0x0000026231dc2c50, 0x0000026231dbf7d0, 0x0000026231dc32e0,
0x0000026231dbfe60, 0x0000026231dc3970, 0x0000026231dc04f0, 0x0000026231dc4000,
0x0000026231dc60d0, 0x0000026231dc4d20, 0x0000026231dc53b0, 0x0000026231dc5a40,
0x0000026231dc6760, 0x00000262326bfc90, 0x00000262326bdbc0, 0x00000262326bf600,
0x00000262326bd530, 0x00000262326bc810, 0x00000262326c0320, 0x00000262326bcea0,
0x00000262326c3e30, 0x00000262326c16d0, 0x00000262326c2a80, 0x00000262326c3110,
0x0000026230625f90, 0x0000026230622b10, 0x0000026230623830, 0x0000026230624be0,
0x0000026230627340, 0x0000026230623ec0, 0x00000262306279d0, 0x0000026230628060,
0x00000262306286f0, 0x000002622ff85e10, 0x000002622ff87850, 0x000002623128dfa0,
0x000002623128bed0, 0x000002623128ecc0, 0x000002623128c560, 0x000002623128d910,
0x000002623128b840, 0x000002623128e630, 0x000002623128f350, 0x000002623128f9e0,
0x0000026231290070, 0x000002623128cbf0, 0x0000026231290700, 0x000002623128d280,
0x0000026231292140, 0x00000262312927d0, 0x0000026231291420, 0x0000026231290d90,
0x0000026231291ab0, 0x0000026231292e60, 0x0000026231dbf140, 0x00000262326c37a0,
0x000002622ff87ee0, 0x00000262322b4360, 0x00000262322b0ee0, 0x00000262322b2920,
0x00000262322b1570, 0x00000262322b2fb0, 0x00000262322b1c00, 0x00000262322b3640,
0x00000262322b5710, 0x00000262322b3cd0, 0x00000262322b49f0, 0x00000262322b5080,
0x00000262322b2290, 0x00000262322b7150, 0x00000262322b5da0, 0x00000262322b6430,
0x00000262322b8500, 0x00000262322b7e70, 0x00000262322b6ac0, 0x00000262322b77e0,
0x00000262310970a0, 0x0000026231099170, 0x0000026231098ae0, 0x0000026231098450,
0x0000026231095cf0, 0x0000026231097730, 0x0000026231099800, 0x0000026231097dc0,
0x0000026231096a10, 0x0000026231096380, 0x000002623109bf60, 0x000002623109b8d0,
0x0000026231099e90, 0x000002623109a520, 0x000002623109c5f0, 0x000002623109cc80,
0x000002623109abb0, 0x000002623109d310, 0x000002623109b240, 0x0000026232f05d20
}

Java Threads: ( => current thread )
  0x000002627ede2430 JavaThread "main"                              [_thread_blocked, id=17148, stack(0x0000008a7ce00000,0x0000008a7cf00000) (1024K)]
  0x00000262152ce3d0 JavaThread "Reference Handler"          daemon [_thread_blocked, id=20484, stack(0x0000008a7d700000,0x0000008a7d800000) (1024K)]
  0x00000262152d1b60 JavaThread "Finalizer"                  daemon [_thread_blocked, id=53732, stack(0x0000008a7d800000,0x0000008a7d900000) (1024K)]
  0x00000262152d32e0 JavaThread "Signal Dispatcher"          daemon [_thread_blocked, id=37960, stack(0x0000008a7d900000,0x0000008a7da00000) (1024K)]
  0x00000262152d3d40 JavaThread "Attach Listener"            daemon [_thread_blocked, id=37272, stack(0x0000008a7da00000,0x0000008a7db00000) (1024K)]
  0x00000262152d47a0 JavaThread "Service Thread"             daemon [_thread_blocked, id=55268, stack(0x0000008a7db00000,0x0000008a7dc00000) (1024K)]
  0x00000262152d5200 JavaThread "Monitor Deflation Thread"   daemon [_thread_blocked, id=13792, stack(0x0000008a7dc00000,0x0000008a7dd00000) (1024K)]
=>0x00000262152d5f90 JavaThread "C2 CompilerThread0"         daemon [_thread_in_native, id=6896, stack(0x0000008a7dd00000,0x0000008a7de00000) (1024K)]
  0x00000262152dd560 JavaThread "C1 CompilerThread0"         daemon [_thread_blocked, id=29520, stack(0x0000008a7de00000,0x0000008a7df00000) (1024K)]
  0x000002621558a8e0 JavaThread "Common-Cleaner"             daemon [_thread_blocked, id=33208, stack(0x0000008a7df00000,0x0000008a7e000000) (1024K)]
  0x00000262155517f0 JavaThread "Notification Thread"        daemon [_thread_blocked, id=52752, stack(0x0000008a7e000000,0x0000008a7e100000) (1024K)]
  0x000002621598d880 JavaThread "Daemon health stats"               [_thread_blocked, id=8688, stack(0x0000008a7e600000,0x0000008a7e700000) (1024K)]
  0x000002622fbca5c0 JavaThread "Incoming local TCP Connector on port 65149"        [_thread_in_native, id=48408, stack(0x0000008a7e800000,0x0000008a7e900000) (1024K)]
  0x0000026215643340 JavaThread "Daemon periodic checks"            [_thread_blocked, id=54200, stack(0x0000008a7e900000,0x0000008a7ea00000) (1024K)]
  0x00000262155a3a10 JavaThread "Daemon"                            [_thread_blocked, id=16076, stack(0x0000008a7eb00000,0x0000008a7ec00000) (1024K)]
  0x000002622ff8de00 JavaThread "Daemon worker"                     [_thread_blocked, id=42312, stack(0x0000008a7ee00000,0x0000008a7ef00000) (1024K)]
  0x000002622ff89290 JavaThread "Cache worker for journal cache (C:\Users\Anshika\.gradle\caches\journal-1)"        [_thread_blocked, id=54992, stack(0x0000008a7f200000,0x0000008a7f300000) (1024K)]
  0x000002622ff871c0 JavaThread "File lock request listener"        [_thread_in_native, id=48104, stack(0x0000008a7fa00000,0x0000008a7fb00000) (1024K)]
  0x000002622ff86b30 JavaThread "Cache worker for file hash cache (C:\Users\Anshika\.gradle\caches\8.9\fileHashes)"        [_thread_blocked, id=51436, stack(0x0000008a7fc00000,0x0000008a7fd00000) (1024K)]
  0x0000026230621df0 JavaThread "File watcher server"        daemon [_thread_in_native, id=49104, stack(0x0000008a00100000,0x0000008a00200000) (1024K)]
  0x00000262306210d0 JavaThread "File watcher consumer"      daemon [_thread_blocked, id=48216, stack(0x0000008a00200000,0x0000008a00300000) (1024K)]
  0x0000026230621760 JavaThread "Cache worker for file content cache (C:\Users\Anshika\.gradle\caches\8.9\fileContent)"        [_thread_blocked, id=44052, stack(0x0000008a00400000,0x0000008a00500000) (1024K)]
  0x0000026230625270 JavaThread "jar transforms"                    [_thread_blocked, id=54408, stack(0x0000008a00600000,0x0000008a00700000) (1024K)]
  0x0000026230625900 JavaThread "jar transforms Thread 2"           [_thread_blocked, id=50368, stack(0x0000008a00700000,0x0000008a00800000) (1024K)]
  0x0000026230626620 JavaThread "jar transforms Thread 3"           [_thread_blocked, id=52060, stack(0x0000008a00800000,0x0000008a00900000) (1024K)]
  0x000002622ff864a0 JavaThread "jar transforms Thread 4"           [_thread_blocked, id=52988, stack(0x0000008a01100000,0x0000008a01200000) (1024K)]
  0x0000026231dc1210 JavaThread "jar transforms Thread 5"           [_thread_blocked, id=19728, stack(0x0000008a00900000,0x0000008a00a00000) (1024K)]
  0x00000262326c1040 JavaThread "Memory manager"                    [_thread_blocked, id=34932, stack(0x0000008a04000000,0x0000008a04100000) (1024K)]
  0x0000026231dc0b80 JavaThread "jar transforms Thread 6"           [_thread_blocked, id=22192, stack(0x0000008a00500000,0x0000008a00600000) (1024K)]
  0x0000026231dc4690 JavaThread "jar transforms Thread 7"           [_thread_blocked, id=20864, stack(0x0000008a01500000,0x0000008a01600000) (1024K)]
  0x0000026231dc18a0 JavaThread "Handler for socket connection from /127.0.0.1:65149 to /127.0.0.1:52713"        [_thread_in_native, id=27084, stack(0x0000008a00a00000,0x0000008a00b00000) (1024K)]
  0x0000026231dc1f30 JavaThread "Cancel handler"                    [_thread_blocked, id=41260, stack(0x0000008a00b00000,0x0000008a00c00000) (1024K)]
  0x0000026231dc25c0 JavaThread "Asynchronous log dispatcher for DefaultDaemonConnection: socket connection from /127.0.0.1:65149 to /127.0.0.1:52713"        [_thread_blocked, id=51212, stack(0x0000008a00c00000,0x0000008a00d00000) (1024K)]
  0x0000026231dc2c50 JavaThread "Stdin handler"                     [_thread_blocked, id=54728, stack(0x0000008a00d00000,0x0000008a00e00000) (1024K)]
  0x0000026231dbf7d0 JavaThread "Daemon client event forwarder"        [_thread_blocked, id=53552, stack(0x0000008a00e00000,0x0000008a00f00000) (1024K)]
  0x0000026231dc32e0 JavaThread "Cache worker for file hash cache (C:\Users\Anshika\Documents\Pull-Up\Pull-up\pullup\node_modules\expo-modules-autolinking\android\expo-gradle-plugin\.gradle\8.9\fileHashes)"        [_thread_blocked, id=33312, stack(0x0000008a00f00000,0x0000008a01000000) (1024K)]
  0x0000026231dbfe60 JavaThread "Cache worker for Build Output Cleanup Cache (C:\Users\Anshika\Documents\Pull-Up\Pull-up\pullup\node_modules\expo-modules-autolinking\android\expo-gradle-plugin\.gradle\buildOutputCleanup)"        [_thread_blocked, id=49304, stack(0x0000008a01000000,0x0000008a01100000) (1024K)]
  0x0000026231dc3970 JavaThread "Cache worker for checksums cache (C:\Users\Anshika\Documents\Pull-Up\Pull-up\pullup\node_modules\expo-modules-autolinking\android\expo-gradle-plugin\.gradle\8.9\checksums)"        [_thread_blocked, id=29556, stack(0x0000008a01200000,0x0000008a01300000) (1024K)]
  0x0000026231dc04f0 JavaThread "Cache worker for cache directory md-rule (C:\Users\Anshika\.gradle\caches\8.9\md-rule)"        [_thread_blocked, id=42760, stack(0x0000008a01300000,0x0000008a01400000) (1024K)]
  0x0000026231dc4000 JavaThread "Cache worker for cache directory md-supplier (C:\Users\Anshika\.gradle\caches\8.9\md-supplier)"        [_thread_blocked, id=36492, stack(0x0000008a01400000,0x0000008a01500000) (1024K)]
  0x0000026231dc60d0 JavaThread "File lock release action executor Thread 2"        [_thread_blocked, id=20636, stack(0x0000008a01600000,0x0000008a01700000) (1024K)]
  0x0000026231dc4d20 JavaThread "Unconstrained build operations"        [_thread_blocked, id=27640, stack(0x0000008a01700000,0x0000008a01800000) (1024K)]
  0x0000026231dc53b0 JavaThread "Unconstrained build operations Thread 2"        [_thread_blocked, id=30112, stack(0x0000008a01800000,0x0000008a01900000) (1024K)]
  0x0000026231dc5a40 JavaThread "Unconstrained build operations Thread 3"        [_thread_blocked, id=41652, stack(0x0000008a01900000,0x0000008a01a00000) (1024K)]
  0x0000026231dc6760 JavaThread "Unconstrained build operations Thread 4"        [_thread_blocked, id=32560, stack(0x0000008a01a00000,0x0000008a01b00000) (1024K)]
  0x00000262326bfc90 JavaThread "Unconstrained build operations Thread 5"        [_thread_blocked, id=9112, stack(0x0000008a01b00000,0x0000008a01c00000) (1024K)]
  0x00000262326bdbc0 JavaThread "Unconstrained build operations Thread 6"        [_thread_blocked, id=37948, stack(0x0000008a01c00000,0x0000008a01d00000) (1024K)]
  0x00000262326bf600 JavaThread "Unconstrained build operations Thread 7"        [_thread_blocked, id=41528, stack(0x0000008a01d00000,0x0000008a01e00000) (1024K)]
  0x00000262326bd530 JavaThread "Unconstrained build operations Thread 8"        [_thread_blocked, id=39848, stack(0x0000008a01e00000,0x0000008a01f00000) (1024K)]
  0x00000262326bc810 JavaThread "Unconstrained build operations Thread 9"        [_thread_blocked, id=51664, stack(0x0000008a01f00000,0x0000008a02000000) (1024K)]
  0x00000262326c0320 JavaThread "Unconstrained build operations Thread 10"        [_thread_blocked, id=32436, stack(0x0000008a02000000,0x0000008a02100000) (1024K)]
  0x00000262326bcea0 JavaThread "Unconstrained build operations Thread 11"        [_thread_blocked, id=8264, stack(0x0000008a02100000,0x0000008a02200000) (1024K)]
  0x00000262326c3e30 JavaThread "Unconstrained build operations Thread 12"        [_thread_blocked, id=26244, stack(0x0000008a02200000,0x0000008a02300000) (1024K)]
  0x00000262326c16d0 JavaThread "Unconstrained build operations Thread 13"        [_thread_blocked, id=13068, stack(0x0000008a02300000,0x0000008a02400000) (1024K)]
  0x00000262326c2a80 JavaThread "Unconstrained build operations Thread 14"        [_thread_blocked, id=10276, stack(0x0000008a02400000,0x0000008a02500000) (1024K)]
  0x00000262326c3110 JavaThread "Unconstrained build operations Thread 15"        [_thread_blocked, id=49456, stack(0x0000008a02500000,0x0000008a02600000) (1024K)]
  0x0000026230625f90 JavaThread "Unconstrained build operations Thread 16"        [_thread_blocked, id=10788, stack(0x0000008a02600000,0x0000008a02700000) (1024K)]
  0x0000026230622b10 JavaThread "Unconstrained build operations Thread 17"        [_thread_blocked, id=27828, stack(0x0000008a02700000,0x0000008a02800000) (1024K)]
  0x0000026230623830 JavaThread "Unconstrained build operations Thread 18"        [_thread_blocked, id=20112, stack(0x0000008a02800000,0x0000008a02900000) (1024K)]
  0x0000026230624be0 JavaThread "Unconstrained build operations Thread 19"        [_thread_blocked, id=44864, stack(0x0000008a02900000,0x0000008a02a00000) (1024K)]
  0x0000026230627340 JavaThread "Unconstrained build operations Thread 20"        [_thread_blocked, id=50828, stack(0x0000008a02a00000,0x0000008a02b00000) (1024K)]
  0x0000026230623ec0 JavaThread "Unconstrained build operations Thread 21"        [_thread_blocked, id=42816, stack(0x0000008a02b00000,0x0000008a02c00000) (1024K)]
  0x00000262306279d0 JavaThread "Unconstrained build operations Thread 22"        [_thread_blocked, id=51328, stack(0x0000008a02c00000,0x0000008a02d00000) (1024K)]
  0x0000026230628060 JavaThread "Unconstrained build operations Thread 23"        [_thread_blocked, id=51948, stack(0x0000008a02d00000,0x0000008a02e00000) (1024K)]
  0x00000262306286f0 JavaThread "Unconstrained build operations Thread 24"        [_thread_blocked, id=54588, stack(0x0000008a02e00000,0x0000008a02f00000) (1024K)]
  0x000002622ff85e10 JavaThread "Unconstrained build operations Thread 25"        [_thread_blocked, id=12772, stack(0x0000008a02f00000,0x0000008a03000000) (1024K)]
  0x000002622ff87850 JavaThread "Unconstrained build operations Thread 26"        [_thread_blocked, id=51880, stack(0x0000008a03000000,0x0000008a03100000) (1024K)]
  0x000002623128dfa0 JavaThread "Unconstrained build operations Thread 27"        [_thread_blocked, id=33092, stack(0x0000008a03100000,0x0000008a03200000) (1024K)]
  0x000002623128bed0 JavaThread "Unconstrained build operations Thread 28"        [_thread_blocked, id=30600, stack(0x0000008a03200000,0x0000008a03300000) (1024K)]
  0x000002623128ecc0 JavaThread "Unconstrained build operations Thread 29"        [_thread_blocked, id=17804, stack(0x0000008a03300000,0x0000008a03400000) (1024K)]
  0x000002623128c560 JavaThread "Unconstrained build operations Thread 30"        [_thread_blocked, id=18640, stack(0x0000008a03400000,0x0000008a03500000) (1024K)]
  0x000002623128d910 JavaThread "Unconstrained build operations Thread 31"        [_thread_blocked, id=50992, stack(0x0000008a03500000,0x0000008a03600000) (1024K)]
  0x000002623128b840 JavaThread "Unconstrained build operations Thread 32"        [_thread_blocked, id=55224, stack(0x0000008a03600000,0x0000008a03700000) (1024K)]
  0x000002623128e630 JavaThread "Unconstrained build operations Thread 33"        [_thread_blocked, id=55176, stack(0x0000008a03700000,0x0000008a03800000) (1024K)]
  0x000002623128f350 JavaThread "Unconstrained build operations Thread 34"        [_thread_blocked, id=3512, stack(0x0000008a03800000,0x0000008a03900000) (1024K)]
  0x000002623128f9e0 JavaThread "Unconstrained build operations Thread 35"        [_thread_blocked, id=48360, stack(0x0000008a03900000,0x0000008a03a00000) (1024K)]
  0x0000026231290070 JavaThread "Unconstrained build operations Thread 36"        [_thread_blocked, id=26332, stack(0x0000008a03a00000,0x0000008a03b00000) (1024K)]
  0x000002623128cbf0 JavaThread "Unconstrained build operations Thread 37"        [_thread_blocked, id=21876, stack(0x0000008a03b00000,0x0000008a03c00000) (1024K)]
  0x0000026231290700 JavaThread "Unconstrained build operations Thread 38"        [_thread_blocked, id=53076, stack(0x0000008a03c00000,0x0000008a03d00000) (1024K)]
  0x000002623128d280 JavaThread "Unconstrained build operations Thread 39"        [_thread_blocked, id=31844, stack(0x0000008a03d00000,0x0000008a03e00000) (1024K)]
  0x0000026231292140 JavaThread "Unconstrained build operations Thread 40"        [_thread_blocked, id=16740, stack(0x0000008a03e00000,0x0000008a03f00000) (1024K)]
  0x00000262312927d0 JavaThread "Unconstrained build operations Thread 41"        [_thread_blocked, id=52804, stack(0x0000008a04200000,0x0000008a04300000) (1024K)]
  0x0000026231291420 JavaThread "Unconstrained build operations Thread 42"        [_thread_blocked, id=30652, stack(0x0000008a04300000,0x0000008a04400000) (1024K)]
  0x0000026231290d90 JavaThread "Unconstrained build operations Thread 43"        [_thread_blocked, id=38740, stack(0x0000008a04400000,0x0000008a04500000) (1024K)]
  0x0000026231291ab0 JavaThread "Unconstrained build operations Thread 44"        [_thread_blocked, id=49032, stack(0x0000008a04500000,0x0000008a04600000) (1024K)]
  0x0000026231292e60 JavaThread "Unconstrained build operations Thread 45"        [_thread_blocked, id=45028, stack(0x0000008a04600000,0x0000008a04700000) (1024K)]
  0x0000026231dbf140 JavaThread "build event listener"              [_thread_blocked, id=48496, stack(0x0000008a00000000,0x0000008a00100000) (1024K)]
  0x00000262326c37a0 JavaThread "Unconstrained build operations Thread 46"        [_thread_blocked, id=54320, stack(0x0000008a00300000,0x0000008a00400000) (1024K)]
  0x000002622ff87ee0 JavaThread "Unconstrained build operations Thread 47"        [_thread_blocked, id=6636, stack(0x0000008a03f00000,0x0000008a04000000) (1024K)]
  0x00000262322b4360 JavaThread "Unconstrained build operations Thread 48"        [_thread_blocked, id=55080, stack(0x0000008a04100000,0x0000008a04200000) (1024K)]
  0x00000262322b0ee0 JavaThread "Unconstrained build operations Thread 49"        [_thread_blocked, id=51540, stack(0x0000008a04700000,0x0000008a04800000) (1024K)]
  0x00000262322b2920 JavaThread "Unconstrained build operations Thread 50"        [_thread_blocked, id=13868, stack(0x0000008a04800000,0x0000008a04900000) (1024K)]
  0x00000262322b1570 JavaThread "Unconstrained build operations Thread 51"        [_thread_blocked, id=23432, stack(0x0000008a04900000,0x0000008a04a00000) (1024K)]
  0x00000262322b2fb0 JavaThread "Unconstrained build operations Thread 52"        [_thread_blocked, id=55236, stack(0x0000008a04a00000,0x0000008a04b00000) (1024K)]
  0x00000262322b1c00 JavaThread "Unconstrained build operations Thread 53"        [_thread_blocked, id=49616, stack(0x0000008a04b00000,0x0000008a04c00000) (1024K)]
  0x00000262322b3640 JavaThread "Unconstrained build operations Thread 54"        [_thread_blocked, id=23200, stack(0x0000008a04c00000,0x0000008a04d00000) (1024K)]
  0x00000262322b5710 JavaThread "Unconstrained build operations Thread 55"        [_thread_blocked, id=52500, stack(0x0000008a04d00000,0x0000008a04e00000) (1024K)]
  0x00000262322b3cd0 JavaThread "Unconstrained build operations Thread 56"        [_thread_blocked, id=50060, stack(0x0000008a04e00000,0x0000008a04f00000) (1024K)]
  0x00000262322b49f0 JavaThread "Unconstrained build operations Thread 57"        [_thread_blocked, id=49288, stack(0x0000008a04f00000,0x0000008a05000000) (1024K)]
  0x00000262322b5080 JavaThread "Unconstrained build operations Thread 58"        [_thread_blocked, id=30780, stack(0x0000008a05000000,0x0000008a05100000) (1024K)]
  0x00000262322b2290 JavaThread "Unconstrained build operations Thread 59"        [_thread_blocked, id=43284, stack(0x0000008a05100000,0x0000008a05200000) (1024K)]
  0x00000262322b7150 JavaThread "Unconstrained build operations Thread 60"        [_thread_blocked, id=12108, stack(0x0000008a05200000,0x0000008a05300000) (1024K)]
  0x00000262322b5da0 JavaThread "Unconstrained build operations Thread 61"        [_thread_blocked, id=21448, stack(0x0000008a05300000,0x0000008a05400000) (1024K)]
  0x00000262322b6430 JavaThread "Unconstrained build operations Thread 62"        [_thread_blocked, id=53628, stack(0x0000008a05600000,0x0000008a05700000) (1024K)]
  0x00000262322b8500 JavaThread "Unconstrained build operations Thread 63"        [_thread_blocked, id=46012, stack(0x0000008a05700000,0x0000008a05800000) (1024K)]
  0x00000262322b7e70 JavaThread "Unconstrained build operations Thread 64"        [_thread_blocked, id=39416, stack(0x0000008a05800000,0x0000008a05900000) (1024K)]
  0x00000262322b6ac0 JavaThread "Unconstrained build operations Thread 65"        [_thread_blocked, id=46100, stack(0x0000008a05900000,0x0000008a05a00000) (1024K)]
  0x00000262322b77e0 JavaThread "Unconstrained build operations Thread 66"        [_thread_blocked, id=24276, stack(0x0000008a05a00000,0x0000008a05b00000) (1024K)]
  0x00000262310970a0 JavaThread "Unconstrained build operations Thread 67"        [_thread_blocked, id=25968, stack(0x0000008a05b00000,0x0000008a05c00000) (1024K)]
  0x0000026231099170 JavaThread "Unconstrained build operations Thread 68"        [_thread_blocked, id=24952, stack(0x0000008a05c00000,0x0000008a05d00000) (1024K)]
  0x0000026231098ae0 JavaThread "Unconstrained build operations Thread 69"        [_thread_blocked, id=50088, stack(0x0000008a05d00000,0x0000008a05e00000) (1024K)]
  0x0000026231098450 JavaThread "included builds"                   [_thread_in_vm, id=50768, stack(0x0000008a05500000,0x0000008a05600000) (1024K)]
  0x0000026231095cf0 JavaThread "Execution worker"                  [_thread_blocked, id=35304, stack(0x0000008a05e00000,0x0000008a05f00000) (1024K)]
  0x0000026231097730 JavaThread "Execution worker Thread 2"         [_thread_blocked, id=17104, stack(0x0000008a05f00000,0x0000008a06000000) (1024K)]
  0x0000026231099800 JavaThread "Execution worker Thread 3"         [_thread_blocked, id=55104, stack(0x0000008a06000000,0x0000008a06100000) (1024K)]
  0x0000026231097dc0 JavaThread "Execution worker Thread 4"         [_thread_blocked, id=44036, stack(0x0000008a06100000,0x0000008a06200000) (1024K)]
  0x0000026231096a10 JavaThread "Execution worker Thread 5"         [_thread_blocked, id=50516, stack(0x0000008a06200000,0x0000008a06300000) (1024K)]
  0x0000026231096380 JavaThread "Execution worker Thread 6"         [_thread_blocked, id=6032, stack(0x0000008a06300000,0x0000008a06400000) (1024K)]
  0x000002623109bf60 JavaThread "Execution worker Thread 7"         [_thread_blocked, id=29440, stack(0x0000008a06400000,0x0000008a06500000) (1024K)]
  0x000002623109b8d0 JavaThread "Execution worker Thread 8"         [_thread_blocked, id=49680, stack(0x0000008a06500000,0x0000008a06600000) (1024K)]
  0x0000026231099e90 JavaThread "Execution worker Thread 9"         [_thread_blocked, id=53132, stack(0x0000008a06600000,0x0000008a06700000) (1024K)]
  0x000002623109a520 JavaThread "Execution worker Thread 10"        [_thread_blocked, id=54556, stack(0x0000008a06700000,0x0000008a06800000) (1024K)]
  0x000002623109c5f0 JavaThread "Execution worker Thread 11"        [_thread_blocked, id=46284, stack(0x0000008a06800000,0x0000008a06900000) (1024K)]
  0x000002623109cc80 JavaThread "Execution worker Thread 12"        [_thread_blocked, id=53156, stack(0x0000008a06900000,0x0000008a06a00000) (1024K)]
  0x000002623109abb0 JavaThread "Execution worker Thread 13"        [_thread_blocked, id=14960, stack(0x0000008a06a00000,0x0000008a06b00000) (1024K)]
  0x000002623109d310 JavaThread "Execution worker Thread 14"        [_thread_blocked, id=26912, stack(0x0000008a06b00000,0x0000008a06c00000) (1024K)]
  0x000002623109b240 JavaThread "Execution worker Thread 15"        [_thread_blocked, id=6256, stack(0x0000008a06c00000,0x0000008a06d00000) (1024K)]
  0x0000026232f05d20 JavaThread "Cache worker for execution history cache (C:\Users\Anshika\Documents\Pull-Up\Pull-up\pullup\node_modules\expo-modules-autolinking\android\expo-gradle-plugin\.gradle\8.9\executionHistory)"        [_thread_blocked, id=49008, stack(0x0000008a06d00000,0x0000008a06e00000) (1024K)]
Total: 128

Other Threads:
  0x00000262152ad360 VMThread "VM Thread"                           [id=54224, stack(0x0000008a7d600000,0x0000008a7d700000) (1024K)]
  0x000002621529e7f0 WatcherThread "VM Periodic Task Thread"        [id=50880, stack(0x0000008a7d500000,0x0000008a7d600000) (1024K)]
  0x000002627ee0f410 WorkerThread "GC Thread#0"                     [id=33044, stack(0x0000008a7d000000,0x0000008a7d100000) (1024K)]
  0x0000026215807fd0 WorkerThread "GC Thread#1"                     [id=15888, stack(0x0000008a7e100000,0x0000008a7e200000) (1024K)]
  0x00000262157fdb30 WorkerThread "GC Thread#2"                     [id=5004, stack(0x0000008a7e200000,0x0000008a7e300000) (1024K)]
  0x00000262156ab420 WorkerThread "GC Thread#3"                     [id=38992, stack(0x0000008a7e300000,0x0000008a7e400000) (1024K)]
  0x000002621586a280 WorkerThread "GC Thread#4"                     [id=53464, stack(0x0000008a7e400000,0x0000008a7e500000) (1024K)]
  0x000002621586a630 WorkerThread "GC Thread#5"                     [id=51760, stack(0x0000008a7e500000,0x0000008a7e600000) (1024K)]
  0x000002622fcc2ca0 WorkerThread "GC Thread#6"                     [id=6296, stack(0x0000008a7f300000,0x0000008a7f400000) (1024K)]
  0x000002622fcc3b60 WorkerThread "GC Thread#7"                     [id=31628, stack(0x0000008a7f400000,0x0000008a7f500000) (1024K)]
  0x000002622fcc3050 WorkerThread "GC Thread#8"                     [id=33508, stack(0x0000008a7f500000,0x0000008a7f600000) (1024K)]
  0x000002622fcc2540 WorkerThread "GC Thread#9"                     [id=55016, stack(0x0000008a7f600000,0x0000008a7f700000) (1024K)]
  0x000002622fcc3f10 WorkerThread "GC Thread#10"                    [id=316, stack(0x0000008a7f700000,0x0000008a7f800000) (1024K)]
  0x000002622fcc28f0 WorkerThread "GC Thread#11"                    [id=3984, stack(0x0000008a7f800000,0x0000008a7f900000) (1024K)]
  0x000002622fcc3400 WorkerThread "GC Thread#12"                    [id=2748, stack(0x0000008a7f900000,0x0000008a7fa00000) (1024K)]
  0x000002627ee14b20 ConcurrentGCThread "G1 Main Marker"            [id=50116, stack(0x0000008a7d100000,0x0000008a7d200000) (1024K)]
  0x000002627ee15540 WorkerThread "G1 Conc#0"                       [id=53540, stack(0x0000008a7d200000,0x0000008a7d300000) (1024K)]
  0x00000262305ba850 WorkerThread "G1 Conc#1"                       [id=30176, stack(0x0000008a7fe00000,0x0000008a7ff00000) (1024K)]
  0x00000262305b95e0 WorkerThread "G1 Conc#2"                       [id=1672, stack(0x0000008a7ff00000,0x0000008a80000000) (1024K)]
  0x000002627ee8e530 ConcurrentGCThread "G1 Refine#0"               [id=50776, stack(0x0000008a7d300000,0x0000008a7d400000) (1024K)]
  0x000002621516de60 ConcurrentGCThread "G1 Service"                [id=49300, stack(0x0000008a7d400000,0x0000008a7d500000) (1024K)]
Total: 21

Threads with active compile tasks:
C2 CompilerThread0  567810 11648   !   4       java.lang.reflect.Executable::sharedToGenericString (255 bytes)
Total: 1

VM state: not at safepoint (normal execution)

VM Mutex/Monitor currently owned by a thread: None

Heap address: 0x00000000e0000000, size: 512 MB, Compressed Oops mode: 32-bit

CDS archive(s) mapped at: [0x0000026216000000-0x0000026216ba0000-0x0000026216ba0000), size 12189696, SharedBaseAddress: 0x0000026216000000, ArchiveRelocationMode: 1.
Compressed class space mapped at: 0x0000026217000000-0x000002622b000000, reserved size: 335544320
Narrow klass base: 0x0000026216000000, Narrow klass shift: 0, Narrow klass range: 0x100000000

GC Precious Log:
 CardTable entry size: 512
 Card Set container configuration: InlinePtr #cards 5 size 8 Array Of Cards #cards 12 size 40 Howl #buckets 4 coarsen threshold 1843 Howl Bitmap #cards 512 size 80 coarsen threshold 460 Card regions per heap region 1 cards per card region 2048
 CPUs: 16 total, 16 available
 Memory: 15654M
 Large Page Support: Disabled
 NUMA Support: Disabled
 Compressed Oops: Enabled (32-bit)
 Heap Region Size: 1M
 Heap Min Capacity: 256M
 Heap Initial Capacity: 256M
 Heap Max Capacity: 512M
 Pre-touch: Disabled
 Parallel Workers: 13
 Concurrent Workers: 3
 Concurrent Refinement Workers: 13
 Periodic GC: Disabled

Heap:
 garbage-first heap   total 262144K, used 172953K [0x00000000e0000000, 0x0000000100000000)
  region size 1024K, 122 young (124928K), 16 survivors (16384K)
 Metaspace       used 78564K, committed 80768K, reserved 458752K
  class space    used 11329K, committed 12416K, reserved 327680K

Heap Regions: E=young(eden), S=young(survivor), O=old, HS=humongous(starts), HC=humongous(continues), CS=collection set, F=free, TAMS=top-at-mark-start, PB=parsable bottom
|   0|0x00000000e0000000, 0x00000000e0100000, 0x00000000e0100000|100%|HS|  |TAMS 0x00000000e0000000| PB 0x00000000e0000000| Complete 
|   1|0x00000000e0100000, 0x00000000e0200000, 0x00000000e0200000|100%|HC|  |TAMS 0x00000000e0100000| PB 0x00000000e0100000| Complete 
|   2|0x00000000e0200000, 0x00000000e0300000, 0x00000000e0300000|100%|HC|  |TAMS 0x00000000e0200000| PB 0x00000000e0200000| Complete 
|   3|0x00000000e0300000, 0x00000000e0400000, 0x00000000e0400000|100%|HC|  |TAMS 0x00000000e0300000| PB 0x00000000e0300000| Complete 
|   4|0x00000000e0400000, 0x00000000e0500000, 0x00000000e0500000|100%| O|  |TAMS 0x00000000e0400000| PB 0x00000000e0400000| Untracked 
|   5|0x00000000e0500000, 0x00000000e0600000, 0x00000000e0600000|100%| O|  |TAMS 0x00000000e0500000| PB 0x00000000e0500000| Untracked 
|   6|0x00000000e0600000, 0x00000000e0700000, 0x00000000e0700000|100%| O|  |TAMS 0x00000000e0600000| PB 0x00000000e0600000| Untracked 
|   7|0x00000000e0700000, 0x00000000e0800000, 0x00000000e0800000|100%| O|  |TAMS 0x00000000e0700000| PB 0x00000000e0700000| Untracked 
|   8|0x00000000e0800000, 0x00000000e0900000, 0x00000000e0900000|100%| O|  |TAMS 0x00000000e0800000| PB 0x00000000e0800000| Untracked 
|   9|0x00000000e0900000, 0x00000000e0a00000, 0x00000000e0a00000|100%| O|  |TAMS 0x00000000e0900000| PB 0x00000000e0900000| Untracked 
|  10|0x00000000e0a00000, 0x00000000e0b00000, 0x00000000e0b00000|100%| O|  |TAMS 0x00000000e0a00000| PB 0x00000000e0a00000| Untracked 
|  11|0x00000000e0b00000, 0x00000000e0c00000, 0x00000000e0c00000|100%|HS|  |TAMS 0x00000000e0b00000| PB 0x00000000e0b00000| Complete 
|  12|0x00000000e0c00000, 0x00000000e0d00000, 0x00000000e0d00000|100%| O|  |TAMS 0x00000000e0c00000| PB 0x00000000e0c00000| Untracked 
|  13|0x00000000e0d00000, 0x00000000e0e00000, 0x00000000e0e00000|100%| O|  |TAMS 0x00000000e0d00000| PB 0x00000000e0d00000| Untracked 
|  14|0x00000000e0e00000, 0x00000000e0f00000, 0x00000000e0f00000|100%| O|  |TAMS 0x00000000e0e00000| PB 0x00000000e0e00000| Untracked 
|  15|0x00000000e0f00000, 0x00000000e1000000, 0x00000000e1000000|100%| O|  |TAMS 0x00000000e0f00000| PB 0x00000000e0f00000| Untracked 
|  16|0x00000000e1000000, 0x00000000e1100000, 0x00000000e1100000|100%| O|  |TAMS 0x00000000e1000000| PB 0x00000000e1000000| Untracked 
|  17|0x00000000e1100000, 0x00000000e1200000, 0x00000000e1200000|100%| O|  |TAMS 0x00000000e1100000| PB 0x00000000e1100000| Untracked 
|  18|0x00000000e1200000, 0x00000000e1300000, 0x00000000e1300000|100%| O|  |TAMS 0x00000000e1200000| PB 0x00000000e1200000| Untracked 
|  19|0x00000000e1300000, 0x00000000e1400000, 0x00000000e1400000|100%| O|  |TAMS 0x00000000e1300000| PB 0x00000000e1300000| Untracked 
|  20|0x00000000e1400000, 0x00000000e1400000, 0x00000000e1500000|  0%| F|  |TAMS 0x00000000e1400000| PB 0x00000000e1400000| Untracked 
|  21|0x00000000e1500000, 0x00000000e1600000, 0x00000000e1600000|100%| O|  |TAMS 0x00000000e1500000| PB 0x00000000e1500000| Untracked 
|  22|0x00000000e1600000, 0x00000000e1700000, 0x00000000e1700000|100%| O|  |TAMS 0x00000000e1600000| PB 0x00000000e1600000| Untracked 
|  23|0x00000000e1700000, 0x00000000e1800000, 0x00000000e1800000|100%|HS|  |TAMS 0x00000000e1700000| PB 0x00000000e1700000| Complete 
|  24|0x00000000e1800000, 0x00000000e1900000, 0x00000000e1900000|100%|HC|  |TAMS 0x00000000e1800000| PB 0x00000000e1800000| Complete 
|  25|0x00000000e1900000, 0x00000000e1a00000, 0x00000000e1a00000|100%|HC|  |TAMS 0x00000000e1900000| PB 0x00000000e1900000| Complete 
|  26|0x00000000e1a00000, 0x00000000e1b00000, 0x00000000e1b00000|100%|HS|  |TAMS 0x00000000e1a00000| PB 0x00000000e1a00000| Complete 
|  27|0x00000000e1b00000, 0x00000000e1c00000, 0x00000000e1c00000|100%|HC|  |TAMS 0x00000000e1b00000| PB 0x00000000e1b00000| Complete 
|  28|0x00000000e1c00000, 0x00000000e1d00000, 0x00000000e1d00000|100%|HC|  |TAMS 0x00000000e1c00000| PB 0x00000000e1c00000| Complete 
|  29|0x00000000e1d00000, 0x00000000e1e00000, 0x00000000e1e00000|100%| O|  |TAMS 0x00000000e1d00000| PB 0x00000000e1d00000| Untracked 
|  30|0x00000000e1e00000, 0x00000000e1f00000, 0x00000000e1f00000|100%| O|  |TAMS 0x00000000e1e00000| PB 0x00000000e1e00000| Untracked 
|  31|0x00000000e1f00000, 0x00000000e2000000, 0x00000000e2000000|100%| O|  |TAMS 0x00000000e1f00000| PB 0x00000000e1f00000| Untracked 
|  32|0x00000000e2000000, 0x00000000e2100000, 0x00000000e2100000|100%| O|  |TAMS 0x00000000e2000000| PB 0x00000000e2000000| Untracked 
|  33|0x00000000e2100000, 0x00000000e2200000, 0x00000000e2200000|100%| O|  |TAMS 0x00000000e2100000| PB 0x00000000e2100000| Untracked 
|  34|0x00000000e2200000, 0x00000000e2300000, 0x00000000e2300000|100%| O|  |TAMS 0x00000000e2200000| PB 0x00000000e2200000| Untracked 
|  35|0x00000000e2300000, 0x00000000e2400000, 0x00000000e2400000|100%| O|  |TAMS 0x00000000e2300000| PB 0x00000000e2300000| Untracked 
|  36|0x00000000e2400000, 0x00000000e2500000, 0x00000000e2500000|100%| O|  |TAMS 0x00000000e2400000| PB 0x00000000e2400000| Untracked 
|  37|0x00000000e2500000, 0x00000000e2600000, 0x00000000e2600000|100%| O|  |TAMS 0x00000000e2500000| PB 0x00000000e2500000| Untracked 
|  38|0x00000000e2600000, 0x00000000e2700000, 0x00000000e2700000|100%| O|  |TAMS 0x00000000e2600000| PB 0x00000000e2600000| Untracked 
|  39|0x00000000e2700000, 0x00000000e2800000, 0x00000000e2800000|100%| O|  |TAMS 0x00000000e2700000| PB 0x00000000e2700000| Untracked 
|  40|0x00000000e2800000, 0x00000000e2900000, 0x00000000e2900000|100%| O|  |TAMS 0x00000000e2800000| PB 0x00000000e2800000| Untracked 
|  41|0x00000000e2900000, 0x00000000e2a00000, 0x00000000e2a00000|100%| O|  |TAMS 0x00000000e2900000| PB 0x00000000e2900000| Untracked 
|  42|0x00000000e2a00000, 0x00000000e2b00000, 0x00000000e2b00000|100%| O|  |TAMS 0x00000000e2a00000| PB 0x00000000e2a00000| Untracked 
|  43|0x00000000e2b00000, 0x00000000e2c00000, 0x00000000e2c00000|100%| O|  |TAMS 0x00000000e2b00000| PB 0x00000000e2b00000| Untracked 
|  44|0x00000000e2c00000, 0x00000000e2d00000, 0x00000000e2d00000|100%| O|  |TAMS 0x00000000e2c00000| PB 0x00000000e2c00000| Untracked 
|  45|0x00000000e2d00000, 0x00000000e2e00000, 0x00000000e2e00000|100%| O|  |TAMS 0x00000000e2d00000| PB 0x00000000e2d00000| Untracked 
|  46|0x00000000e2e00000, 0x00000000e2f00000, 0x00000000e2f00000|100%| O|  |TAMS 0x00000000e2e00000| PB 0x00000000e2e00000| Untracked 
|  47|0x00000000e2f00000, 0x00000000e3000000, 0x00000000e3000000|100%| O|  |TAMS 0x00000000e2f00000| PB 0x00000000e2f00000| Untracked 
|  48|0x00000000e3000000, 0x00000000e3100000, 0x00000000e3100000|100%| O|  |TAMS 0x00000000e3000000| PB 0x00000000e3000000| Untracked 
|  49|0x00000000e3100000, 0x00000000e3200000, 0x00000000e3200000|100%| O|  |TAMS 0x00000000e3100000| PB 0x00000000e3100000| Untracked 
|  50|0x00000000e3200000, 0x00000000e3238f88, 0x00000000e3300000| 22%| O|  |TAMS 0x00000000e3200000| PB 0x00000000e3200000| Untracked 
|  51|0x00000000e3300000, 0x00000000e3300000, 0x00000000e3400000|  0%| F|  |TAMS 0x00000000e3300000| PB 0x00000000e3300000| Untracked 
|  52|0x00000000e3400000, 0x00000000e3400000, 0x00000000e3500000|  0%| F|  |TAMS 0x00000000e3400000| PB 0x00000000e3400000| Untracked 
|  53|0x00000000e3500000, 0x00000000e3500000, 0x00000000e3600000|  0%| F|  |TAMS 0x00000000e3500000| PB 0x00000000e3500000| Untracked 
|  54|0x00000000e3600000, 0x00000000e3600000, 0x00000000e3700000|  0%| F|  |TAMS 0x00000000e3600000| PB 0x00000000e3600000| Untracked 
|  55|0x00000000e3700000, 0x00000000e3700000, 0x00000000e3800000|  0%| F|  |TAMS 0x00000000e3700000| PB 0x00000000e3700000| Untracked 
|  56|0x00000000e3800000, 0x00000000e3800000, 0x00000000e3900000|  0%| F|  |TAMS 0x00000000e3800000| PB 0x00000000e3800000| Untracked 
|  57|0x00000000e3900000, 0x00000000e3900000, 0x00000000e3a00000|  0%| F|  |TAMS 0x00000000e3900000| PB 0x00000000e3900000| Untracked 
|  58|0x00000000e3a00000, 0x00000000e3a00000, 0x00000000e3b00000|  0%| F|  |TAMS 0x00000000e3a00000| PB 0x00000000e3a00000| Untracked 
|  59|0x00000000e3b00000, 0x00000000e3b00000, 0x00000000e3c00000|  0%| F|  |TAMS 0x00000000e3b00000| PB 0x00000000e3b00000| Untracked 
|  60|0x00000000e3c00000, 0x00000000e3c00000, 0x00000000e3d00000|  0%| F|  |TAMS 0x00000000e3c00000| PB 0x00000000e3c00000| Untracked 
|  61|0x00000000e3d00000, 0x00000000e3d00000, 0x00000000e3e00000|  0%| F|  |TAMS 0x00000000e3d00000| PB 0x00000000e3d00000| Untracked 
|  62|0x00000000e3e00000, 0x00000000e3e00000, 0x00000000e3f00000|  0%| F|  |TAMS 0x00000000e3e00000| PB 0x00000000e3e00000| Untracked 
|  63|0x00000000e3f00000, 0x00000000e3f00000, 0x00000000e4000000|  0%| F|  |TAMS 0x00000000e3f00000| PB 0x00000000e3f00000| Untracked 
|  64|0x00000000e4000000, 0x00000000e4000000, 0x00000000e4100000|  0%| F|  |TAMS 0x00000000e4000000| PB 0x00000000e4000000| Untracked 
|  65|0x00000000e4100000, 0x00000000e4100000, 0x00000000e4200000|  0%| F|  |TAMS 0x00000000e4100000| PB 0x00000000e4100000| Untracked 
|  66|0x00000000e4200000, 0x00000000e4200000, 0x00000000e4300000|  0%| F|  |TAMS 0x00000000e4200000| PB 0x00000000e4200000| Untracked 
|  67|0x00000000e4300000, 0x00000000e4300000, 0x00000000e4400000|  0%| F|  |TAMS 0x00000000e4300000| PB 0x00000000e4300000| Untracked 
|  68|0x00000000e4400000, 0x00000000e4400000, 0x00000000e4500000|  0%| F|  |TAMS 0x00000000e4400000| PB 0x00000000e4400000| Untracked 
|  69|0x00000000e4500000, 0x00000000e4500000, 0x00000000e4600000|  0%| F|  |TAMS 0x00000000e4500000| PB 0x00000000e4500000| Untracked 
|  70|0x00000000e4600000, 0x00000000e4600000, 0x00000000e4700000|  0%| F|  |TAMS 0x00000000e4600000| PB 0x00000000e4600000| Untracked 
|  71|0x00000000e4700000, 0x00000000e4700000, 0x00000000e4800000|  0%| F|  |TAMS 0x00000000e4700000| PB 0x00000000e4700000| Untracked 
|  72|0x00000000e4800000, 0x00000000e4800000, 0x00000000e4900000|  0%| F|  |TAMS 0x00000000e4800000| PB 0x00000000e4800000| Untracked 
|  73|0x00000000e4900000, 0x00000000e4900000, 0x00000000e4a00000|  0%| F|  |TAMS 0x00000000e4900000| PB 0x00000000e4900000| Untracked 
|  74|0x00000000e4a00000, 0x00000000e4a00000, 0x00000000e4b00000|  0%| F|  |TAMS 0x00000000e4a00000| PB 0x00000000e4a00000| Untracked 
|  75|0x00000000e4b00000, 0x00000000e4b00000, 0x00000000e4c00000|  0%| F|  |TAMS 0x00000000e4b00000| PB 0x00000000e4b00000| Untracked 
|  76|0x00000000e4c00000, 0x00000000e4c00000, 0x00000000e4d00000|  0%| F|  |TAMS 0x00000000e4c00000| PB 0x00000000e4c00000| Untracked 
|  77|0x00000000e4d00000, 0x00000000e4d00000, 0x00000000e4e00000|  0%| F|  |TAMS 0x00000000e4d00000| PB 0x00000000e4d00000| Untracked 
|  78|0x00000000e4e00000, 0x00000000e4e00000, 0x00000000e4f00000|  0%| F|  |TAMS 0x00000000e4e00000| PB 0x00000000e4e00000| Untracked 
|  79|0x00000000e4f00000, 0x00000000e4f00000, 0x00000000e5000000|  0%| F|  |TAMS 0x00000000e4f00000| PB 0x00000000e4f00000| Untracked 
|  80|0x00000000e5000000, 0x00000000e5000000, 0x00000000e5100000|  0%| F|  |TAMS 0x00000000e5000000| PB 0x00000000e5000000| Untracked 
|  81|0x00000000e5100000, 0x00000000e5100000, 0x00000000e5200000|  0%| F|  |TAMS 0x00000000e5100000| PB 0x00000000e5100000| Untracked 
|  82|0x00000000e5200000, 0x00000000e5200000, 0x00000000e5300000|  0%| F|  |TAMS 0x00000000e5200000| PB 0x00000000e5200000| Untracked 
|  83|0x00000000e5300000, 0x00000000e5300000, 0x00000000e5400000|  0%| F|  |TAMS 0x00000000e5300000| PB 0x00000000e5300000| Untracked 
|  84|0x00000000e5400000, 0x00000000e5400000, 0x00000000e5500000|  0%| F|  |TAMS 0x00000000e5400000| PB 0x00000000e5400000| Untracked 
|  85|0x00000000e5500000, 0x00000000e5500000, 0x00000000e5600000|  0%| F|  |TAMS 0x00000000e5500000| PB 0x00000000e5500000| Untracked 
|  86|0x00000000e5600000, 0x00000000e5600000, 0x00000000e5700000|  0%| F|  |TAMS 0x00000000e5600000| PB 0x00000000e5600000| Untracked 
|  87|0x00000000e5700000, 0x00000000e57ad620, 0x00000000e5800000| 67%| S|CS|TAMS 0x00000000e5700000| PB 0x00000000e5700000| Complete 
|  88|0x00000000e5800000, 0x00000000e5800000, 0x00000000e5900000|  0%| F|  |TAMS 0x00000000e5800000| PB 0x00000000e5800000| Untracked 
|  89|0x00000000e5900000, 0x00000000e5900000, 0x00000000e5a00000|  0%| F|  |TAMS 0x00000000e5900000| PB 0x00000000e5900000| Untracked 
|  90|0x00000000e5a00000, 0x00000000e5a00000, 0x00000000e5b00000|  0%| F|  |TAMS 0x00000000e5a00000| PB 0x00000000e5a00000| Untracked 
|  91|0x00000000e5b00000, 0x00000000e5b00000, 0x00000000e5c00000|  0%| F|  |TAMS 0x00000000e5b00000| PB 0x00000000e5b00000| Untracked 
|  92|0x00000000e5c00000, 0x00000000e5c00000, 0x00000000e5d00000|  0%| F|  |TAMS 0x00000000e5c00000| PB 0x00000000e5c00000| Untracked 
|  93|0x00000000e5d00000, 0x00000000e5d00000, 0x00000000e5e00000|  0%| F|  |TAMS 0x00000000e5d00000| PB 0x00000000e5d00000| Untracked 
|  94|0x00000000e5e00000, 0x00000000e5e00000, 0x00000000e5f00000|  0%| F|  |TAMS 0x00000000e5e00000| PB 0x00000000e5e00000| Untracked 
|  95|0x00000000e5f00000, 0x00000000e5f00000, 0x00000000e6000000|  0%| F|  |TAMS 0x00000000e5f00000| PB 0x00000000e5f00000| Untracked 
|  96|0x00000000e6000000, 0x00000000e6000000, 0x00000000e6100000|  0%| F|  |TAMS 0x00000000e6000000| PB 0x00000000e6000000| Untracked 
|  97|0x00000000e6100000, 0x00000000e6100000, 0x00000000e6200000|  0%| F|  |TAMS 0x00000000e6100000| PB 0x00000000e6100000| Untracked 
|  98|0x00000000e6200000, 0x00000000e6200000, 0x00000000e6300000|  0%| F|  |TAMS 0x00000000e6200000| PB 0x00000000e6200000| Untracked 
|  99|0x00000000e6300000, 0x00000000e6300000, 0x00000000e6400000|  0%| F|  |TAMS 0x00000000e6300000| PB 0x00000000e6300000| Untracked 
| 100|0x00000000e6400000, 0x00000000e6400000, 0x00000000e6500000|  0%| F|  |TAMS 0x00000000e6400000| PB 0x00000000e6400000| Untracked 
| 101|0x00000000e6500000, 0x00000000e6500000, 0x00000000e6600000|  0%| F|  |TAMS 0x00000000e6500000| PB 0x00000000e6500000| Untracked 
| 102|0x00000000e6600000, 0x00000000e6600000, 0x00000000e6700000|  0%| F|  |TAMS 0x00000000e6600000| PB 0x00000000e6600000| Untracked 
| 103|0x00000000e6700000, 0x00000000e6800000, 0x00000000e6800000|100%| S|CS|TAMS 0x00000000e6700000| PB 0x00000000e6700000| Complete 
| 104|0x00000000e6800000, 0x00000000e6900000, 0x00000000e6900000|100%| S|CS|TAMS 0x00000000e6800000| PB 0x00000000e6800000| Complete 
| 105|0x00000000e6900000, 0x00000000e6a00000, 0x00000000e6a00000|100%| S|CS|TAMS 0x00000000e6900000| PB 0x00000000e6900000| Complete 
| 106|0x00000000e6a00000, 0x00000000e6b00000, 0x00000000e6b00000|100%| S|CS|TAMS 0x00000000e6a00000| PB 0x00000000e6a00000| Complete 
| 107|0x00000000e6b00000, 0x00000000e6c00000, 0x00000000e6c00000|100%| S|CS|TAMS 0x00000000e6b00000| PB 0x00000000e6b00000| Complete 
| 108|0x00000000e6c00000, 0x00000000e6d00000, 0x00000000e6d00000|100%| S|CS|TAMS 0x00000000e6c00000| PB 0x00000000e6c00000| Complete 
| 109|0x00000000e6d00000, 0x00000000e6e00000, 0x00000000e6e00000|100%| S|CS|TAMS 0x00000000e6d00000| PB 0x00000000e6d00000| Complete 
| 110|0x00000000e6e00000, 0x00000000e6f00000, 0x00000000e6f00000|100%| S|CS|TAMS 0x00000000e6e00000| PB 0x00000000e6e00000| Complete 
| 111|0x00000000e6f00000, 0x00000000e7000000, 0x00000000e7000000|100%| S|CS|TAMS 0x00000000e6f00000| PB 0x00000000e6f00000| Complete 
| 112|0x00000000e7000000, 0x00000000e7100000, 0x00000000e7100000|100%| S|CS|TAMS 0x00000000e7000000| PB 0x00000000e7000000| Complete 
| 113|0x00000000e7100000, 0x00000000e7200000, 0x00000000e7200000|100%| S|CS|TAMS 0x00000000e7100000| PB 0x00000000e7100000| Complete 
| 114|0x00000000e7200000, 0x00000000e7300000, 0x00000000e7300000|100%| S|CS|TAMS 0x00000000e7200000| PB 0x00000000e7200000| Complete 
| 115|0x00000000e7300000, 0x00000000e7400000, 0x00000000e7400000|100%| S|CS|TAMS 0x00000000e7300000| PB 0x00000000e7300000| Complete 
| 116|0x00000000e7400000, 0x00000000e7500000, 0x00000000e7500000|100%| S|CS|TAMS 0x00000000e7400000| PB 0x00000000e7400000| Complete 
| 117|0x00000000e7500000, 0x00000000e7600000, 0x00000000e7600000|100%| S|CS|TAMS 0x00000000e7500000| PB 0x00000000e7500000| Complete 
| 118|0x00000000e7600000, 0x00000000e7600000, 0x00000000e7700000|  0%| F|  |TAMS 0x00000000e7600000| PB 0x00000000e7600000| Untracked 
| 119|0x00000000e7700000, 0x00000000e7700000, 0x00000000e7800000|  0%| F|  |TAMS 0x00000000e7700000| PB 0x00000000e7700000| Untracked 
| 120|0x00000000e7800000, 0x00000000e7800000, 0x00000000e7900000|  0%| F|  |TAMS 0x00000000e7800000| PB 0x00000000e7800000| Untracked 
| 121|0x00000000e7900000, 0x00000000e7900000, 0x00000000e7a00000|  0%| F|  |TAMS 0x00000000e7900000| PB 0x00000000e7900000| Untracked 
| 122|0x00000000e7a00000, 0x00000000e7a00000, 0x00000000e7b00000|  0%| F|  |TAMS 0x00000000e7a00000| PB 0x00000000e7a00000| Untracked 
| 123|0x00000000e7b00000, 0x00000000e7b00000, 0x00000000e7c00000|  0%| F|  |TAMS 0x00000000e7b00000| PB 0x00000000e7b00000| Untracked 
| 124|0x00000000e7c00000, 0x00000000e7c00000, 0x00000000e7d00000|  0%| F|  |TAMS 0x00000000e7c00000| PB 0x00000000e7c00000| Untracked 
| 125|0x00000000e7d00000, 0x00000000e7d00000, 0x00000000e7e00000|  0%| F|  |TAMS 0x00000000e7d00000| PB 0x00000000e7d00000| Untracked 
| 126|0x00000000e7e00000, 0x00000000e7e00000, 0x00000000e7f00000|  0%| F|  |TAMS 0x00000000e7e00000| PB 0x00000000e7e00000| Untracked 
| 127|0x00000000e7f00000, 0x00000000e7f00000, 0x00000000e8000000|  0%| F|  |TAMS 0x00000000e7f00000| PB 0x00000000e7f00000| Untracked 
| 128|0x00000000e8000000, 0x00000000e8000000, 0x00000000e8100000|  0%| F|  |TAMS 0x00000000e8000000| PB 0x00000000e8000000| Untracked 
| 129|0x00000000e8100000, 0x00000000e8100000, 0x00000000e8200000|  0%| F|  |TAMS 0x00000000e8100000| PB 0x00000000e8100000| Untracked 
| 130|0x00000000e8200000, 0x00000000e8200000, 0x00000000e8300000|  0%| F|  |TAMS 0x00000000e8200000| PB 0x00000000e8200000| Untracked 
| 131|0x00000000e8300000, 0x00000000e8300000, 0x00000000e8400000|  0%| F|  |TAMS 0x00000000e8300000| PB 0x00000000e8300000| Untracked 
| 132|0x00000000e8400000, 0x00000000e8400000, 0x00000000e8500000|  0%| F|  |TAMS 0x00000000e8400000| PB 0x00000000e8400000| Untracked 
| 133|0x00000000e8500000, 0x00000000e8500000, 0x00000000e8600000|  0%| F|  |TAMS 0x00000000e8500000| PB 0x00000000e8500000| Untracked 
| 134|0x00000000e8600000, 0x00000000e8600000, 0x00000000e8700000|  0%| F|  |TAMS 0x00000000e8600000| PB 0x00000000e8600000| Untracked 
| 135|0x00000000e8700000, 0x00000000e8700000, 0x00000000e8800000|  0%| F|  |TAMS 0x00000000e8700000| PB 0x00000000e8700000| Untracked 
| 136|0x00000000e8800000, 0x00000000e8800000, 0x00000000e8900000|  0%| F|  |TAMS 0x00000000e8800000| PB 0x00000000e8800000| Untracked 
| 137|0x00000000e8900000, 0x00000000e8900000, 0x00000000e8a00000|  0%| F|  |TAMS 0x00000000e8900000| PB 0x00000000e8900000| Untracked 
| 138|0x00000000e8a00000, 0x00000000e8a00000, 0x00000000e8b00000|  0%| F|  |TAMS 0x00000000e8a00000| PB 0x00000000e8a00000| Untracked 
| 139|0x00000000e8b00000, 0x00000000e8b00000, 0x00000000e8c00000|  0%| F|  |TAMS 0x00000000e8b00000| PB 0x00000000e8b00000| Untracked 
| 140|0x00000000e8c00000, 0x00000000e8c00000, 0x00000000e8d00000|  0%| F|  |TAMS 0x00000000e8c00000| PB 0x00000000e8c00000| Untracked 
| 141|0x00000000e8d00000, 0x00000000e8d00000, 0x00000000e8e00000|  0%| F|  |TAMS 0x00000000e8d00000| PB 0x00000000e8d00000| Untracked 
| 142|0x00000000e8e00000, 0x00000000e8e00000, 0x00000000e8f00000|  0%| F|  |TAMS 0x00000000e8e00000| PB 0x00000000e8e00000| Untracked 
| 143|0x00000000e8f00000, 0x00000000e8f00000, 0x00000000e9000000|  0%| F|  |TAMS 0x00000000e8f00000| PB 0x00000000e8f00000| Untracked 
| 144|0x00000000e9000000, 0x00000000e9000000, 0x00000000e9100000|  0%| F|  |TAMS 0x00000000e9000000| PB 0x00000000e9000000| Untracked 
| 145|0x00000000e9100000, 0x00000000e9100000, 0x00000000e9200000|  0%| F|  |TAMS 0x00000000e9100000| PB 0x00000000e9100000| Untracked 
| 146|0x00000000e9200000, 0x00000000e9200000, 0x00000000e9300000|  0%| F|  |TAMS 0x00000000e9200000| PB 0x00000000e9200000| Untracked 
| 147|0x00000000e9300000, 0x00000000e9300000, 0x00000000e9400000|  0%| F|  |TAMS 0x00000000e9300000| PB 0x00000000e9300000| Untracked 
| 148|0x00000000e9400000, 0x00000000e9400000, 0x00000000e9500000|  0%| F|  |TAMS 0x00000000e9400000| PB 0x00000000e9400000| Untracked 
| 149|0x00000000e9500000, 0x00000000e9500000, 0x00000000e9600000|  0%| F|  |TAMS 0x00000000e9500000| PB 0x00000000e9500000| Untracked 
| 150|0x00000000e9600000, 0x00000000e968c790, 0x00000000e9700000| 54%| E|  |TAMS 0x00000000e9600000| PB 0x00000000e9600000| Complete 
| 151|0x00000000e9700000, 0x00000000e9800000, 0x00000000e9800000|100%| E|CS|TAMS 0x00000000e9700000| PB 0x00000000e9700000| Complete 
| 152|0x00000000e9800000, 0x00000000e9900000, 0x00000000e9900000|100%| E|CS|TAMS 0x00000000e9800000| PB 0x00000000e9800000| Complete 
| 153|0x00000000e9900000, 0x00000000e9a00000, 0x00000000e9a00000|100%| E|CS|TAMS 0x00000000e9900000| PB 0x00000000e9900000| Complete 
| 154|0x00000000e9a00000, 0x00000000e9b00000, 0x00000000e9b00000|100%| E|CS|TAMS 0x00000000e9a00000| PB 0x00000000e9a00000| Complete 
| 155|0x00000000e9b00000, 0x00000000e9c00000, 0x00000000e9c00000|100%| E|CS|TAMS 0x00000000e9b00000| PB 0x00000000e9b00000| Complete 
| 156|0x00000000e9c00000, 0x00000000e9d00000, 0x00000000e9d00000|100%| E|CS|TAMS 0x00000000e9c00000| PB 0x00000000e9c00000| Complete 
| 157|0x00000000e9d00000, 0x00000000e9e00000, 0x00000000e9e00000|100%| E|CS|TAMS 0x00000000e9d00000| PB 0x00000000e9d00000| Complete 
| 158|0x00000000e9e00000, 0x00000000e9f00000, 0x00000000e9f00000|100%| E|CS|TAMS 0x00000000e9e00000| PB 0x00000000e9e00000| Complete 
| 159|0x00000000e9f00000, 0x00000000ea000000, 0x00000000ea000000|100%| E|CS|TAMS 0x00000000e9f00000| PB 0x00000000e9f00000| Complete 
| 160|0x00000000ea000000, 0x00000000ea100000, 0x00000000ea100000|100%| E|CS|TAMS 0x00000000ea000000| PB 0x00000000ea000000| Complete 
| 161|0x00000000ea100000, 0x00000000ea200000, 0x00000000ea200000|100%| E|CS|TAMS 0x00000000ea100000| PB 0x00000000ea100000| Complete 
| 162|0x00000000ea200000, 0x00000000ea300000, 0x00000000ea300000|100%| E|CS|TAMS 0x00000000ea200000| PB 0x00000000ea200000| Complete 
| 163|0x00000000ea300000, 0x00000000ea400000, 0x00000000ea400000|100%| E|CS|TAMS 0x00000000ea300000| PB 0x00000000ea300000| Complete 
| 164|0x00000000ea400000, 0x00000000ea500000, 0x00000000ea500000|100%| E|CS|TAMS 0x00000000ea400000| PB 0x00000000ea400000| Complete 
| 165|0x00000000ea500000, 0x00000000ea600000, 0x00000000ea600000|100%| E|CS|TAMS 0x00000000ea500000| PB 0x00000000ea500000| Complete 
| 166|0x00000000ea600000, 0x00000000ea700000, 0x00000000ea700000|100%| E|CS|TAMS 0x00000000ea600000| PB 0x00000000ea600000| Complete 
| 167|0x00000000ea700000, 0x00000000ea800000, 0x00000000ea800000|100%| E|CS|TAMS 0x00000000ea700000| PB 0x00000000ea700000| Complete 
| 168|0x00000000ea800000, 0x00000000ea900000, 0x00000000ea900000|100%| E|CS|TAMS 0x00000000ea800000| PB 0x00000000ea800000| Complete 
| 169|0x00000000ea900000, 0x00000000eaa00000, 0x00000000eaa00000|100%| E|CS|TAMS 0x00000000ea900000| PB 0x00000000ea900000| Complete 
| 170|0x00000000eaa00000, 0x00000000eab00000, 0x00000000eab00000|100%| E|CS|TAMS 0x00000000eaa00000| PB 0x00000000eaa00000| Complete 
| 171|0x00000000eab00000, 0x00000000eac00000, 0x00000000eac00000|100%| E|CS|TAMS 0x00000000eab00000| PB 0x00000000eab00000| Complete 
| 172|0x00000000eac00000, 0x00000000ead00000, 0x00000000ead00000|100%| E|CS|TAMS 0x00000000eac00000| PB 0x00000000eac00000| Complete 
| 173|0x00000000ead00000, 0x00000000eae00000, 0x00000000eae00000|100%| E|CS|TAMS 0x00000000ead00000| PB 0x00000000ead00000| Complete 
| 174|0x00000000eae00000, 0x00000000eaf00000, 0x00000000eaf00000|100%| E|CS|TAMS 0x00000000eae00000| PB 0x00000000eae00000| Complete 
| 175|0x00000000eaf00000, 0x00000000eb000000, 0x00000000eb000000|100%| E|CS|TAMS 0x00000000eaf00000| PB 0x00000000eaf00000| Complete 
| 176|0x00000000eb000000, 0x00000000eb100000, 0x00000000eb100000|100%| E|CS|TAMS 0x00000000eb000000| PB 0x00000000eb000000| Complete 
| 177|0x00000000eb100000, 0x00000000eb200000, 0x00000000eb200000|100%| E|CS|TAMS 0x00000000eb100000| PB 0x00000000eb100000| Complete 
| 178|0x00000000eb200000, 0x00000000eb300000, 0x00000000eb300000|100%| E|CS|TAMS 0x00000000eb200000| PB 0x00000000eb200000| Complete 
| 179|0x00000000eb300000, 0x00000000eb400000, 0x00000000eb400000|100%| E|CS|TAMS 0x00000000eb300000| PB 0x00000000eb300000| Complete 
| 180|0x00000000eb400000, 0x00000000eb500000, 0x00000000eb500000|100%| E|CS|TAMS 0x00000000eb400000| PB 0x00000000eb400000| Complete 
| 181|0x00000000eb500000, 0x00000000eb600000, 0x00000000eb600000|100%| E|CS|TAMS 0x00000000eb500000| PB 0x00000000eb500000| Complete 
| 182|0x00000000eb600000, 0x00000000eb700000, 0x00000000eb700000|100%| E|CS|TAMS 0x00000000eb600000| PB 0x00000000eb600000| Complete 
| 183|0x00000000eb700000, 0x00000000eb800000, 0x00000000eb800000|100%| E|  |TAMS 0x00000000eb700000| PB 0x00000000eb700000| Complete 
| 184|0x00000000eb800000, 0x00000000eb900000, 0x00000000eb900000|100%| E|CS|TAMS 0x00000000eb800000| PB 0x00000000eb800000| Complete 
| 185|0x00000000eb900000, 0x00000000eba00000, 0x00000000eba00000|100%| E|CS|TAMS 0x00000000eb900000| PB 0x00000000eb900000| Complete 
| 186|0x00000000eba00000, 0x00000000ebb00000, 0x00000000ebb00000|100%| E|CS|TAMS 0x00000000eba00000| PB 0x00000000eba00000| Complete 
| 187|0x00000000ebb00000, 0x00000000ebc00000, 0x00000000ebc00000|100%| E|CS|TAMS 0x00000000ebb00000| PB 0x00000000ebb00000| Complete 
| 188|0x00000000ebc00000, 0x00000000ebd00000, 0x00000000ebd00000|100%| E|CS|TAMS 0x00000000ebc00000| PB 0x00000000ebc00000| Complete 
| 189|0x00000000ebd00000, 0x00000000ebe00000, 0x00000000ebe00000|100%| E|CS|TAMS 0x00000000ebd00000| PB 0x00000000ebd00000| Complete 
| 190|0x00000000ebe00000, 0x00000000ebf00000, 0x00000000ebf00000|100%| E|CS|TAMS 0x00000000ebe00000| PB 0x00000000ebe00000| Complete 
| 191|0x00000000ebf00000, 0x00000000ec000000, 0x00000000ec000000|100%| E|CS|TAMS 0x00000000ebf00000| PB 0x00000000ebf00000| Complete 
| 192|0x00000000ec000000, 0x00000000ec100000, 0x00000000ec100000|100%| E|CS|TAMS 0x00000000ec000000| PB 0x00000000ec000000| Complete 
| 193|0x00000000ec100000, 0x00000000ec200000, 0x00000000ec200000|100%| E|CS|TAMS 0x00000000ec100000| PB 0x00000000ec100000| Complete 
| 194|0x00000000ec200000, 0x00000000ec300000, 0x00000000ec300000|100%| E|CS|TAMS 0x00000000ec200000| PB 0x00000000ec200000| Complete 
| 195|0x00000000ec300000, 0x00000000ec400000, 0x00000000ec400000|100%| E|CS|TAMS 0x00000000ec300000| PB 0x00000000ec300000| Complete 
| 196|0x00000000ec400000, 0x00000000ec500000, 0x00000000ec500000|100%| E|CS|TAMS 0x00000000ec400000| PB 0x00000000ec400000| Complete 
| 197|0x00000000ec500000, 0x00000000ec600000, 0x00000000ec600000|100%| E|CS|TAMS 0x00000000ec500000| PB 0x00000000ec500000| Complete 
| 198|0x00000000ec600000, 0x00000000ec700000, 0x00000000ec700000|100%| E|CS|TAMS 0x00000000ec600000| PB 0x00000000ec600000| Complete 
| 199|0x00000000ec700000, 0x00000000ec800000, 0x00000000ec800000|100%| E|CS|TAMS 0x00000000ec700000| PB 0x00000000ec700000| Complete 
| 200|0x00000000ec800000, 0x00000000ec900000, 0x00000000ec900000|100%| E|CS|TAMS 0x00000000ec800000| PB 0x00000000ec800000| Complete 
| 201|0x00000000ec900000, 0x00000000eca00000, 0x00000000eca00000|100%| E|CS|TAMS 0x00000000ec900000| PB 0x00000000ec900000| Complete 
| 202|0x00000000eca00000, 0x00000000ecb00000, 0x00000000ecb00000|100%| E|CS|TAMS 0x00000000eca00000| PB 0x00000000eca00000| Complete 
| 203|0x00000000ecb00000, 0x00000000ecc00000, 0x00000000ecc00000|100%| E|CS|TAMS 0x00000000ecb00000| PB 0x00000000ecb00000| Complete 
| 204|0x00000000ecc00000, 0x00000000ecd00000, 0x00000000ecd00000|100%| E|CS|TAMS 0x00000000ecc00000| PB 0x00000000ecc00000| Complete 
| 205|0x00000000ecd00000, 0x00000000ece00000, 0x00000000ece00000|100%| E|CS|TAMS 0x00000000ecd00000| PB 0x00000000ecd00000| Complete 
| 206|0x00000000ece00000, 0x00000000ecf00000, 0x00000000ecf00000|100%| E|CS|TAMS 0x00000000ece00000| PB 0x00000000ece00000| Complete 
| 207|0x00000000ecf00000, 0x00000000ed000000, 0x00000000ed000000|100%| E|CS|TAMS 0x00000000ecf00000| PB 0x00000000ecf00000| Complete 
| 208|0x00000000ed000000, 0x00000000ed100000, 0x00000000ed100000|100%| E|CS|TAMS 0x00000000ed000000| PB 0x00000000ed000000| Complete 
| 209|0x00000000ed100000, 0x00000000ed200000, 0x00000000ed200000|100%| E|CS|TAMS 0x00000000ed100000| PB 0x00000000ed100000| Complete 
| 210|0x00000000ed200000, 0x00000000ed300000, 0x00000000ed300000|100%| E|CS|TAMS 0x00000000ed200000| PB 0x00000000ed200000| Complete 
| 211|0x00000000ed300000, 0x00000000ed400000, 0x00000000ed400000|100%| E|CS|TAMS 0x00000000ed300000| PB 0x00000000ed300000| Complete 
| 212|0x00000000ed400000, 0x00000000ed500000, 0x00000000ed500000|100%| E|CS|TAMS 0x00000000ed400000| PB 0x00000000ed400000| Complete 
| 213|0x00000000ed500000, 0x00000000ed600000, 0x00000000ed600000|100%| E|CS|TAMS 0x00000000ed500000| PB 0x00000000ed500000| Complete 
| 214|0x00000000ed600000, 0x00000000ed700000, 0x00000000ed700000|100%| E|CS|TAMS 0x00000000ed600000| PB 0x00000000ed600000| Complete 
| 215|0x00000000ed700000, 0x00000000ed800000, 0x00000000ed800000|100%| E|CS|TAMS 0x00000000ed700000| PB 0x00000000ed700000| Complete 
| 216|0x00000000ed800000, 0x00000000ed900000, 0x00000000ed900000|100%| E|CS|TAMS 0x00000000ed800000| PB 0x00000000ed800000| Complete 
| 217|0x00000000ed900000, 0x00000000eda00000, 0x00000000eda00000|100%| E|CS|TAMS 0x00000000ed900000| PB 0x00000000ed900000| Complete 
| 218|0x00000000eda00000, 0x00000000edb00000, 0x00000000edb00000|100%| E|CS|TAMS 0x00000000eda00000| PB 0x00000000eda00000| Complete 
| 219|0x00000000edb00000, 0x00000000edc00000, 0x00000000edc00000|100%| E|CS|TAMS 0x00000000edb00000| PB 0x00000000edb00000| Complete 
| 220|0x00000000edc00000, 0x00000000edd00000, 0x00000000edd00000|100%| E|CS|TAMS 0x00000000edc00000| PB 0x00000000edc00000| Complete 
| 221|0x00000000edd00000, 0x00000000ede00000, 0x00000000ede00000|100%| E|CS|TAMS 0x00000000edd00000| PB 0x00000000edd00000| Complete 
| 222|0x00000000ede00000, 0x00000000edf00000, 0x00000000edf00000|100%| E|CS|TAMS 0x00000000ede00000| PB 0x00000000ede00000| Complete 
| 223|0x00000000edf00000, 0x00000000ee000000, 0x00000000ee000000|100%| E|CS|TAMS 0x00000000edf00000| PB 0x00000000edf00000| Complete 
| 224|0x00000000ee000000, 0x00000000ee100000, 0x00000000ee100000|100%| E|CS|TAMS 0x00000000ee000000| PB 0x00000000ee000000| Complete 
| 225|0x00000000ee100000, 0x00000000ee200000, 0x00000000ee200000|100%| E|CS|TAMS 0x00000000ee100000| PB 0x00000000ee100000| Complete 
| 226|0x00000000ee200000, 0x00000000ee300000, 0x00000000ee300000|100%| E|CS|TAMS 0x00000000ee200000| PB 0x00000000ee200000| Complete 
| 227|0x00000000ee300000, 0x00000000ee400000, 0x00000000ee400000|100%| E|CS|TAMS 0x00000000ee300000| PB 0x00000000ee300000| Complete 
| 228|0x00000000ee400000, 0x00000000ee500000, 0x00000000ee500000|100%| E|CS|TAMS 0x00000000ee400000| PB 0x00000000ee400000| Complete 
| 229|0x00000000ee500000, 0x00000000ee600000, 0x00000000ee600000|100%| E|CS|TAMS 0x00000000ee500000| PB 0x00000000ee500000| Complete 
| 230|0x00000000ee600000, 0x00000000ee700000, 0x00000000ee700000|100%| E|CS|TAMS 0x00000000ee600000| PB 0x00000000ee600000| Complete 
| 231|0x00000000ee700000, 0x00000000ee800000, 0x00000000ee800000|100%| E|CS|TAMS 0x00000000ee700000| PB 0x00000000ee700000| Complete 
| 232|0x00000000ee800000, 0x00000000ee900000, 0x00000000ee900000|100%| E|CS|TAMS 0x00000000ee800000| PB 0x00000000ee800000| Complete 
| 233|0x00000000ee900000, 0x00000000eea00000, 0x00000000eea00000|100%| E|CS|TAMS 0x00000000ee900000| PB 0x00000000ee900000| Complete 
| 234|0x00000000eea00000, 0x00000000eeb00000, 0x00000000eeb00000|100%| E|CS|TAMS 0x00000000eea00000| PB 0x00000000eea00000| Complete 
| 235|0x00000000eeb00000, 0x00000000eec00000, 0x00000000eec00000|100%| E|CS|TAMS 0x00000000eeb00000| PB 0x00000000eeb00000| Complete 
| 236|0x00000000eec00000, 0x00000000eed00000, 0x00000000eed00000|100%| E|CS|TAMS 0x00000000eec00000| PB 0x00000000eec00000| Complete 
| 237|0x00000000eed00000, 0x00000000eee00000, 0x00000000eee00000|100%| E|CS|TAMS 0x00000000eed00000| PB 0x00000000eed00000| Complete 
| 238|0x00000000eee00000, 0x00000000eef00000, 0x00000000eef00000|100%| E|CS|TAMS 0x00000000eee00000| PB 0x00000000eee00000| Complete 
| 239|0x00000000eef00000, 0x00000000ef000000, 0x00000000ef000000|100%| E|CS|TAMS 0x00000000eef00000| PB 0x00000000eef00000| Complete 
| 240|0x00000000ef000000, 0x00000000ef100000, 0x00000000ef100000|100%| E|CS|TAMS 0x00000000ef000000| PB 0x00000000ef000000| Complete 
| 241|0x00000000ef100000, 0x00000000ef200000, 0x00000000ef200000|100%| E|CS|TAMS 0x00000000ef100000| PB 0x00000000ef100000| Complete 
| 242|0x00000000ef200000, 0x00000000ef300000, 0x00000000ef300000|100%| E|CS|TAMS 0x00000000ef200000| PB 0x00000000ef200000| Complete 
| 243|0x00000000ef300000, 0x00000000ef400000, 0x00000000ef400000|100%| E|CS|TAMS 0x00000000ef300000| PB 0x00000000ef300000| Complete 
| 244|0x00000000ef400000, 0x00000000ef500000, 0x00000000ef500000|100%| E|CS|TAMS 0x00000000ef400000| PB 0x00000000ef400000| Complete 
| 245|0x00000000ef500000, 0x00000000ef600000, 0x00000000ef600000|100%| E|CS|TAMS 0x00000000ef500000| PB 0x00000000ef500000| Complete 
| 246|0x00000000ef600000, 0x00000000ef700000, 0x00000000ef700000|100%| E|CS|TAMS 0x00000000ef600000| PB 0x00000000ef600000| Complete 
| 247|0x00000000ef700000, 0x00000000ef800000, 0x00000000ef800000|100%| E|CS|TAMS 0x00000000ef700000| PB 0x00000000ef700000| Complete 
| 248|0x00000000ef800000, 0x00000000ef900000, 0x00000000ef900000|100%| E|CS|TAMS 0x00000000ef800000| PB 0x00000000ef800000| Complete 
| 249|0x00000000ef900000, 0x00000000efa00000, 0x00000000efa00000|100%| E|CS|TAMS 0x00000000ef900000| PB 0x00000000ef900000| Complete 
| 250|0x00000000efa00000, 0x00000000efb00000, 0x00000000efb00000|100%| E|CS|TAMS 0x00000000efa00000| PB 0x00000000efa00000| Complete 
| 251|0x00000000efb00000, 0x00000000efc00000, 0x00000000efc00000|100%| E|CS|TAMS 0x00000000efb00000| PB 0x00000000efb00000| Complete 
| 252|0x00000000efc00000, 0x00000000efd00000, 0x00000000efd00000|100%| E|CS|TAMS 0x00000000efc00000| PB 0x00000000efc00000| Complete 
| 253|0x00000000efd00000, 0x00000000efe00000, 0x00000000efe00000|100%| E|CS|TAMS 0x00000000efd00000| PB 0x00000000efd00000| Complete 
| 254|0x00000000efe00000, 0x00000000eff00000, 0x00000000eff00000|100%| E|CS|TAMS 0x00000000efe00000| PB 0x00000000efe00000| Complete 
| 255|0x00000000eff00000, 0x00000000f0000000, 0x00000000f0000000|100%| E|CS|TAMS 0x00000000eff00000| PB 0x00000000eff00000| Complete 

Card table byte_map: [0x000002627f810000,0x000002627f910000] _byte_map_base: 0x000002627f110000

Marking Bits: (CMBitMap*) 0x000002627ee10240
 Bits: [0x0000026212140000, 0x0000026212940000)

Polling page: 0x000002627cc00000

Metaspace:

Usage:
  Non-class:     65.66 MB used.
      Class:     11.06 MB used.
       Both:     76.72 MB used.

Virtual space:
  Non-class space:      128.00 MB reserved,      66.75 MB ( 52%) committed,  2 nodes.
      Class space:      320.00 MB reserved,      12.12 MB (  4%) committed,  1 nodes.
             Both:      448.00 MB reserved,      78.88 MB ( 18%) committed. 

Chunk freelists:
   Non-Class:  12.75 MB
       Class:  3.69 MB
        Both:  16.43 MB

MaxMetaspaceSize: 384.00 MB
CompressedClassSpaceSize: 320.00 MB
Initial GC threshold: 21.00 MB
Current GC threshold: 100.12 MB
CDS: on
 - commit_granule_bytes: 65536.
 - commit_granule_words: 8192.
 - virtual_space_node_default_size: 8388608.
 - enlarge_chunks_in_place: 1.
 - use_allocation_guard: 0.


Internal statistics:

num_allocs_failed_limit: 15.
num_arena_births: 3822.
num_arena_deaths: 0.
num_vsnodes_births: 3.
num_vsnodes_deaths: 0.
num_space_committed: 1262.
num_space_uncommitted: 0.
num_chunks_returned_to_freelist: 15.
num_chunks_taken_from_freelist: 7657.
num_chunk_merges: 15.
num_chunk_splits: 4911.
num_chunks_enlarged: 2973.
num_inconsistent_stats: 0.

CodeHeap 'non-profiled nmethods': size=119168Kb used=6805Kb max_used=6805Kb free=112362Kb
 bounds [0x000002620ace0000, 0x000002620b390000, 0x0000026212140000]
CodeHeap 'profiled nmethods': size=119104Kb used=21100Kb max_used=21100Kb free=98003Kb
 bounds [0x0000026203140000, 0x00000262045e0000, 0x000002620a590000]
CodeHeap 'non-nmethods': size=7488Kb used=2884Kb max_used=4512Kb free=4603Kb
 bounds [0x000002620a590000, 0x000002620aad0000, 0x000002620ace0000]
CodeCache: size=245760Kb, used=30789Kb, max_used=32417Kb, free=214968Kb
 total_blobs=11778, nmethods=10853, adapters=829, full_count=0
Compilation: enabled, stopped_count=0, restarted_count=0

Compilation events (20 events):
Event: 564.902 Thread 0x00000262152dd560 11659       3       java.util.Collections$UnmodifiableCollection::isEmpty (10 bytes)
Event: 564.902 Thread 0x00000262152dd560 nmethod 11659 0x00000262045c9090 code [0x00000262045c9240, 0x00000262045c9418]
Event: 564.933 Thread 0x00000262152dd560 11661       3       com.sun.beans.util.Cache$Kind$Soft::isStale (14 bytes)
Event: 564.933 Thread 0x00000262152dd560 nmethod 11661 0x00000262045c9510 code [0x00000262045c96c0, 0x00000262045c98d0]
Event: 565.068 Thread 0x00000262152dd560 11664       3       java.beans.FeatureDescriptor::<init> (69 bytes)
Event: 565.088 Thread 0x00000262152dd560 nmethod 11664 0x00000262045c9990 code [0x00000262045c9bc0, 0x00000262045ca350]
Event: 565.105 Thread 0x00000262152dd560 11666   !   3       java.beans.PropertyDescriptor::<init> (349 bytes)
Event: 565.146 Thread 0x00000262152dd560 nmethod 11666 0x00000262045ca590 code [0x00000262045cada0, 0x00000262045cfde0]
Event: 565.146 Thread 0x00000262152dd560 11667       3       java.beans.PropertyDescriptor::isAssignable (148 bytes)
Event: 565.153 Thread 0x00000262152dd560 nmethod 11667 0x00000262045d1610 code [0x00000262045d1c80, 0x00000262045d5098]
Event: 565.153 Thread 0x00000262152dd560 11668       3       java.beans.PropertyDescriptor::setPropertyEditorClass (9 bytes)
Event: 565.153 Thread 0x00000262152dd560 nmethod 11668 0x00000262045d6010 code [0x00000262045d61e0, 0x00000262045d6568]
Event: 565.153 Thread 0x00000262152dd560 11669  s    3       java.beans.PropertyDescriptor::setReadMethod (22 bytes)
Event: 565.153 Thread 0x00000262152dd560 nmethod 11669 0x00000262045d6690 code [0x00000262045d68a0, 0x00000262045d6e48]
Event: 565.153 Thread 0x00000262152dd560 11670  s    3       java.beans.PropertyDescriptor::setWriteMethod (19 bytes)
Event: 565.154 Thread 0x00000262152dd560 nmethod 11670 0x00000262045d7090 code [0x00000262045d72a0, 0x00000262045d78c8]
Event: 565.389 Thread 0x00000262152d5f90 nmethod 11647 0x000002620b378f90 code [0x000002620b379a20, 0x000002620b380bb0]
Event: 565.390 Thread 0x00000262152d5f90 11662       4       java.util.TimSort::binarySort (223 bytes)
Event: 565.405 Thread 0x00000262152d5f90 nmethod 11662 0x000002620b384690 code [0x000002620b384860, 0x000002620b385330]
Event: 565.405 Thread 0x00000262152d5f90 11648   !   4       java.lang.reflect.Executable::sharedToGenericString (255 bytes)

GC Heap History (20 events):
Event: 25.761 GC heap before
{Heap before GC invocations=2 (full 0):
 garbage-first heap   total 262144K, used 100160K [0x00000000e0000000, 0x0000000100000000)
  region size 1024K, 86 young (88064K), 2 survivors (2048K)
 Metaspace       used 14698K, committed 15168K, reserved 393216K
  class space    used 2044K, committed 2240K, reserved 327680K
}
Event: 25.771 GC heap after
{Heap after GC invocations=3 (full 0):
 garbage-first heap   total 262144K, used 21992K [0x00000000e0000000, 0x0000000100000000)
  region size 1024K, 11 young (11264K), 11 survivors (11264K)
 Metaspace       used 14698K, committed 15168K, reserved 393216K
  class space    used 2044K, committed 2240K, reserved 327680K
}
Event: 34.906 GC heap before
{Heap before GC invocations=3 (full 0):
 garbage-first heap   total 262144K, used 67048K [0x00000000e0000000, 0x0000000100000000)
  region size 1024K, 57 young (58368K), 11 survivors (11264K)
 Metaspace       used 20848K, committed 21504K, reserved 393216K
  class space    used 3048K, committed 3392K, reserved 327680K
}
Event: 34.915 GC heap after
{Heap after GC invocations=4 (full 0):
 garbage-first heap   total 262144K, used 25512K [0x00000000e0000000, 0x0000000100000000)
  region size 1024K, 14 young (14336K), 14 survivors (14336K)
 Metaspace       used 20848K, committed 21504K, reserved 393216K
  class space    used 3048K, committed 3392K, reserved 327680K
}
Event: 67.694 GC heap before
{Heap before GC invocations=5 (full 0):
 garbage-first heap   total 262144K, used 121768K [0x00000000e0000000, 0x0000000100000000)
  region size 1024K, 110 young (112640K), 14 survivors (14336K)
 Metaspace       used 34873K, committed 36096K, reserved 393216K
  class space    used 5154K, committed 5760K, reserved 327680K
}
Event: 67.707 GC heap after
{Heap after GC invocations=6 (full 0):
 garbage-first heap   total 262144K, used 31151K [0x00000000e0000000, 0x0000000100000000)
  region size 1024K, 10 young (10240K), 10 survivors (10240K)
 Metaspace       used 34873K, committed 36096K, reserved 393216K
  class space    used 5154K, committed 5760K, reserved 327680K
}
Event: 67.758 GC heap before
{Heap before GC invocations=6 (full 0):
 garbage-first heap   total 262144K, used 32175K [0x00000000e0000000, 0x0000000100000000)
  region size 1024K, 13 young (13312K), 10 survivors (10240K)
 Metaspace       used 35224K, committed 36416K, reserved 393216K
  class space    used 5170K, committed 5760K, reserved 327680K
}
Event: 67.765 GC heap after
{Heap after GC invocations=7 (full 0):
 garbage-first heap   total 262144K, used 31825K [0x00000000e0000000, 0x0000000100000000)
  region size 1024K, 10 young (10240K), 10 survivors (10240K)
 Metaspace       used 35224K, committed 36416K, reserved 393216K
  class space    used 5170K, committed 5760K, reserved 327680K
}
Event: 67.867 GC heap before
{Heap before GC invocations=7 (full 0):
 garbage-first heap   total 262144K, used 32849K [0x00000000e0000000, 0x0000000100000000)
  region size 1024K, 12 young (12288K), 10 survivors (10240K)
 Metaspace       used 35482K, committed 36736K, reserved 393216K
  class space    used 5199K, committed 5824K, reserved 327680K
}
Event: 67.873 GC heap after
{Heap after GC invocations=8 (full 0):
 garbage-first heap   total 262144K, used 31679K [0x00000000e0000000, 0x0000000100000000)
  region size 1024K, 10 young (10240K), 10 survivors (10240K)
 Metaspace       used 35482K, committed 36736K, reserved 393216K
  class space    used 5199K, committed 5824K, reserved 327680K
}
Event: 120.294 GC heap before
{Heap before GC invocations=9 (full 0):
 garbage-first heap   total 262144K, used 184255K [0x00000000e0000000, 0x0000000100000000)
  region size 1024K, 153 young (156672K), 10 survivors (10240K)
 Metaspace       used 46390K, committed 48064K, reserved 393216K
  class space    used 6668K, committed 7488K, reserved 327680K
}
Event: 120.355 GC heap after
{Heap after GC invocations=10 (full 0):
 garbage-first heap   total 262144K, used 41988K [0x00000000e0000000, 0x0000000100000000)
  region size 1024K, 20 young (20480K), 20 survivors (20480K)
 Metaspace       used 46390K, committed 48064K, reserved 393216K
  class space    used 6668K, committed 7488K, reserved 327680K
}
Event: 253.622 GC heap before
{Heap before GC invocations=10 (full 0):
 garbage-first heap   total 262144K, used 184324K [0x00000000e0000000, 0x0000000100000000)
  region size 1024K, 153 young (156672K), 20 survivors (20480K)
 Metaspace       used 54719K, committed 56448K, reserved 393216K
  class space    used 7902K, committed 8768K, reserved 327680K
}
Event: 253.987 GC heap after
{Heap after GC invocations=11 (full 0):
 garbage-first heap   total 262144K, used 51347K [0x00000000e0000000, 0x0000000100000000)
  region size 1024K, 15 young (15360K), 15 survivors (15360K)
 Metaspace       used 54719K, committed 56448K, reserved 393216K
  class space    used 7902K, committed 8768K, reserved 327680K
}
Event: 256.731 GC heap before
{Heap before GC invocations=11 (full 0):
 garbage-first heap   total 262144K, used 91283K [0x00000000e0000000, 0x0000000100000000)
  region size 1024K, 55 young (56320K), 15 survivors (15360K)
 Metaspace       used 59563K, committed 61376K, reserved 393216K
  class space    used 8547K, committed 9472K, reserved 327680K
}
Event: 256.759 GC heap after
{Heap after GC invocations=12 (full 0):
 garbage-first heap   total 262144K, used 54265K [0x00000000e0000000, 0x0000000100000000)
  region size 1024K, 8 young (8192K), 8 survivors (8192K)
 Metaspace       used 59563K, committed 61376K, reserved 393216K
  class space    used 8547K, committed 9472K, reserved 327680K
}
Event: 293.742 GC heap before
{Heap before GC invocations=13 (full 0):
 garbage-first heap   total 262144K, used 201721K [0x00000000e0000000, 0x0000000100000000)
  region size 1024K, 153 young (156672K), 8 survivors (8192K)
 Metaspace       used 70257K, committed 72256K, reserved 393216K
  class space    used 10223K, committed 11200K, reserved 327680K
}
Event: 293.778 GC heap after
{Heap after GC invocations=14 (full 0):
 garbage-first heap   total 262144K, used 60992K [0x00000000e0000000, 0x0000000100000000)
  region size 1024K, 15 young (15360K), 15 survivors (15360K)
 Metaspace       used 70257K, committed 72256K, reserved 393216K
  class space    used 10223K, committed 11200K, reserved 327680K
}
Event: 387.336 GC heap before
{Heap before GC invocations=14 (full 0):
 garbage-first heap   total 262144K, used 201280K [0x00000000e0000000, 0x0000000100000000)
  region size 1024K, 153 young (156672K), 15 survivors (15360K)
 Metaspace       used 76105K, committed 78272K, reserved 458752K
  class space    used 11021K, committed 12096K, reserved 327680K
}
Event: 387.477 GC heap after
{Heap after GC invocations=15 (full 0):
 garbage-first heap   total 262144K, used 66457K [0x00000000e0000000, 0x0000000100000000)
  region size 1024K, 16 young (16384K), 16 survivors (16384K)
 Metaspace       used 76105K, committed 78272K, reserved 458752K
  class space    used 11021K, committed 12096K, reserved 327680K
}

Dll operation events (14 events):
Event: 0.195 Loaded shared library C:\Users\Anshika\.vscode\extensions\redhat.java-1.55.0-win32-x64\jre\21.0.11-win32-x86_64\bin\java.dll
Event: 1.328 Loaded shared library C:\Users\Anshika\.vscode\extensions\redhat.java-1.55.0-win32-x64\jre\21.0.11-win32-x86_64\bin\zip.dll
Event: 1.597 Loaded shared library C:\Users\Anshika\.vscode\extensions\redhat.java-1.55.0-win32-x64\jre\21.0.11-win32-x86_64\bin\instrument.dll
Event: 1.633 Loaded shared library C:\Users\Anshika\.vscode\extensions\redhat.java-1.55.0-win32-x64\jre\21.0.11-win32-x86_64\bin\net.dll
Event: 1.636 Loaded shared library C:\Users\Anshika\.vscode\extensions\redhat.java-1.55.0-win32-x64\jre\21.0.11-win32-x86_64\bin\nio.dll
Event: 1.644 Loaded shared library C:\Users\Anshika\.vscode\extensions\redhat.java-1.55.0-win32-x64\jre\21.0.11-win32-x86_64\bin\zip.dll
Event: 4.708 Loaded shared library C:\Users\Anshika\.vscode\extensions\redhat.java-1.55.0-win32-x64\jre\21.0.11-win32-x86_64\bin\jimage.dll
Event: 6.261 Loaded shared library C:\Users\Anshika\.vscode\extensions\redhat.java-1.55.0-win32-x64\jre\21.0.11-win32-x86_64\bin\verify.dll
Event: 7.567 Loaded shared library C:\Users\Anshika\.gradle\native\c067742578af261105cb4f569cf0c3c89f3d7b1fecec35dd04571415982c5e48\windows-amd64\native-platform.dll
Event: 7.572 Loaded shared library C:\Users\Anshika\.gradle\native\100fb08df4bc3b14c8652ba06237920a3bd2aa13389f12d3474272988ae205f9\windows-amd64\native-platform-file-events.dll
Event: 19.484 Loaded shared library C:\Users\Anshika\.vscode\extensions\redhat.java-1.55.0-win32-x64\jre\21.0.11-win32-x86_64\bin\management.dll
Event: 19.675 Loaded shared library C:\Users\Anshika\.vscode\extensions\redhat.java-1.55.0-win32-x64\jre\21.0.11-win32-x86_64\bin\management_ext.dll
Event: 20.651 Loaded shared library C:\Users\Anshika\.vscode\extensions\redhat.java-1.55.0-win32-x64\jre\21.0.11-win32-x86_64\bin\extnet.dll
Event: 21.173 Loaded shared library C:\Users\Anshika\.vscode\extensions\redhat.java-1.55.0-win32-x64\jre\21.0.11-win32-x86_64\bin\sunmscapi.dll

Deoptimization events (20 events):
Event: 558.929 Thread 0x000002622ff8de00 DEOPT PACKING pc=0x000002620b23efc0 sp=0x0000008a7eefade0
Event: 558.929 Thread 0x000002622ff8de00 DEOPT UNPACKING pc=0x000002620a5e7ba2 sp=0x0000008a7eefad58 mode 2
Event: 559.371 Thread 0x0000026231098450 Uncommon trap: trap_request=0xffffffc6 fr.pc=0x000002620afaebcc relative=0x000000000000028c
Event: 559.372 Thread 0x0000026231098450 Uncommon trap: reason=bimorphic_or_optimized_type_check action=maybe_recompile pc=0x000002620afaebcc method=java.util.stream.StreamOpFlag.fromCharacteristics(Ljava/util/Spliterator;)I @ 14 c2
Event: 559.372 Thread 0x0000026231098450 DEOPT PACKING pc=0x000002620afaebcc sp=0x0000008a055fd490
Event: 559.373 Thread 0x0000026231098450 DEOPT UNPACKING pc=0x000002620a5e7ba2 sp=0x0000008a055fd378 mode 2
Event: 560.583 Thread 0x0000026231098450 Uncommon trap: trap_request=0xffffffd6 fr.pc=0x000002620b36d430 relative=0x0000000000000b50
Event: 560.583 Thread 0x0000026231098450 Uncommon trap: reason=array_check action=maybe_recompile pc=0x000002620b36d430 method=com.google.common.collect.RegularImmutableMap.fromEntryArrayCheckingBucketOverflow(I[Ljava/util/Map$Entry;Z)Lcom/google/common/collect/ImmutableMap; @ 220 c2
Event: 560.583 Thread 0x0000026231098450 DEOPT PACKING pc=0x000002620b36d430 sp=0x0000008a055f7730
Event: 560.585 Thread 0x0000026231098450 DEOPT UNPACKING pc=0x000002620a5e7ba2 sp=0x0000008a055f76d8 mode 2
Event: 560.585 Thread 0x0000026231098450 Uncommon trap: trap_request=0xffffffd6 fr.pc=0x000002620b36d430 relative=0x0000000000000b50
Event: 560.585 Thread 0x0000026231098450 Uncommon trap: reason=array_check action=maybe_recompile pc=0x000002620b36d430 method=com.google.common.collect.RegularImmutableMap.fromEntryArrayCheckingBucketOverflow(I[Ljava/util/Map$Entry;Z)Lcom/google/common/collect/ImmutableMap; @ 220 c2
Event: 560.585 Thread 0x0000026231098450 DEOPT PACKING pc=0x000002620b36d430 sp=0x0000008a055f7730
Event: 560.585 Thread 0x0000026231098450 DEOPT UNPACKING pc=0x000002620a5e7ba2 sp=0x0000008a055f76d8 mode 2
Event: 560.930 Thread 0x0000026231098450 Uncommon trap: trap_request=0xffffffd6 fr.pc=0x000002620b36d430 relative=0x0000000000000b50
Event: 560.930 Thread 0x0000026231098450 Uncommon trap: reason=array_check action=maybe_recompile pc=0x000002620b36d430 method=com.google.common.collect.RegularImmutableMap.fromEntryArrayCheckingBucketOverflow(I[Ljava/util/Map$Entry;Z)Lcom/google/common/collect/ImmutableMap; @ 220 c2
Event: 560.930 Thread 0x0000026231098450 DEOPT PACKING pc=0x000002620b36d430 sp=0x0000008a055f83b0
Event: 560.930 Thread 0x0000026231098450 DEOPT UNPACKING pc=0x000002620a5e7ba2 sp=0x0000008a055f8358 mode 2
Event: 564.246 Thread 0x0000026231098450 DEOPT PACKING pc=0x0000026203c88fac sp=0x0000008a055f9cb0
Event: 564.246 Thread 0x0000026231098450 DEOPT UNPACKING pc=0x000002620a5e86e2 sp=0x0000008a055f9160 mode 0

Classes loaded (20 events):
Event: 294.978 Loading class java/util/LinkedHashMapCustomizer
Event: 294.978 Loading class java/util/LinkedHashMapCustomizer done
Event: 295.040 Loading class java/io/PrintWriter$1
Event: 295.040 Loading class jdk/internal/access/JavaIOPrintWriterAccess
Event: 295.040 Loading class jdk/internal/access/JavaIOPrintWriterAccess done
Event: 295.040 Loading class java/io/PrintWriter$1 done
Event: 295.040 Loading class java/lang/Throwable$WrappedPrintWriter
Event: 295.041 Loading class java/lang/Throwable$WrappedPrintWriter done
Event: 295.122 Loading class sun/reflect/misc/MethodUtil
Event: 295.122 Loading class sun/reflect/misc/MethodUtil done
Event: 295.125 Loading class sun/reflect/misc/MethodUtil$1
Event: 295.125 Loading class sun/reflect/misc/MethodUtil$1 done
Event: 295.632 Loading class java/io/NotSerializableException
Event: 295.633 Loading class java/io/NotSerializableException done
Event: 312.524 Loading class sun/nio/cs/ISO_8859_1$Encoder
Event: 312.527 Loading class sun/nio/cs/ISO_8859_1$Encoder done
Event: 312.527 Loading class sun/nio/cs/Surrogate$Parser
Event: 312.529 Loading class sun/nio/cs/Surrogate$Parser done
Event: 312.530 Loading class sun/nio/cs/Surrogate
Event: 312.532 Loading class sun/nio/cs/Surrogate done

Classes unloaded (0 events):
No events

Classes redefined (0 events):
No events

Internal exceptions (20 events):
Event: 387.884 Thread 0x000002622ff8de00 Exception <a 'java/lang/ClassNotFoundException'{0x00000000efb7a1a8}: org/jetbrains/kotlin/gradle/targets/js/npm/DefaultPeerNpmDependencyExtensionBeanInfo> (0x00000000efb7a1a8) 
thrown [s\src\hotspot\share\classfile\systemDictionary.cpp, line 313]
Event: 387.886 Thread 0x000002622ff8de00 Exception <a 'java/lang/ClassNotFoundException'{0x00000000efb80c70}: org/jetbrains/kotlin/gradle/targets/js/npm/DefaultPeerNpmDependencyExtensionCustomizer> (0x00000000efb80c70) 
thrown [s\src\hotspot\share\classfile\systemDictionary.cpp, line 313]
Event: 387.895 Thread 0x000002622ff8de00 Exception <a 'java/lang/ClassNotFoundException'{0x00000000efbc5cc0}: org/jetbrains/kotlin/gradle/targets/js/npm/DefaultPeerNpmDependencyExtension$delegate$1BeanInfo> (0x00000000efbc5cc0) 
thrown [s\src\hotspot\share\classfile\systemDictionary.cpp, line 313]
Event: 387.896 Thread 0x000002622ff8de00 Exception <a 'java/lang/ClassNotFoundException'{0x00000000efbcc848}: org/jetbrains/kotlin/gradle/targets/js/npm/DefaultPeerNpmDependencyExtension$delegate$1Customizer> (0x00000000efbcc848) 
thrown [s\src\hotspot\share\classfile\systemDictionary.cpp, line 313]
Event: 408.483 Thread 0x000002622ff8de00 Exception <a 'java/lang/NoSuchMethodError'{0x00000000ee679290}: 'java.lang.Object java.lang.invoke.DirectMethodHandle$Holder.newInvokeSpecial(java.lang.Object, java.lang.Object, java.lang.Object, int, java.lang.Object)'> (0x00000000ee679290) 
thrown [s\src\hotspot\share\interpreter\linkResolver.cpp, line 773]
Event: 564.376 Thread 0x0000026231098450 Exception <a 'java/lang/ClassNotFoundException'{0x00000000e9a3b3e8}: org/gradle/api/internal/tasks/DefaultSourceSetContainer_DecoratedBeanInfo> (0x00000000e9a3b3e8) 
thrown [s\src\hotspot\share\classfile\systemDictionary.cpp, line 313]
Event: 564.395 Thread 0x0000026231098450 Exception <a 'java/lang/ClassNotFoundException'{0x00000000e9a4e1b0}: org/gradle/api/internal/tasks/DefaultSourceSetContainerBeanInfo> (0x00000000e9a4e1b0) 
thrown [s\src\hotspot\share\classfile\systemDictionary.cpp, line 313]
Event: 564.424 Thread 0x0000026231098450 Exception <a 'java/lang/ClassNotFoundException'{0x00000000e9a60f70}: org/gradle/api/internal/tasks/DefaultSourceSetContainerCustomizer> (0x00000000e9a60f70) 
thrown [s\src\hotspot\share\classfile\systemDictionary.cpp, line 313]
Event: 564.662 Thread 0x0000026231098450 Exception <a 'java/lang/ClassNotFoundException'{0x00000000e9af5498}: org/gradle/api/internal/tasks/DefaultSourceSetContainer_DecoratedCustomizer> (0x00000000e9af5498) 
thrown [s\src\hotspot\share\classfile\systemDictionary.cpp, line 313]
Event: 564.850 Thread 0x0000026231098450 Exception <a 'java/lang/ClassNotFoundException'{0x00000000e99769c0}: org/gradle/api/internal/tasks/DefaultSourceSet_DecoratedBeanInfo> (0x00000000e99769c0) 
thrown [s\src\hotspot\share\classfile\systemDictionary.cpp, line 313]
Event: 564.878 Thread 0x0000026231098450 Exception <a 'java/lang/ClassNotFoundException'{0x00000000e998a010}: org/gradle/api/internal/tasks/DefaultSourceSetBeanInfo> (0x00000000e998a010) 
thrown [s\src\hotspot\share\classfile\systemDictionary.cpp, line 313]
Event: 564.895 Thread 0x0000026231098450 Exception <a 'java/lang/ClassNotFoundException'{0x00000000e999cd78}: org/gradle/api/internal/tasks/DefaultSourceSetCustomizer> (0x00000000e999cd78) 
thrown [s\src\hotspot\share\classfile\systemDictionary.cpp, line 313]
Event: 564.919 Thread 0x0000026231098450 Exception <a 'java/lang/ClassNotFoundException'{0x00000000e99d3290}: org/gradle/api/internal/tasks/DefaultSourceSet_DecoratedCustomizer> (0x00000000e99d3290) 
thrown [s\src\hotspot\share\classfile\systemDictionary.cpp, line 313]
Event: 565.856 Thread 0x0000026231098450 Exception <a 'java/lang/ClassNotFoundException'{0x00000000e977e6d8}: org/gradle/api/internal/file/DefaultSourceDirectorySet_DecoratedBeanInfo> (0x00000000e977e6d8) 
thrown [s\src\hotspot\share\classfile\systemDictionary.cpp, line 313]
Event: 565.870 Thread 0x0000026231098450 Exception <a 'java/lang/ClassNotFoundException'{0x00000000e978ff30}: org/gradle/api/internal/file/DefaultSourceDirectorySetBeanInfo> (0x00000000e978ff30) 
thrown [s\src\hotspot\share\classfile\systemDictionary.cpp, line 313]
Event: 565.879 Thread 0x0000026231098450 Exception <a 'java/lang/ClassNotFoundException'{0x00000000e97a1a00}: org/gradle/api/internal/file/CompositeFileTreeBeanInfo> (0x00000000e97a1a00) 
thrown [s\src\hotspot\share\classfile\systemDictionary.cpp, line 313]
Event: 565.892 Thread 0x0000026231098450 Exception <a 'java/lang/ClassNotFoundException'{0x00000000e97b3c50}: org/gradle/api/internal/file/CompositeFileCollectionBeanInfo> (0x00000000e97b3c50) 
thrown [s\src\hotspot\share\classfile\systemDictionary.cpp, line 313]
Event: 565.904 Thread 0x0000026231098450 Exception <a 'java/lang/ClassNotFoundException'{0x00000000e97c5c20}: org/gradle/api/internal/file/CompositeFileCollectionCustomizer> (0x00000000e97c5c20) 
thrown [s\src\hotspot\share\classfile\systemDictionary.cpp, line 313]
Event: 566.341 Thread 0x0000026231098450 Exception <a 'java/lang/ClassNotFoundException'{0x00000000e97dff58}: org/gradle/api/internal/file/CompositeFileTreeCustomizer> (0x00000000e97dff58) 
thrown [s\src\hotspot\share\classfile\systemDictionary.cpp, line 313]
Event: 566.592 Thread 0x0000026231098450 Exception <a 'java/lang/ClassNotFoundException'{0x00000000e9611e10}: org/gradle/api/internal/file/DefaultSourceDirectorySetCustomizer> (0x00000000e9611e10) 
thrown [s\src\hotspot\share\classfile\systemDictionary.cpp, line 313]

ZGC Phase Switch (0 events):
No events

VM Operations (20 events):
Event: 535.868 Executing safepoint VM operation: Cleanup
Event: 535.868 Executing safepoint VM operation: Cleanup done
Event: 536.875 Executing safepoint VM operation: Cleanup
Event: 536.876 Executing safepoint VM operation: Cleanup done
Event: 557.078 Executing safepoint VM operation: Cleanup
Event: 557.079 Executing safepoint VM operation: Cleanup done
Event: 558.085 Executing safepoint VM operation: Cleanup
Event: 558.101 Executing safepoint VM operation: Cleanup done
Event: 559.106 Executing safepoint VM operation: Cleanup
Event: 559.123 Executing safepoint VM operation: Cleanup done
Event: 560.132 Executing safepoint VM operation: Cleanup
Event: 560.210 Executing safepoint VM operation: Cleanup done
Event: 561.217 Executing safepoint VM operation: Cleanup
Event: 561.418 Executing safepoint VM operation: Cleanup done
Event: 564.448 Executing safepoint VM operation: Cleanup
Event: 564.464 Executing safepoint VM operation: Cleanup done
Event: 565.473 Executing safepoint VM operation: Cleanup
Event: 565.550 Executing safepoint VM operation: Cleanup done
Event: 566.559 Executing safepoint VM operation: Cleanup
Event: 566.590 Executing safepoint VM operation: Cleanup done

Memory protections (0 events):
No events

Nmethod flushes (20 events):
Event: 256.851 Thread 0x00000262152ad360 flushing  nmethod 0x00000262038e9f90
Event: 256.851 Thread 0x00000262152ad360 flushing  nmethod 0x0000026203a08b90
Event: 256.851 Thread 0x00000262152ad360 flushing  nmethod 0x0000026203a09010
Event: 256.851 Thread 0x00000262152ad360 flushing  nmethod 0x0000026203a09b10
Event: 256.851 Thread 0x00000262152ad360 flushing  nmethod 0x000002620ad84710
Event: 256.851 Thread 0x00000262152ad360 flushing  nmethod 0x000002620ae1eb90
Event: 256.851 Thread 0x00000262152ad360 flushing  nmethod 0x00000262031d2510
Event: 256.851 Thread 0x00000262152ad360 flushing  nmethod 0x0000026203252110
Event: 256.851 Thread 0x00000262152ad360 flushing  nmethod 0x0000026203257e10
Event: 256.851 Thread 0x00000262152ad360 flushing  nmethod 0x000002620325d810
Event: 256.852 Thread 0x00000262152ad360 flushing  nmethod 0x00000262032ab990
Event: 256.852 Thread 0x00000262152ad360 flushing  nmethod 0x00000262032ad110
Event: 256.852 Thread 0x00000262152ad360 flushing  nmethod 0x0000026203506d90
Event: 256.852 Thread 0x00000262152ad360 flushing  nmethod 0x000002620350bc10
Event: 256.852 Thread 0x00000262152ad360 flushing  nmethod 0x000002620366d490
Event: 256.852 Thread 0x00000262152ad360 flushing  nmethod 0x0000026203673810
Event: 256.852 Thread 0x00000262152ad360 flushing  nmethod 0x0000026203675810
Event: 256.852 Thread 0x00000262152ad360 flushing  nmethod 0x0000026203740290
Event: 256.852 Thread 0x00000262152ad360 flushing  nmethod 0x0000026203756910
Event: 256.852 Thread 0x00000262152ad360 flushing  nmethod 0x0000026203a18090

Events (20 events):
Event: 555.807 Thread 0x00000262152dd560 Thread added: 0x000002622fb7e1c0
Event: 558.444 Thread 0x000002622fb7e1c0 Thread exited: 0x000002622fb7e1c0
Event: 558.952 Thread 0x000002622ff8de00 Thread added: 0x0000026231098450
Event: 558.976 Thread 0x0000026231098450 Thread added: 0x0000026231095cf0
Event: 558.977 Thread 0x0000026231098450 Thread added: 0x0000026231097730
Event: 558.978 Thread 0x0000026231098450 Thread added: 0x0000026231099800
Event: 558.978 Thread 0x0000026231098450 Thread added: 0x0000026231097dc0
Event: 558.982 Thread 0x0000026231098450 Thread added: 0x0000026231096a10
Event: 558.984 Thread 0x0000026231098450 Thread added: 0x0000026231096380
Event: 558.985 Thread 0x0000026231098450 Thread added: 0x000002623109bf60
Event: 558.987 Thread 0x0000026231098450 Thread added: 0x000002623109b8d0
Event: 558.988 Thread 0x0000026231098450 Thread added: 0x0000026231099e90
Event: 558.988 Thread 0x0000026231098450 Thread added: 0x000002623109a520
Event: 558.988 Thread 0x0000026231098450 Thread added: 0x000002623109c5f0
Event: 558.989 Thread 0x0000026231098450 Thread added: 0x000002623109cc80
Event: 558.991 Thread 0x0000026231098450 Thread added: 0x000002623109abb0
Event: 558.991 Thread 0x0000026231098450 Thread added: 0x000002623109d310
Event: 558.991 Thread 0x0000026231098450 Thread added: 0x000002623109b240
Event: 559.078 Thread 0x0000026231098450 Thread added: 0x0000026232f05d20
Event: 563.872 Thread 0x000002622fb7b8e0 Thread exited: 0x000002622fb7b8e0


Dynamic libraries:
0x00007ff792d60000 - 0x00007ff792d6e000 	C:\Users\Anshika\.vscode\extensions\redhat.java-1.55.0-win32-x64\jre\21.0.11-win32-x86_64\bin\java.exe
0x00007ff8fd860000 - 0x00007ff8fdac6000 	C:\windows\SYSTEM32\ntdll.dll
0x00007ff8fc5b0000 - 0x00007ff8fc679000 	C:\windows\System32\KERNEL32.DLL
0x00007ff8fae30000 - 0x00007ff8fb22a000 	C:\windows\System32\KERNELBASE.dll
0x00007ff8f7760000 - 0x00007ff8f7800000 	C:\windows\SYSTEM32\apphelp.dll
0x00007ff8fb230000 - 0x00007ff8fb37c000 	C:\windows\System32\ucrtbase.dll
0x00007ff8eed10000 - 0x00007ff8eed28000 	C:\Users\Anshika\.vscode\extensions\redhat.java-1.55.0-win32-x64\jre\21.0.11-win32-x86_64\bin\jli.dll
0x00007ff8fc320000 - 0x00007ff8fc4e7000 	C:\windows\System32\USER32.dll
0x00007ff8fb5a0000 - 0x00007ff8fb5c7000 	C:\windows\System32\win32u.dll
0x00007ff8fb5d0000 - 0x00007ff8fb5fb000 	C:\windows\System32\GDI32.dll
0x00007ff8fac70000 - 0x00007ff8fad9b000 	C:\windows\System32\gdi32full.dll
0x00007ff8fb4f0000 - 0x00007ff8fb593000 	C:\windows\System32\msvcp_win.dll
0x00007ff8d7b30000 - 0x00007ff8d7b4e000 	C:\Users\Anshika\.vscode\extensions\redhat.java-1.55.0-win32-x64\jre\21.0.11-win32-x86_64\bin\VCRUNTIME140.dll
0x00007ff8df2c0000 - 0x00007ff8df552000 	C:\windows\WinSxS\amd64_microsoft.windows.common-controls_6595b64144ccf1df_6.0.26100.8521_none_3e08b75ce33403b3\COMCTL32.dll
0x00007ff8fca10000 - 0x00007ff8fcab9000 	C:\windows\System32\msvcrt.dll
0x00007ff8fb600000 - 0x00007ff8fb632000 	C:\windows\System32\IMM32.DLL
0x00007ff8eeeb0000 - 0x00007ff8eeebc000 	C:\Users\Anshika\.vscode\extensions\redhat.java-1.55.0-win32-x64\jre\21.0.11-win32-x86_64\bin\vcruntime140_1.dll
0x00007ff820ff0000 - 0x00007ff82107d000 	C:\Users\Anshika\.vscode\extensions\redhat.java-1.55.0-win32-x64\jre\21.0.11-win32-x86_64\bin\msvcp140.dll
0x00007fffdb6a0000 - 0x00007fffdc442000 	C:\Users\Anshika\.vscode\extensions\redhat.java-1.55.0-win32-x64\jre\21.0.11-win32-x86_64\bin\server\jvm.dll
0x00007ff8fb810000 - 0x00007ff8fb8c6000 	C:\windows\System32\ADVAPI32.dll
0x00007ff8fc680000 - 0x00007ff8fc72a000 	C:\windows\System32\sechost.dll
0x00007ff8fb6f0000 - 0x00007ff8fb808000 	C:\windows\System32\RPCRT4.dll
0x00007ff8fb660000 - 0x00007ff8fb6e0000 	C:\windows\System32\WS2_32.dll
0x00007ff8fa950000 - 0x00007ff8fa9ae000 	C:\windows\SYSTEM32\POWRPROF.dll
0x00007ff8ef1c0000 - 0x00007ff8ef1f6000 	C:\windows\SYSTEM32\WINMM.dll
0x00007ff8ed210000 - 0x00007ff8ed21b000 	C:\windows\SYSTEM32\VERSION.dll
0x00007ff8fa930000 - 0x00007ff8fa944000 	C:\windows\SYSTEM32\UMPDC.dll
0x00007ff8f9880000 - 0x00007ff8f989b000 	C:\windows\SYSTEM32\kernel.appcore.dll
0x00007ff8eeba0000 - 0x00007ff8eebaa000 	C:\Users\Anshika\.vscode\extensions\redhat.java-1.55.0-win32-x64\jre\21.0.11-win32-x86_64\bin\jimage.dll
0x00007ff8ec120000 - 0x00007ff8ec362000 	C:\windows\SYSTEM32\DBGHELP.DLL
0x00007ff8fb8d0000 - 0x00007ff8fbc53000 	C:\windows\System32\combase.dll
0x00007ff8fc100000 - 0x00007ff8fc1d9000 	C:\windows\System32\OLEAUT32.dll
0x00007ff8db1d0000 - 0x00007ff8db20b000 	C:\windows\SYSTEM32\dbgcore.DLL
0x00007ff8fb440000 - 0x00007ff8fb4e8000 	C:\windows\System32\bcryptPrimitives.dll
0x00007ff8d7c90000 - 0x00007ff8d7c9f000 	C:\Users\Anshika\.vscode\extensions\redhat.java-1.55.0-win32-x64\jre\21.0.11-win32-x86_64\bin\instrument.dll
0x00007ff8d7870000 - 0x00007ff8d7890000 	C:\Users\Anshika\.vscode\extensions\redhat.java-1.55.0-win32-x64\jre\21.0.11-win32-x86_64\bin\java.dll
0x00007ff8fcdd0000 - 0x00007ff8fd554000 	C:\windows\System32\SHELL32.dll
0x00007ff8f8690000 - 0x00007ff8f8f10000 	C:\windows\SYSTEM32\windows.storage.dll
0x00007ff8fccd0000 - 0x00007ff8fcdc6000 	C:\windows\System32\SHCORE.dll
0x00007ff8fc1e0000 - 0x00007ff8fc247000 	C:\windows\System32\shlwapi.dll
0x00007ff8faa10000 - 0x00007ff8faa39000 	C:\windows\SYSTEM32\profapi.dll
0x00007ff8d7850000 - 0x00007ff8d7868000 	C:\Users\Anshika\.vscode\extensions\redhat.java-1.55.0-win32-x64\jre\21.0.11-win32-x86_64\bin\zip.dll
0x00007ff8d7b20000 - 0x00007ff8d7b30000 	C:\Users\Anshika\.vscode\extensions\redhat.java-1.55.0-win32-x64\jre\21.0.11-win32-x86_64\bin\net.dll
0x00007ff8f3390000 - 0x00007ff8f34b9000 	C:\windows\SYSTEM32\WINHTTP.dll
0x00007ff8f9df0000 - 0x00007ff8f9e5c000 	C:\windows\system32\mswsock.dll
0x00007ff8d6560000 - 0x00007ff8d6576000 	C:\Users\Anshika\.vscode\extensions\redhat.java-1.55.0-win32-x64\jre\21.0.11-win32-x86_64\bin\nio.dll
0x00007ff8d7840000 - 0x00007ff8d7850000 	C:\Users\Anshika\.vscode\extensions\redhat.java-1.55.0-win32-x64\jre\21.0.11-win32-x86_64\bin\verify.dll
0x00007ff88d730000 - 0x00007ff88d757000 	C:\Users\Anshika\.gradle\native\c067742578af261105cb4f569cf0c3c89f3d7b1fecec35dd04571415982c5e48\windows-amd64\native-platform.dll
0x00007ffff76c0000 - 0x00007ffff7804000 	C:\Users\Anshika\.gradle\native\100fb08df4bc3b14c8652ba06237920a3bd2aa13389f12d3474272988ae205f9\windows-amd64\native-platform-file-events.dll
0x00007ff8d5790000 - 0x00007ff8d579a000 	C:\Users\Anshika\.vscode\extensions\redhat.java-1.55.0-win32-x64\jre\21.0.11-win32-x86_64\bin\management.dll
0x00007ff8d5780000 - 0x00007ff8d578c000 	C:\Users\Anshika\.vscode\extensions\redhat.java-1.55.0-win32-x64\jre\21.0.11-win32-x86_64\bin\management_ext.dll
0x00007ff8fcc60000 - 0x00007ff8fcc68000 	C:\windows\System32\PSAPI.DLL
0x00007ff8fa0e0000 - 0x00007ff8fa0fb000 	C:\windows\SYSTEM32\CRYPTSP.dll
0x00007ff8f97e0000 - 0x00007ff8f9819000 	C:\windows\system32\rsaenh.dll
0x00007ff8f9ea0000 - 0x00007ff8f9ed3000 	C:\windows\SYSTEM32\USERENV.dll
0x00007ff8fa9e0000 - 0x00007ff8faa0a000 	C:\windows\SYSTEM32\bcrypt.dll
0x00007ff8fa0d0000 - 0x00007ff8fa0dc000 	C:\windows\SYSTEM32\CRYPTBASE.dll
0x00007ff8f92a0000 - 0x00007ff8f92d3000 	C:\windows\SYSTEM32\IPHLPAPI.DLL
0x00007ff8fbc60000 - 0x00007ff8fbc6a000 	C:\windows\System32\NSI.dll
0x00007ff8d3a20000 - 0x00007ff8d3a29000 	C:\Users\Anshika\.vscode\extensions\redhat.java-1.55.0-win32-x64\jre\21.0.11-win32-x86_64\bin\extnet.dll
0x00007ff8d5420000 - 0x00007ff8d542e000 	C:\Users\Anshika\.vscode\extensions\redhat.java-1.55.0-win32-x64\jre\21.0.11-win32-x86_64\bin\sunmscapi.dll
0x00007ff8faaf0000 - 0x00007ff8fac68000 	C:\windows\System32\CRYPT32.dll
0x00007ff8fa2f0000 - 0x00007ff8fa320000 	C:\windows\SYSTEM32\ncrypt.dll
0x00007ff8fa2a0000 - 0x00007ff8fa2df000 	C:\windows\SYSTEM32\NTASN1.dll
0x00007ff8bdb00000 - 0x00007ff8bdb08000 	C:\windows\system32\wshunix.dll

JVMTI agents:
C:\Users\Anshika\.gradle\wrapper\dists\gradle-8.9-bin\90cnw93cvbtalezasaz0blq0a\gradle-8.9\lib\agents\gradle-instrumentation-agent-8.9.jar path:C:\Users\Anshika\.vscode\extensions\redhat.java-1.55.0-win32-x64\jre\21.0.11-win32-x86_64\bin\instrument.dll, loaded, initialized, instrumentlib options:none

dbghelp: loaded successfully - version: 4.0.5 - missing functions: none
symbol engine: initialized successfully - sym options: 0x614 - pdb path: .;C:\Users\Anshika\.vscode\extensions\redhat.java-1.55.0-win32-x64\jre\21.0.11-win32-x86_64\bin;C:\windows\SYSTEM32;C:\windows\WinSxS\amd64_microsoft.windows.common-controls_6595b64144ccf1df_6.0.26100.8521_none_3e08b75ce33403b3;C:\Users\Anshika\.vscode\extensions\redhat.java-1.55.0-win32-x64\jre\21.0.11-win32-x86_64\bin\server;C:\Users\Anshika\.gradle\native\c067742578af261105cb4f569cf0c3c89f3d7b1fecec35dd04571415982c5e48\windows-amd64;C:\Users\Anshika\.gradle\native\100fb08df4bc3b14c8652ba06237920a3bd2aa13389f12d3474272988ae205f9\windows-amd64

VM Arguments:
jvm_args: --add-opens=java.base/java.util=ALL-UNNAMED --add-opens=java.base/java.lang=ALL-UNNAMED --add-opens=java.base/java.lang.invoke=ALL-UNNAMED --add-opens=java.prefs/java.util.prefs=ALL-UNNAMED --add-exports=jdk.compiler/com.sun.tools.javac.api=ALL-UNNAMED --add-exports=jdk.compiler/com.sun.tools.javac.util=ALL-UNNAMED --add-opens=java.base/java.nio.charset=ALL-UNNAMED --add-opens=java.base/java.net=ALL-UNNAMED --add-opens=java.base/java.util.concurrent.atomic=ALL-UNNAMED -XX:MaxMetaspaceSize=384m -XX:+HeapDumpOnOutOfMemoryError -Xms256m -Xmx512m -Dfile.encoding=utf8 -Duser.country=IN -Duser.language=en -Duser.variant -javaagent:C:\Users\Anshika\.gradle\wrapper\dists\gradle-8.9-bin\90cnw93cvbtalezasaz0blq0a\gradle-8.9\lib\agents\gradle-instrumentation-agent-8.9.jar 
java_command: org.gradle.launcher.daemon.bootstrap.GradleDaemon 8.9
java_class_path (initial): C:\Users\Anshika\.gradle\wrapper\dists\gradle-8.9-bin\90cnw93cvbtalezasaz0blq0a\gradle-8.9\lib\gradle-daemon-main-8.9.jar
Launcher Type: SUN_STANDARD

[Global flags]
     intx CICompilerCount                          = 12                                        {product} {ergonomic}
   size_t CompressedClassSpaceSize                 = 335544320                                 {product} {ergonomic}
     uint ConcGCThreads                            = 3                                         {product} {ergonomic}
     uint G1ConcRefinementThreads                  = 13                                        {product} {ergonomic}
   size_t G1HeapRegionSize                         = 1048576                                   {product} {ergonomic}
    uintx GCDrainStackTargetSize                   = 64                                        {product} {ergonomic}
     bool HeapDumpOnOutOfMemoryError               = true                                   {manageable} {command line}
   size_t InitialHeapSize                          = 268435456                                 {product} {command line}
   size_t MarkStackSize                            = 4194304                                   {product} {ergonomic}
   size_t MaxHeapSize                              = 536870912                                 {product} {command line}
   size_t MaxMetaspaceSize                         = 402653184                                 {product} {command line}
   size_t MaxNewSize                               = 321912832                                 {product} {ergonomic}
   size_t MinHeapDeltaBytes                        = 1048576                                   {product} {ergonomic}
   size_t MinHeapSize                              = 268435456                                 {product} {command line}
    uintx NonNMethodCodeHeapSize                   = 7602480                                {pd product} {ergonomic}
    uintx NonProfiledCodeHeapSize                  = 122027880                              {pd product} {ergonomic}
    uintx ProfiledCodeHeapSize                     = 122027880                              {pd product} {ergonomic}
    uintx ReservedCodeCacheSize                    = 251658240                              {pd product} {ergonomic}
     bool SegmentedCodeCache                       = true                                      {product} {ergonomic}
   size_t SoftMaxHeapSize                          = 536870912                              {manageable} {ergonomic}
     bool UseCompressedOops                        = true                           {product lp64_product} {ergonomic}
     bool UseG1GC                                  = true                                      {product} {ergonomic}
     bool UseLargePagesIndividualAllocation        = false                                  {pd product} {ergonomic}

Logging:
Log output configuration:
 #0: stdout all=warning uptime,level,tags foldmultilines=false
 #1: stderr all=off uptime,level,tags foldmultilines=false

Release file:
JAVA_VERSION="21.0.11" 
MODULES="java.base java.compiler java.datatransfer java.xml java.prefs java.desktop java.instrument java.logging java.management java.security.sasl java.naming java.rmi java.management.rmi java.net.http java.scripting java.security.jgss java.transaction.xa java.sql java.sql.rowset java.xml.crypto java.se java.smartcardio jdk.accessibility jdk.internal.jvmstat jdk.attach jdk.charsets jdk.internal.opt jdk.zipfs jdk.compiler jdk.crypto.ec jdk.crypto.cryptoki jdk.crypto.mscapi jdk.dynalink jdk.internal.ed jdk.editpad jdk.hotspot.agent jdk.httpserver jdk.internal.le jdk.internal.vm.ci jdk.internal.vm.compiler jdk.internal.vm.compiler.management jdk.jartool jdk.javadoc jdk.jcmd jdk.management jdk.management.agent jdk.jconsole jdk.jdeps jdk.jdwp.agent jdk.jdi jdk.jfr jdk.jshell jdk.jsobject jdk.jstatd jdk.localedata jdk.management.jfr jdk.naming.dns jdk.naming.rmi jdk.net jdk.nio.mapmode jdk.random jdk.sctp jdk.security.auth jdk.security.jgss jdk.unsupported jdk.unsupported.desktop jdk.xml.dom" 

Environment Variables:
JAVA_HOME=C:\Program Files\Android\Android Studio\jbr

PATH=C:\Program Files\Microsoft SDKs\Azure\CLI2\wbin;C:\Program Files\Common Files\Oracle\Java\javapath;C:\Program Files\Python313\Scripts\;C:\Program Files\Python313\;C:\windows\system32;C:\windows;C:\windows\System32\Wbem;C:\windows\System32\WindowsPowerShell\v1.0\;C:\windows\System32\OpenSSH\;C:\Program Files (x86)\NVIDIA Corporation\PhysX\Common;C:\Program Files\NVIDIA Corporation\NVIDIA NvDLISR;C:\Users\Administrator\AppData\Local\Microsoft\WindowsApps;C:\Program Files\HP\OMEN-Broadcast\Common;C:\Program Files\Java\jdk-24\bin;C:\ffmpeg\bin;C:\Program Files (x86)\QuickTime\QTSystem\;C:\Program Files\dotnet\;C:\Program Files\PuTTY\;C:\Program Files\Git\cmd;C:\Program Files\Git\bin;C:\Program Files\Git\cmd;C:\Users\Anshika\Downloads\apache-maven-3.9.14-bin\apache-maven-3.9.14\bin;C:\Users\Anshika\AppData\Roaming\Python\Python313\Scripts;C:\Users\Anshika\Downloads\terraform_1.14.7_windows_386;C:\Users\Anshika\Downloads\terraform_1.14.7_windows_386\terraform.exe;C:\Program Files\Docker\Docker\resources\bin;C:\Program Files\eSpeak NG;C:\Program Files\eSpeak NG\bin;C:\Program Files\nodejs\;C:\Users\Anshika\AppData\Local\agy\bin;C:\Users\Anshika\Downloads\Piper\piper1-gpl-main\.venv\Scripts;c:\Users\Anshika\AppData\Roaming\Code\User\globalStorage\github.copilot-chat\debugCommand;c:\Users\Anshika\AppData\Roaming\Code\User\globalStorage\github.copilot-chat\copilotCli;C:\Users\Anshika\AppData\Local\Programs\Microsoft VS Code;C:\Program Files\Microsoft SDKs\Azure\CLI2\wbin;C:\Program Files\Common Files\Oracle\Java\javapath;C:\Program Files\Python313\Scripts\;C:\Program Files\Python313\;C:\windows\system32;C:\windows;C:\windows\System32\Wbem;C:\windows\System32\WindowsPowerShell\v1.0\;C:\windows\System32\OpenSSH\;C:\Program Files (x86)\NVIDIA Corporation\PhysX\Common;C:\Program Files\NVIDIA Corporation\NVIDIA NvDLISR;C:\Users\Administrator\AppData\Local\Microsoft\WindowsApps;C:\Program Files\HP\OMEN-Broadcast\Common;C:\Program Files\HP\HP One Agent;C:\Program Files\Java\jdk-24\bin;C:\ffmpeg\bin;C:\Program Files (x86)\QuickTime\QTSystem\;C:\Program Files\dotnet\;C:\Program Files\PuTTY\;C:\Program Files\Git\cmd;C:\Program Files\Git\bin;C:\P;C:\Users\Anshika\AppData\Local\Programs\Antigravity\bin;C:\Users\Anshika\AppData\Local\Programs\Microsoft VS Code\bin;C:\Users\Anshika\AppData\Local\Programs\Antigravity IDE\bin;C:\Users\Anshika\AppData\Roaming\npm;C:\Users\Anshika\AppData\Local\Programs\cursor\resources\app\bin
USERNAME=Anshika
OS=Windows_NT
PROCESSOR_IDENTIFIER=AMD64 Family 25 Model 116 Stepping 1, AuthenticAMD
TMP=C:\Users\Anshika\AppData\Local\Temp
TEMP=C:\Users\Anshika\AppData\Local\Temp




Periodic native trim disabled

---------------  S Y S T E M  ---------------

OS:
 Windows 11 , 64 bit Build 26100 (10.0.26100.8521)
OS uptime: 2 days 8:48 hours
Hyper-V role detected

CPU: total 16 (initial active 16) (16 cores per cpu, 2 threads per core) family 25 model 116 stepping 1 microcode 0xa704109, cx8, cmov, fxsr, ht, mmx, 3dnowpref, sse, sse2, sse3, ssse3, sse4a, sse4.1, sse4.2, popcnt, lzcnt, tsc, tscinvbit, avx, avx2, aes, erms, clmul, bmi1, bmi2, adx, avx512f, avx512dq, avx512cd, avx512bw, avx512vl, sha, fma, vzeroupper, avx512_vpopcntdq, avx512_vpclmulqdq, avx512_vaes, avx512_vnni, clflush, clflushopt, avx512_vbmi2, avx512_vbmi, hv, rdtscp, rdpid, fsrm, gfni, avx512_bitalg, f16c, cet_ss, avx512_ifma
Processor Information for the first 16 processors :
  Max Mhz: 3801, Current Mhz: 2516, Mhz Limit: 3801

Memory: 4k page, system-wide physical 15654M (133M free)
TotalPageFile size 56315M (AvailPageFile size 26M)
current process WorkingSet (physical memory assigned to process): 118M, peak: 292M
current process commit charge ("private bytes"): 555M, peak: 558M

vm_info: OpenJDK 64-Bit Server VM (21.0.11+10-LTS) for windows-amd64 JRE (21.0.11+10-LTS), built on 2026-04-21T00:00:00Z by "admin" with MS VC++ 17.12 (VS2022)

END.
